/*******************************************************************************
 * Size: 32 px
 * Bpp: 4
 * Opts: --bpp 4 --size 32 --font /tmp/fonts/extras/ttf/Inter-SemiBold.ttf -r 0x20-0x7F --format lvgl --no-compress -o inter_32.c
 ******************************************************************************/

#include "lvgl.h"

#ifndef INTER_32
#define INTER_32 1
#endif

#if INTER_32

/*-----------------
 *    BITMAPS
 *----------------*/

/*Store the image of the glyphs*/
static LV_ATTRIBUTE_LARGE_CONST const uint8_t glyph_bitmap[] = {
    /* U+0020 " " */

    /* U+0021 "!" */
    0x1f, 0xff, 0xf5, 0xf, 0xff, 0xf5, 0xf, 0xff,
    0xf4, 0xf, 0xff, 0xf4, 0xf, 0xff, 0xf4, 0xf,
    0xff, 0xf3, 0xf, 0xff, 0xf3, 0xf, 0xff, 0xf3,
    0xe, 0xff, 0xf2, 0xe, 0xff, 0xf2, 0xe, 0xff,
    0xf2, 0xe, 0xff, 0xf2, 0xd, 0xff, 0xf1, 0xd,
    0xff, 0xf1, 0xd, 0xff, 0xf1, 0xc, 0xff, 0xf0,
    0x1, 0x22, 0x20, 0x0, 0x0, 0x0, 0x0, 0x0,
    0x0, 0x6, 0xee, 0x90, 0x2f, 0xff, 0xf7, 0x5f,
    0xff, 0xfa, 0x2f, 0xff, 0xf7, 0x6, 0xee, 0x90,

    /* U+0022 "\"" */
    0xcf, 0xff, 0x30, 0x7f, 0xff, 0x8b, 0xff, 0xf2,
    0x6, 0xff, 0xf7, 0xbf, 0xff, 0x10, 0x6f, 0xff,
    0x6a, 0xff, 0xf1, 0x5, 0xff, 0xf6, 0x9f, 0xff,
    0x0, 0x4f, 0xff, 0x58, 0xff, 0xf0, 0x3, 0xff,
    0xf4, 0x8f, 0xfe, 0x0, 0x3f, 0xff, 0x37, 0xff,
    0xe0, 0x2, 0xff, 0xf3, 0x6f, 0xfd, 0x0, 0x1f,
    0xff, 0x23, 0x99, 0x70, 0x0, 0x99, 0x91,

    /* U+0023 "#" */
    0x0, 0x0, 0x0, 0x8f, 0xf9, 0x0, 0x0, 0x5f,
    0xfc, 0x0, 0x0, 0x0, 0x0, 0xb, 0xff, 0x70,
    0x0, 0x8, 0xff, 0xa0, 0x0, 0x0, 0x0, 0x0,
    0xef, 0xf4, 0x0, 0x0, 0xbf, 0xf7, 0x0, 0x0,
    0x0, 0x0, 0xf, 0xff, 0x10, 0x0, 0xd, 0xff,
    0x40, 0x0, 0x0, 0x0, 0x3, 0xff, 0xf0, 0x0,
    0x0, 0xff, 0xf2, 0x0, 0x0, 0x0, 0x0, 0x5f,
    0xfc, 0x0, 0x0, 0x2f, 0xff, 0x0, 0x0, 0x0,
    0xcf, 0xff, 0xff, 0xff, 0xff, 0xff, 0xff, 0xff,
    0xff, 0x10, 0xf, 0xff, 0xff, 0xff, 0xff, 0xff,
    0xff, 0xff, 0xff, 0xe0, 0x1, 0xff, 0xff, 0xff,
    0xff, 0xff, 0xff, 0xff, 0xff, 0xfc, 0x0, 0x3,
    0x34, 0xff, 0xf5, 0x33, 0x33, 0xef, 0xf7, 0x33,
    0x20, 0x0, 0x0, 0x2f, 0xff, 0x0, 0x0, 0xf,
    0xff, 0x20, 0x0, 0x0, 0x0, 0x4, 0xff, 0xd0,
    0x0, 0x1, 0xff, 0xf0, 0x0, 0x0, 0x0, 0x0,
    0x7f, 0xfb, 0x0, 0x0, 0x4f, 0xfe, 0x0, 0x0,
    0x0, 0x0, 0x9, 0xff, 0x90, 0x0, 0x6, 0xff,
    0xb0, 0x0, 0x0, 0x3, 0x33, 0xcf, 0xf8, 0x33,
    0x33, 0xaf, 0xfb, 0x33, 0x20, 0x2, 0xff, 0xff,
    0xff, 0xff, 0xff, 0xff, 0xff, 0xff, 0xfb, 0x0,
    0x5f, 0xff, 0xff, 0xff, 0xff, 0xff, 0xff, 0xff,
    0xff, 0x80, 0x8, 0xff, 0xff, 0xff, 0xff, 0xff,
    0xff, 0xff, 0xff, 0xf6, 0x0, 0x0, 0x6, 0xff,
    0xc0, 0x0, 0x3, 0xff, 0xf0, 0x0, 0x0, 0x0,
    0x0, 0x8f, 0xf9, 0x0, 0x0, 0x6f, 0xfc, 0x0,
    0x0, 0x0, 0x0, 0xb, 0xff, 0x70, 0x0, 0x8,
    0xff, 0xa0, 0x0, 0x0, 0x0, 0x0, 0xef, 0xf4,
    0x0, 0x0, 0xbf, 0xf7, 0x0, 0x0, 0x0, 0x0,
    0xf, 0xff, 0x10, 0x0, 0xd, 0xff, 0x40, 0x0,
    0x0, 0x0, 0x3, 0xff, 0xf0, 0x0, 0x0, 0xff,
    0xf2, 0x0, 0x0, 0x0,

    /* U+0024 "$" */
    0x0, 0x0, 0x0, 0x0, 0x14, 0x10, 0x0, 0x0,
    0x0, 0x0, 0x0, 0x0, 0x0, 0x7, 0xf7, 0x0,
    0x0, 0x0, 0x0, 0x0, 0x0, 0x0, 0x0, 0x7f,
    0x70, 0x0, 0x0, 0x0, 0x0, 0x0, 0x0, 0x0,
    0x7, 0xf7, 0x0, 0x0, 0x0, 0x0, 0x0, 0x0,
    0x4, 0xad, 0xff, 0xfe, 0xb6, 0x0, 0x0, 0x0,
    0x0, 0x2c, 0xff, 0xff, 0xff, 0xff, 0xfe, 0x40,
    0x0, 0x0, 0x2f, 0xff, 0xff, 0xff, 0xff, 0xff,
    0xff, 0x50, 0x0, 0xe, 0xff, 0xff, 0xdc, 0xfc,
    0xcf, 0xff, 0xff, 0x10, 0x6, 0xff, 0xff, 0x60,
    0x7f, 0x70, 0x4f, 0xff, 0xf8, 0x0, 0xbf, 0xff,
    0x90, 0x7, 0xf7, 0x0, 0x6f, 0xff, 0xd0, 0xd,
    0xff, 0xf6, 0x0, 0x7f, 0x70, 0x1, 0xaa, 0xaa,
    0x0, 0xdf, 0xff, 0x80, 0x7, 0xf7, 0x0, 0x0,
    0x0, 0x0, 0xa, 0xff, 0xff, 0x50, 0x7f, 0x70,
    0x0, 0x0, 0x0, 0x0, 0x4f, 0xff, 0xff, 0xcb,
    0xf7, 0x0, 0x0, 0x0, 0x0, 0x0, 0x9f, 0xff,
    0xff, 0xff, 0xe9, 0x40, 0x0, 0x0, 0x0, 0x0,
    0x7f, 0xff, 0xff, 0xff, 0xff, 0xe7, 0x0, 0x0,
    0x0, 0x0, 0x18, 0xef, 0xff, 0xff, 0xff, 0xfd,
    0x20, 0x0, 0x0, 0x0, 0x0, 0x3a, 0xff, 0xff,
    0xff, 0xfe, 0x20, 0x0, 0x0, 0x0, 0x0, 0x7f,
    0x75, 0xcf, 0xff, 0xfa, 0x0, 0x0, 0x0, 0x0,
    0x7, 0xf7, 0x0, 0x8f, 0xff, 0xf1, 0x12, 0x22,
    0x10, 0x0, 0x7f, 0x70, 0x0, 0xef, 0xff, 0x37,
    0xff, 0xfc, 0x0, 0x7, 0xf7, 0x0, 0xe, 0xff,
    0xf4, 0x4f, 0xff, 0xf2, 0x0, 0x7f, 0x70, 0x3,
    0xff, 0xff, 0x30, 0xff, 0xff, 0xd3, 0x7, 0xf7,
    0x3, 0xef, 0xff, 0xe0, 0x8, 0xff, 0xff, 0xfc,
    0xcf, 0xcc, 0xff, 0xff, 0xf7, 0x0, 0xb, 0xff,
    0xff, 0xff, 0xff, 0xff, 0xff, 0xfb, 0x0, 0x0,
    0x9, 0xff, 0xff, 0xff, 0xff, 0xff, 0xfa, 0x0,
    0x0, 0x0, 0x2, 0x9c, 0xef, 0xff, 0xed, 0x93,
    0x0, 0x0, 0x0, 0x0, 0x0, 0x0, 0x7f, 0x70,
    0x0, 0x0, 0x0, 0x0, 0x0, 0x0, 0x0, 0x7,
    0xf7, 0x0, 0x0, 0x0, 0x0, 0x0, 0x0, 0x0,
    0x0, 0x7f, 0x70, 0x0, 0x0, 0x0, 0x0,

    /* U+0025 "%" */
    0x0, 0x5c, 0xef, 0xc6, 0x0, 0x0, 0x0, 0x0,
    0x0, 0xd, 0xff, 0x30, 0x0, 0x9, 0xff, 0xff,
    0xff, 0xa0, 0x0, 0x0, 0x0, 0x0, 0x8f, 0xf8,
    0x0, 0x0, 0x4f, 0xff, 0xbb, 0xff, 0xf5, 0x0,
    0x0, 0x0, 0x3, 0xff, 0xd0, 0x0, 0x0, 0xaf,
    0xf8, 0x0, 0x6f, 0xfb, 0x0, 0x0, 0x0, 0xd,
    0xff, 0x30, 0x0, 0x0, 0xdf, 0xf2, 0x0, 0x1f,
    0xfe, 0x0, 0x0, 0x0, 0x8f, 0xf8, 0x0, 0x0,
    0x0, 0xef, 0xf1, 0x0, 0xf, 0xff, 0x0, 0x0,
    0x3, 0xff, 0xd0, 0x0, 0x0, 0x0, 0xdf, 0xf2,
    0x0, 0x1f, 0xfe, 0x0, 0x0, 0xd, 0xff, 0x30,
    0x0, 0x0, 0x0, 0xaf, 0xf8, 0x0, 0x6f, 0xfb,
    0x0, 0x0, 0x8f, 0xf8, 0x0, 0x0, 0x0, 0x0,
    0x4f, 0xff, 0xbb, 0xff, 0xf5, 0x0, 0x3, 0xff,
    0xd0, 0x0, 0x0, 0x0, 0x0, 0x9, 0xff, 0xff,
    0xff, 0xa0, 0x0, 0xd, 0xff, 0x30, 0x0, 0x0,
    0x0, 0x0, 0x0, 0x5c, 0xff, 0xc6, 0x0, 0x0,
    0x8f, 0xf8, 0x0, 0x0, 0x0, 0x0, 0x0, 0x0,
    0x0, 0x0, 0x0, 0x0, 0x3, 0xff, 0xd0, 0x0,
    0x0, 0x0, 0x0, 0x0, 0x0, 0x0, 0x0, 0x0,
    0x0, 0xd, 0xff, 0x30, 0x0, 0x5, 0x89, 0x61,
    0x0, 0x0, 0x0, 0x0, 0x0, 0x0, 0x8f, 0xf8,
    0x0, 0x2, 0xdf, 0xff, 0xff, 0x40, 0x0, 0x0,
    0x0, 0x0, 0x3, 0xff, 0xd0, 0x0, 0xd, 0xff,
    0xff, 0xff, 0xf2, 0x0, 0x0, 0x0, 0x0, 0xd,
    0xff, 0x30, 0x0, 0x6f, 0xfd, 0x21, 0xaf, 0xf9,
    0x0, 0x0, 0x0, 0x0, 0x8f, 0xf8, 0x0, 0x0,
    0xbf, 0xf5, 0x0, 0x2f, 0xfe, 0x0, 0x0, 0x0,
    0x3, 0xff, 0xd0, 0x0, 0x0, 0xcf, 0xf2, 0x0,
    0xf, 0xff, 0x0, 0x0, 0x0, 0xd, 0xff, 0x30,
    0x0, 0x0, 0xcf, 0xf2, 0x0, 0xf, 0xff, 0x0,
    0x0, 0x0, 0x8f, 0xf8, 0x0, 0x0, 0x0, 0xbf,
    0xf3, 0x0, 0xf, 0xfe, 0x0, 0x0, 0x3, 0xff,
    0xd0, 0x0, 0x0, 0x0, 0x8f, 0xf9, 0x0, 0x6f,
    0xfb, 0x0, 0x0, 0xd, 0xff, 0x30, 0x0, 0x0,
    0x0, 0x2f, 0xff, 0xcb, 0xff, 0xf5, 0x0, 0x0,
    0x8f, 0xf8, 0x0, 0x0, 0x0, 0x0, 0x7, 0xff,
    0xff, 0xff, 0xa0, 0x0, 0x3, 0xff, 0xd0, 0x0,
    0x0, 0x0, 0x0, 0x0, 0x4b, 0xef, 0xc6, 0x0,

    /* U+0026 "&" */
    0x0, 0x0, 0x4, 0xbe, 0xfe, 0xa4, 0x0, 0x0,
    0x0, 0x0, 0x0, 0x0, 0xaf, 0xff, 0xff, 0xff,
    0x90, 0x0, 0x0, 0x0, 0x0, 0x9, 0xff, 0xff,
    0xff, 0xff, 0xf7, 0x0, 0x0, 0x0, 0x0, 0x2f,
    0xff, 0xf9, 0x69, 0xff, 0xfe, 0x0, 0x0, 0x0,
    0x0, 0x7f, 0xff, 0x60, 0x0, 0x7f, 0xff, 0x40,
    0x0, 0x0, 0x0, 0x9f, 0xff, 0x10, 0x0, 0x2f,
    0xff, 0x50, 0x0, 0x0, 0x0, 0x8f, 0xff, 0x10,
    0x0, 0x5f, 0xff, 0x30, 0x0, 0x0, 0x0, 0x6f,
    0xff, 0x70, 0x2, 0xdf, 0xfe, 0x0, 0x0, 0x0,
    0x0, 0x1f, 0xff, 0xf2, 0x3e, 0xff, 0xf7, 0x0,
    0x0, 0x0, 0x0, 0x8, 0xff, 0xfe, 0xff, 0xff,
    0xa0, 0x0, 0x0, 0x0, 0x0, 0x0, 0xdf, 0xff,
    0xff, 0xf9, 0x0, 0x0, 0x0, 0x0, 0x0, 0x0,
    0x8f, 0xff, 0xff, 0x50, 0x0, 0x0, 0x0, 0x0,
    0x0, 0xa, 0xff, 0xff, 0xff, 0x40, 0x0, 0x1,
    0x22, 0x10, 0x0, 0xcf, 0xff, 0xff, 0xff, 0xf3,
    0x0, 0xf, 0xff, 0x80, 0xa, 0xff, 0xfe, 0x48,
    0xff, 0xfe, 0x20, 0x2f, 0xff, 0x70, 0x2f, 0xff,
    0xf3, 0x0, 0xaf, 0xff, 0xd1, 0x6f, 0xff, 0x40,
    0x7f, 0xff, 0x90, 0x0, 0xb, 0xff, 0xfc, 0xcf,
    0xff, 0x10, 0x9f, 0xff, 0x60, 0x0, 0x0, 0xdf,
    0xff, 0xff, 0xfb, 0x0, 0x7f, 0xff, 0x90, 0x0,
    0x0, 0x1e, 0xff, 0xff, 0xf4, 0x0, 0x4f, 0xff,
    0xf3, 0x0, 0x0, 0x8, 0xff, 0xff, 0xb0, 0x0,
    0xd, 0xff, 0xff, 0xa7, 0x68, 0xef, 0xff, 0xff,
    0xf3, 0x0, 0x2, 0xff, 0xff, 0xff, 0xff, 0xff,
    0xff, 0xff, 0xfe, 0x10, 0x0, 0x3d, 0xff, 0xff,
    0xff, 0xff, 0xf6, 0xaf, 0xff, 0xc0, 0x0, 0x0,
    0x5a, 0xdf, 0xfe, 0xb6, 0x0, 0xd, 0xff, 0xf8,

    /* U+0027 "'" */
    0xcf, 0xff, 0x3b, 0xff, 0xf2, 0xbf, 0xff, 0x1a,
    0xff, 0xf1, 0x9f, 0xff, 0x8, 0xff, 0xf0, 0x8f,
    0xfe, 0x7, 0xff, 0xe0, 0x6f, 0xfd, 0x3, 0x99,
    0x70,

    /* U+0028 "(" */
    0x0, 0x0, 0x29, 0x99, 0x50, 0x0, 0xa, 0xff,
    0xf4, 0x0, 0x2, 0xff, 0xfd, 0x0, 0x0, 0x9f,
    0xff, 0x70, 0x0, 0xe, 0xff, 0xf2, 0x0, 0x5,
    0xff, 0xfc, 0x0, 0x0, 0x9f, 0xff, 0x70, 0x0,
    0xe, 0xff, 0xf3, 0x0, 0x2, 0xff, 0xff, 0x0,
    0x0, 0x5f, 0xff, 0xc0, 0x0, 0x9, 0xff, 0xf8,
    0x0, 0x0, 0xbf, 0xff, 0x60, 0x0, 0xd, 0xff,
    0xf4, 0x0, 0x0, 0xff, 0xff, 0x20, 0x0, 0xf,
    0xff, 0xf1, 0x0, 0x1, 0xff, 0xff, 0x0, 0x0,
    0x1f, 0xff, 0xf0, 0x0, 0x0, 0xff, 0xff, 0x10,
    0x0, 0xf, 0xff, 0xf3, 0x0, 0x0, 0xdf, 0xff,
    0x50, 0x0, 0xa, 0xff, 0xf7, 0x0, 0x0, 0x7f,
    0xff, 0xb0, 0x0, 0x3, 0xff, 0xff, 0x0, 0x0,
    0xe, 0xff, 0xf4, 0x0, 0x0, 0x8f, 0xff, 0x80,
    0x0, 0x3, 0xff, 0xfe, 0x0, 0x0, 0xd, 0xff,
    0xf4, 0x0, 0x0, 0x5f, 0xff, 0xa0, 0x0, 0x0,
    0xdf, 0xff, 0x10, 0x0, 0x5, 0xff, 0xf8,

    /* U+0029 ")" */
    0x69, 0x99, 0x10, 0x0, 0x5, 0xff, 0xf9, 0x0,
    0x0, 0xe, 0xff, 0xf1, 0x0, 0x0, 0x8f, 0xff,
    0x80, 0x0, 0x3, 0xff, 0xfe, 0x0, 0x0, 0xd,
    0xff, 0xf4, 0x0, 0x0, 0x9f, 0xff, 0x80, 0x0,
    0x4, 0xff, 0xfd, 0x0, 0x0, 0xf, 0xff, 0xf1,
    0x0, 0x0, 0xdf, 0xff, 0x40, 0x0, 0xa, 0xff,
    0xf8, 0x0, 0x0, 0x7f, 0xff, 0xa0, 0x0, 0x5,
    0xff, 0xfc, 0x0, 0x0, 0x3f, 0xff, 0xe0, 0x0,
    0x2, 0xff, 0xff, 0x0, 0x0, 0x1f, 0xff, 0xf0,
    0x0, 0x1, 0xff, 0xff, 0x0, 0x0, 0x2f, 0xff,
    0xf0, 0x0, 0x4, 0xff, 0xfe, 0x0, 0x0, 0x6f,
    0xff, 0xc0, 0x0, 0x9, 0xff, 0xf9, 0x0, 0x0,
    0xcf, 0xff, 0x60, 0x0, 0xf, 0xff, 0xf2, 0x0,
    0x5, 0xff, 0xfd, 0x0, 0x0, 0xaf, 0xff, 0x70,
    0x0, 0xf, 0xff, 0xf2, 0x0, 0x5, 0xff, 0xfc,
    0x0, 0x0, 0xcf, 0xff, 0x40, 0x0, 0x2f, 0xff,
    0xc0, 0x0, 0x9, 0xff, 0xf4, 0x0, 0x0,

    /* U+002A "*" */
    0x0, 0x0, 0xb, 0xff, 0x0, 0x0, 0x0, 0x0,
    0x0, 0xaf, 0xe0, 0x0, 0x0, 0x8, 0x50, 0x9,
    0xfd, 0x0, 0x2a, 0x2, 0xff, 0xa1, 0x8f, 0xd0,
    0x7f, 0xf6, 0x7f, 0xff, 0xeb, 0xfd, 0xcf, 0xff,
    0xb0, 0x3b, 0xff, 0xff, 0xff, 0xfd, 0x50, 0x0,
    0x3, 0xef, 0xff, 0xf6, 0x0, 0x0, 0x5, 0xdf,
    0xff, 0xff, 0xf8, 0x0, 0x4d, 0xff, 0xfe, 0xfe,
    0xff, 0xfe, 0x75, 0xff, 0xe4, 0x8f, 0xc2, 0xcf,
    0xf9, 0xc, 0xa1, 0x9, 0xfd, 0x0, 0x7e, 0x10,
    0x0, 0x0, 0xaf, 0xe0, 0x0, 0x0, 0x0, 0x0,
    0xb, 0xff, 0x0, 0x0, 0x0, 0x0, 0x0, 0x35,
    0x40, 0x0, 0x0,

    /* U+002B "+" */
    0x0, 0x0, 0x0, 0xf, 0xff, 0x80, 0x0, 0x0,
    0x0, 0x0, 0x0, 0x0, 0xff, 0xf8, 0x0, 0x0,
    0x0, 0x0, 0x0, 0x0, 0xf, 0xff, 0x80, 0x0,
    0x0, 0x0, 0x0, 0x0, 0x0, 0xff, 0xf8, 0x0,
    0x0, 0x0, 0x0, 0x0, 0x0, 0xf, 0xff, 0x80,
    0x0, 0x0, 0x0, 0x0, 0x0, 0x0, 0xff, 0xf8,
    0x0, 0x0, 0x0, 0x1f, 0xff, 0xff, 0xff, 0xff,
    0xff, 0xff, 0xff, 0xa1, 0xff, 0xff, 0xff, 0xff,
    0xff, 0xff, 0xff, 0xfa, 0x1f, 0xff, 0xff, 0xff,
    0xff, 0xff, 0xff, 0xff, 0xa0, 0x66, 0x66, 0x66,
    0xff, 0xfb, 0x66, 0x66, 0x63, 0x0, 0x0, 0x0,
    0xf, 0xff, 0x80, 0x0, 0x0, 0x0, 0x0, 0x0,
    0x0, 0xff, 0xf8, 0x0, 0x0, 0x0, 0x0, 0x0,
    0x0, 0xf, 0xff, 0x80, 0x0, 0x0, 0x0, 0x0,
    0x0, 0x0, 0xff, 0xf8, 0x0, 0x0, 0x0, 0x0,
    0x0, 0x0, 0xf, 0xff, 0x80, 0x0, 0x0, 0x0,
    0x0, 0x0, 0x0, 0xff, 0xf8, 0x0, 0x0, 0x0,

    /* U+002C "," */
    0x0, 0x79, 0x99, 0x30, 0xd, 0xff, 0xf2, 0x0,
    0xff, 0xfe, 0x0, 0x2f, 0xff, 0x90, 0x4, 0xff,
    0xf5, 0x0, 0x6f, 0xff, 0x0, 0x9, 0xff, 0xc0,
    0x0, 0xbf, 0xf7, 0x0, 0xd, 0xff, 0x30, 0x0,
    0xff, 0xe0, 0x0,

    /* U+002D "-" */
    0x56, 0x66, 0x66, 0x66, 0x66, 0x4c, 0xff, 0xff,
    0xff, 0xff, 0xfa, 0xcf, 0xff, 0xff, 0xff, 0xff,
    0xac, 0xff, 0xff, 0xff, 0xff, 0xfa,

    /* U+002E "." */
    0x0, 0x0, 0x0, 0x6, 0xff, 0x90, 0x2f, 0xff,
    0xf5, 0x5f, 0xff, 0xf8, 0x2f, 0xff, 0xf5, 0x6,
    0xee, 0x80,

    /* U+002F "/" */
    0x0, 0x0, 0x0, 0x0, 0x78, 0x84, 0x0, 0x0,
    0x0, 0x3, 0xff, 0xf5, 0x0, 0x0, 0x0, 0x7,
    0xff, 0xf1, 0x0, 0x0, 0x0, 0xc, 0xff, 0xc0,
    0x0, 0x0, 0x0, 0xf, 0xff, 0x80, 0x0, 0x0,
    0x0, 0x4f, 0xff, 0x40, 0x0, 0x0, 0x0, 0x8f,
    0xff, 0x0, 0x0, 0x0, 0x0, 0xdf, 0xfc, 0x0,
    0x0, 0x0, 0x1, 0xff, 0xf7, 0x0, 0x0, 0x0,
    0x5, 0xff, 0xf3, 0x0, 0x0, 0x0, 0x9, 0xff,
    0xf0, 0x0, 0x0, 0x0, 0xd, 0xff, 0xb0, 0x0,
    0x0, 0x0, 0x2f, 0xff, 0x60, 0x0, 0x0, 0x0,
    0x6f, 0xff, 0x20, 0x0, 0x0, 0x0, 0xaf, 0xfe,
    0x0, 0x0, 0x0, 0x0, 0xef, 0xfa, 0x0, 0x0,
    0x0, 0x2, 0xff, 0xf6, 0x0, 0x0, 0x0, 0x7,
    0xff, 0xf1, 0x0, 0x0, 0x0, 0xb, 0xff, 0xd0,
    0x0, 0x0, 0x0, 0xf, 0xff, 0x90, 0x0, 0x0,
    0x0, 0x3f, 0xff, 0x50, 0x0, 0x0, 0x0, 0x7f,
    0xff, 0x10, 0x0, 0x0, 0x0, 0xcf, 0xfc, 0x0,
    0x0, 0x0, 0x0, 0xff, 0xf8, 0x0, 0x0, 0x0,
    0x4, 0xff, 0xf4, 0x0, 0x0, 0x0, 0x8, 0xff,
    0xf0, 0x0, 0x0, 0x0, 0xd, 0xff, 0xc0, 0x0,
    0x0, 0x0, 0x1f, 0xff, 0x70, 0x0, 0x0, 0x0,
    0x5f, 0xff, 0x30, 0x0, 0x0, 0x0,

    /* U+0030 "0" */
    0x0, 0x0, 0x1, 0x7c, 0xef, 0xec, 0x71, 0x0,
    0x0, 0x0, 0x0, 0x5, 0xef, 0xff, 0xff, 0xff,
    0xf6, 0x0, 0x0, 0x0, 0x6, 0xff, 0xff, 0xff,
    0xff, 0xff, 0xf8, 0x0, 0x0, 0x3, 0xff, 0xff,
    0xfb, 0x9b, 0xff, 0xff, 0xf5, 0x0, 0x0, 0xcf,
    0xff, 0xe3, 0x0, 0x2, 0xdf, 0xff, 0xe0, 0x0,
    0x4f, 0xff, 0xf3, 0x0, 0x0, 0x2, 0xff, 0xff,
    0x60, 0xa, 0xff, 0xfb, 0x0, 0x0, 0x0, 0x9,
    0xff, 0xfb, 0x0, 0xef, 0xff, 0x50, 0x0, 0x0,
    0x0, 0x4f, 0xff, 0xf0, 0x1f, 0xff, 0xf1, 0x0,
    0x0, 0x0, 0x0, 0xff, 0xff, 0x33, 0xff, 0xff,
    0x0, 0x0, 0x0, 0x0, 0xd, 0xff, 0xf5, 0x4f,
    0xff, 0xd0, 0x0, 0x0, 0x0, 0x0, 0xcf, 0xff,
    0x65, 0xff, 0xfd, 0x0, 0x0, 0x0, 0x0, 0xb,
    0xff, 0xf7, 0x5f, 0xff, 0xd0, 0x0, 0x0, 0x0,
    0x0, 0xbf, 0xff, 0x75, 0xff, 0xfd, 0x0, 0x0,
    0x0, 0x0, 0xc, 0xff, 0xf6, 0x4f, 0xff, 0xf0,
    0x0, 0x0, 0x0, 0x0, 0xdf, 0xff, 0x51, 0xff,
    0xff, 0x10, 0x0, 0x0, 0x0, 0xf, 0xff, 0xf3,
    0xe, 0xff, 0xf5, 0x0, 0x0, 0x0, 0x4, 0xff,
    0xff, 0x0, 0xaf, 0xff, 0xb0, 0x0, 0x0, 0x0,
    0x9f, 0xff, 0xc0, 0x4, 0xff, 0xff, 0x30, 0x0,
    0x0, 0x2f, 0xff, 0xf6, 0x0, 0xd, 0xff, 0xfe,
    0x30, 0x0, 0x2d, 0xff, 0xfe, 0x0, 0x0, 0x4f,
    0xff, 0xff, 0xb9, 0xbf, 0xff, 0xff, 0x50, 0x0,
    0x0, 0x7f, 0xff, 0xff, 0xff, 0xff, 0xff, 0x80,
    0x0, 0x0, 0x0, 0x6e, 0xff, 0xff, 0xff, 0xff,
    0x70, 0x0, 0x0, 0x0, 0x0, 0x17, 0xce, 0xfe,
    0xc7, 0x10, 0x0, 0x0,

    /* U+0031 "1" */
    0x0, 0x0, 0x3e, 0xff, 0xff, 0x30, 0x0, 0x7f,
    0xff, 0xff, 0xf3, 0x1, 0xbf, 0xff, 0xff, 0xff,
    0x33, 0xef, 0xff, 0xff, 0xff, 0xf3, 0x8f, 0xff,
    0xd2, 0xff, 0xff, 0x38, 0xff, 0x90, 0xf, 0xff,
    0xf3, 0x8f, 0x50, 0x0, 0xff, 0xff, 0x35, 0x20,
    0x0, 0xf, 0xff, 0xf3, 0x0, 0x0, 0x0, 0xff,
    0xff, 0x30, 0x0, 0x0, 0xf, 0xff, 0xf3, 0x0,
    0x0, 0x0, 0xff, 0xff, 0x30, 0x0, 0x0, 0xf,
    0xff, 0xf3, 0x0, 0x0, 0x0, 0xff, 0xff, 0x30,
    0x0, 0x0, 0xf, 0xff, 0xf3, 0x0, 0x0, 0x0,
    0xff, 0xff, 0x30, 0x0, 0x0, 0xf, 0xff, 0xf3,
    0x0, 0x0, 0x0, 0xff, 0xff, 0x30, 0x0, 0x0,
    0xf, 0xff, 0xf3, 0x0, 0x0, 0x0, 0xff, 0xff,
    0x30, 0x0, 0x0, 0xf, 0xff, 0xf3, 0x0, 0x0,
    0x0, 0xff, 0xff, 0x30, 0x0, 0x0, 0xf, 0xff,
    0xf3, 0x0, 0x0, 0x0, 0xff, 0xff, 0x30, 0x0,
    0x0, 0xf, 0xff, 0xf3,

    /* U+0032 "2" */
    0x0, 0x0, 0x5, 0xbd, 0xfe, 0xd9, 0x40, 0x0,
    0x0, 0x0, 0x3, 0xdf, 0xff, 0xff, 0xff, 0xfb,
    0x10, 0x0, 0x0, 0x3f, 0xff, 0xff, 0xff, 0xff,
    0xff, 0xe1, 0x0, 0x1, 0xef, 0xff, 0xfa, 0x79,
    0xdf, 0xff, 0xfb, 0x0, 0x7, 0xff, 0xfe, 0x20,
    0x0, 0x7, 0xff, 0xff, 0x30, 0xc, 0xff, 0xf5,
    0x0, 0x0, 0x0, 0xbf, 0xff, 0x70, 0xe, 0xff,
    0xf0, 0x0, 0x0, 0x0, 0x6f, 0xff, 0x90, 0x6,
    0x66, 0x60, 0x0, 0x0, 0x0, 0x6f, 0xff, 0x90,
    0x0, 0x0, 0x0, 0x0, 0x0, 0x0, 0x9f, 0xff,
    0x70, 0x0, 0x0, 0x0, 0x0, 0x0, 0x1, 0xff,
    0xff, 0x20, 0x0, 0x0, 0x0, 0x0, 0x0, 0xb,
    0xff, 0xfa, 0x0, 0x0, 0x0, 0x0, 0x0, 0x0,
    0x9f, 0xff, 0xe1, 0x0, 0x0, 0x0, 0x0, 0x0,
    0x7, 0xff, 0xff, 0x40, 0x0, 0x0, 0x0, 0x0,
    0x0, 0x7f, 0xff, 0xf7, 0x0, 0x0, 0x0, 0x0,
    0x0, 0x7, 0xff, 0xff, 0x80, 0x0, 0x0, 0x0,
    0x0, 0x0, 0x7f, 0xff, 0xf9, 0x0, 0x0, 0x0,
    0x0, 0x0, 0x7, 0xff, 0xff, 0x90, 0x0, 0x0,
    0x0, 0x0, 0x0, 0x7f, 0xff, 0xfa, 0x0, 0x0,
    0x0, 0x0, 0x0, 0x7, 0xff, 0xff, 0xa0, 0x0,
    0x0, 0x0, 0x0, 0x0, 0x7f, 0xff, 0xfb, 0x0,
    0x0, 0x0, 0x0, 0x0, 0x7, 0xff, 0xff, 0xfa,
    0xaa, 0xaa, 0xaa, 0xaa, 0xa0, 0xe, 0xff, 0xff,
    0xff, 0xff, 0xff, 0xff, 0xff, 0xf0, 0xe, 0xff,
    0xff, 0xff, 0xff, 0xff, 0xff, 0xff, 0xf0, 0xe,
    0xff, 0xff, 0xff, 0xff, 0xff, 0xff, 0xff, 0xf0,

    /* U+0033 "3" */
    0x0, 0x0, 0x4, 0x9d, 0xef, 0xdb, 0x61, 0x0,
    0x0, 0x0, 0x2, 0xbf, 0xff, 0xff, 0xff, 0xfe,
    0x50, 0x0, 0x0, 0x2e, 0xff, 0xff, 0xff, 0xff,
    0xff, 0xf5, 0x0, 0x0, 0xef, 0xff, 0xfc, 0x98,
    0xaf, 0xff, 0xff, 0x10, 0x7, 0xff, 0xff, 0x40,
    0x0, 0x2, 0xef, 0xff, 0x80, 0xb, 0xff, 0xf6,
    0x0, 0x0, 0x0, 0x6f, 0xff, 0xc0, 0x7, 0x99,
    0x91, 0x0, 0x0, 0x0, 0x3f, 0xff, 0xe0, 0x0,
    0x0, 0x0, 0x0, 0x0, 0x0, 0x4f, 0xff, 0xc0,
    0x0, 0x0, 0x0, 0x0, 0x0, 0x0, 0xbf, 0xff,
    0x70, 0x0, 0x0, 0x0, 0x0, 0x1, 0x4c, 0xff,
    0xfd, 0x0, 0x0, 0x0, 0x0, 0x5f, 0xff, 0xff,
    0xff, 0xa0, 0x0, 0x0, 0x0, 0x0, 0x5f, 0xff,
    0xff, 0xe5, 0x0, 0x0, 0x0, 0x0, 0x0, 0x5f,
    0xff, 0xff, 0xff, 0xe5, 0x0, 0x0, 0x0, 0x0,
    0x14, 0x45, 0x7d, 0xff, 0xff, 0x70, 0x0, 0x0,
    0x0, 0x0, 0x0, 0x0, 0x9f, 0xff, 0xf2, 0x0,
    0x0, 0x0, 0x0, 0x0, 0x0, 0xd, 0xff, 0xf8,
    0x0, 0x0, 0x0, 0x0, 0x0, 0x0, 0x9, 0xff,
    0xfb, 0x3b, 0xbb, 0xa0, 0x0, 0x0, 0x0, 0x9,
    0xff, 0xfb, 0x2f, 0xff, 0xf3, 0x0, 0x0, 0x0,
    0xe, 0xff, 0xf9, 0xd, 0xff, 0xfe, 0x40, 0x0,
    0x2, 0xcf, 0xff, 0xf4, 0x5, 0xff, 0xff, 0xfd,
    0xa9, 0xcf, 0xff, 0xff, 0xb0, 0x0, 0x7f, 0xff,
    0xff, 0xff, 0xff, 0xff, 0xfc, 0x0, 0x0, 0x5,
    0xef, 0xff, 0xff, 0xff, 0xff, 0x80, 0x0, 0x0,
    0x0, 0x5, 0xad, 0xff, 0xec, 0x72, 0x0, 0x0,

    /* U+0034 "4" */
    0x0, 0x0, 0x0, 0x0, 0x0, 0xbf, 0xff, 0xfc,
    0x0, 0x0, 0x0, 0x0, 0x0, 0x0, 0x5f, 0xff,
    0xff, 0xc0, 0x0, 0x0, 0x0, 0x0, 0x0, 0x1e,
    0xff, 0xff, 0xfc, 0x0, 0x0, 0x0, 0x0, 0x0,
    0x9, 0xff, 0xff, 0xff, 0xc0, 0x0, 0x0, 0x0,
    0x0, 0x3, 0xff, 0xff, 0xff, 0xfc, 0x0, 0x0,
    0x0, 0x0, 0x0, 0xcf, 0xff, 0x7f, 0xff, 0xc0,
    0x0, 0x0, 0x0, 0x0, 0x6f, 0xff, 0xa2, 0xff,
    0xfc, 0x0, 0x0, 0x0, 0x0, 0x1f, 0xff, 0xf1,
    0x2f, 0xff, 0xc0, 0x0, 0x0, 0x0, 0xa, 0xff,
    0xf7, 0x2, 0xff, 0xfc, 0x0, 0x0, 0x0, 0x4,
    0xff, 0xfd, 0x0, 0x2f, 0xff, 0xc0, 0x0, 0x0,
    0x0, 0xdf, 0xff, 0x40, 0x2, 0xff, 0xfc, 0x0,
    0x0, 0x0, 0x8f, 0xff, 0xa0, 0x0, 0x2f, 0xff,
    0xc0, 0x0, 0x0, 0x2f, 0xff, 0xf1, 0x0, 0x2,
    0xff, 0xfc, 0x0, 0x0, 0xb, 0xff, 0xf7, 0x0,
    0x0, 0x2f, 0xff, 0xc0, 0x0, 0x5, 0xff, 0xfd,
    0x0, 0x0, 0x2, 0xff, 0xfc, 0x0, 0x0, 0xef,
    0xff, 0x30, 0x0, 0x0, 0x2f, 0xff, 0xc0, 0x0,
    0x5f, 0xff, 0xff, 0xff, 0xff, 0xff, 0xff, 0xff,
    0xff, 0xc5, 0xff, 0xff, 0xff, 0xff, 0xff, 0xff,
    0xff, 0xff, 0xfc, 0x5f, 0xff, 0xff, 0xff, 0xff,
    0xff, 0xff, 0xff, 0xff, 0xc2, 0x88, 0x88, 0x88,
    0x88, 0x88, 0xaf, 0xff, 0xe8, 0x86, 0x0, 0x0,
    0x0, 0x0, 0x0, 0x4, 0xff, 0xfc, 0x0, 0x0,
    0x0, 0x0, 0x0, 0x0, 0x0, 0x4f, 0xff, 0xc0,
    0x0, 0x0, 0x0, 0x0, 0x0, 0x0, 0x4, 0xff,
    0xfc, 0x0, 0x0, 0x0, 0x0, 0x0, 0x0, 0x0,
    0x4f, 0xff, 0xc0, 0x0,

    /* U+0035 "5" */
    0x3, 0xff, 0xff, 0xff, 0xff, 0xff, 0xff, 0xf4,
    0x0, 0x5f, 0xff, 0xff, 0xff, 0xff, 0xff, 0xff,
    0x40, 0x7, 0xff, 0xff, 0xff, 0xff, 0xff, 0xff,
    0xf4, 0x0, 0x8f, 0xff, 0xa9, 0x99, 0x99, 0x99,
    0x99, 0x20, 0xa, 0xff, 0xf2, 0x0, 0x0, 0x0,
    0x0, 0x0, 0x0, 0xbf, 0xff, 0x10, 0x0, 0x0,
    0x0, 0x0, 0x0, 0xd, 0xff, 0xf0, 0x0, 0x0,
    0x0, 0x0, 0x0, 0x0, 0xef, 0xfd, 0x0, 0x0,
    0x0, 0x0, 0x0, 0x0, 0xf, 0xff, 0xb0, 0x6c,
    0xef, 0xda, 0x30, 0x0, 0x2, 0xff, 0xfc, 0xdf,
    0xff, 0xff, 0xff, 0x80, 0x0, 0x3f, 0xff, 0xff,
    0xff, 0xff, 0xff, 0xff, 0x90, 0x5, 0xff, 0xff,
    0xe8, 0x55, 0x8e, 0xff, 0xff, 0x50, 0x4, 0x79,
    0x90, 0x0, 0x0, 0x1d, 0xff, 0xfc, 0x0, 0x0,
    0x0, 0x0, 0x0, 0x0, 0x2f, 0xff, 0xf2, 0x0,
    0x0, 0x0, 0x0, 0x0, 0x0, 0xcf, 0xff, 0x50,
    0x0, 0x0, 0x0, 0x0, 0x0, 0x9, 0xff, 0xf7,
    0x0, 0x0, 0x0, 0x0, 0x0, 0x0, 0x9f, 0xff,
    0x79, 0xcc, 0xc3, 0x0, 0x0, 0x0, 0xc, 0xff,
    0xf5, 0xaf, 0xff, 0x90, 0x0, 0x0, 0x3, 0xff,
    0xff, 0x15, 0xff, 0xff, 0x60, 0x0, 0x2, 0xdf,
    0xff, 0xb0, 0xd, 0xff, 0xff, 0xc8, 0x7a, 0xff,
    0xff, 0xf2, 0x0, 0x2e, 0xff, 0xff, 0xff, 0xff,
    0xff, 0xf5, 0x0, 0x0, 0x1b, 0xff, 0xff, 0xff,
    0xff, 0xe3, 0x0, 0x0, 0x0, 0x4, 0x9d, 0xef,
    0xeb, 0x60, 0x0, 0x0,

    /* U+0036 "6" */
    0x0, 0x0, 0x0, 0x5b, 0xef, 0xec, 0x82, 0x0,
    0x0, 0x0, 0x0, 0x3d, 0xff, 0xff, 0xff, 0xff,
    0x90, 0x0, 0x0, 0x3, 0xff, 0xff, 0xff, 0xff,
    0xff, 0xfb, 0x0, 0x0, 0x1e, 0xff, 0xff, 0xdb,
    0xcf, 0xff, 0xff, 0x80, 0x0, 0xaf, 0xff, 0xe4,
    0x0, 0x1, 0xbf, 0xff, 0xf1, 0x2, 0xff, 0xff,
    0x30, 0x0, 0x0, 0xd, 0xff, 0xf6, 0x8, 0xff,
    0xf9, 0x0, 0x0, 0x0, 0x3, 0x66, 0x63, 0xc,
    0xff, 0xf3, 0x0, 0x0, 0x0, 0x0, 0x0, 0x0,
    0xf, 0xff, 0xe0, 0x3, 0xad, 0xfe, 0xb5, 0x0,
    0x0, 0x2f, 0xff, 0xc0, 0x9f, 0xff, 0xff, 0xff,
    0xc1, 0x0, 0x4f, 0xff, 0xb9, 0xff, 0xff, 0xff,
    0xff, 0xfe, 0x10, 0x5f, 0xff, 0xef, 0xfc, 0x64,
    0x6c, 0xff, 0xff, 0xb0, 0x6f, 0xff, 0xff, 0x90,
    0x0, 0x0, 0x8f, 0xff, 0xf2, 0x5f, 0xff, 0xfc,
    0x0, 0x0, 0x0, 0xc, 0xff, 0xf8, 0x5f, 0xff,
    0xf5, 0x0, 0x0, 0x0, 0x6, 0xff, 0xfb, 0x3f,
    0xff, 0xf3, 0x0, 0x0, 0x0, 0x3, 0xff, 0xfd,
    0xf, 0xff, 0xf3, 0x0, 0x0, 0x0, 0x4, 0xff,
    0xfd, 0xc, 0xff, 0xf6, 0x0, 0x0, 0x0, 0x7,
    0xff, 0xfb, 0x7, 0xff, 0xfd, 0x0, 0x0, 0x0,
    0xe, 0xff, 0xf7, 0x0, 0xff, 0xff, 0xb0, 0x0,
    0x1, 0xbf, 0xff, 0xf1, 0x0, 0x6f, 0xff, 0xfe,
    0x97, 0x9e, 0xff, 0xff, 0x70, 0x0, 0xa, 0xff,
    0xff, 0xff, 0xff, 0xff, 0xfa, 0x0, 0x0, 0x0,
    0x7f, 0xff, 0xff, 0xff, 0xff, 0x70, 0x0, 0x0,
    0x0, 0x1, 0x8c, 0xef, 0xfc, 0x82, 0x0, 0x0,

    /* U+0037 "7" */
    0xbf, 0xff, 0xff, 0xff, 0xff, 0xff, 0xff, 0xff,
    0x2b, 0xff, 0xff, 0xff, 0xff, 0xff, 0xff, 0xff,
    0xf2, 0xbf, 0xff, 0xff, 0xff, 0xff, 0xff, 0xff,
    0xff, 0x27, 0xaa, 0xaa, 0xaa, 0xaa, 0xaa, 0xbf,
    0xff, 0xf1, 0x0, 0x0, 0x0, 0x0, 0x0, 0x9,
    0xff, 0xfb, 0x0, 0x0, 0x0, 0x0, 0x0, 0x2,
    0xff, 0xff, 0x30, 0x0, 0x0, 0x0, 0x0, 0x0,
    0x9f, 0xff, 0xc0, 0x0, 0x0, 0x0, 0x0, 0x0,
    0x1f, 0xff, 0xf4, 0x0, 0x0, 0x0, 0x0, 0x0,
    0x9, 0xff, 0xfc, 0x0, 0x0, 0x0, 0x0, 0x0,
    0x1, 0xff, 0xff, 0x40, 0x0, 0x0, 0x0, 0x0,
    0x0, 0x8f, 0xff, 0xc0, 0x0, 0x0, 0x0, 0x0,
    0x0, 0x1f, 0xff, 0xf5, 0x0, 0x0, 0x0, 0x0,
    0x0, 0x8, 0xff, 0xfd, 0x0, 0x0, 0x0, 0x0,
    0x0, 0x0, 0xff, 0xff, 0x50, 0x0, 0x0, 0x0,
    0x0, 0x0, 0x7f, 0xff, 0xd0, 0x0, 0x0, 0x0,
    0x0, 0x0, 0xe, 0xff, 0xf5, 0x0, 0x0, 0x0,
    0x0, 0x0, 0x7, 0xff, 0xfd, 0x0, 0x0, 0x0,
    0x0, 0x0, 0x0, 0xef, 0xff, 0x60, 0x0, 0x0,
    0x0, 0x0, 0x0, 0x6f, 0xff, 0xe0, 0x0, 0x0,
    0x0, 0x0, 0x0, 0xe, 0xff, 0xf6, 0x0, 0x0,
    0x0, 0x0, 0x0, 0x6, 0xff, 0xfe, 0x0, 0x0,
    0x0, 0x0, 0x0, 0x0, 0xdf, 0xff, 0x70, 0x0,
    0x0, 0x0, 0x0, 0x0, 0x6f, 0xff, 0xe0, 0x0,
    0x0, 0x0, 0x0, 0x0, 0xd, 0xff, 0xf7, 0x0,
    0x0, 0x0, 0x0, 0x0,

    /* U+0038 "8" */
    0x0, 0x0, 0x4, 0x9d, 0xef, 0xeb, 0x61, 0x0,
    0x0, 0x0, 0x2, 0xbf, 0xff, 0xff, 0xff, 0xfe,
    0x60, 0x0, 0x0, 0x2e, 0xff, 0xff, 0xff, 0xff,
    0xff, 0xf8, 0x0, 0x0, 0xcf, 0xff, 0xfb, 0x76,
    0x8e, 0xff, 0xff, 0x40, 0x4, 0xff, 0xff, 0x50,
    0x0, 0x1, 0xdf, 0xff, 0xb0, 0x7, 0xff, 0xfb,
    0x0, 0x0, 0x0, 0x4f, 0xff, 0xf0, 0x8, 0xff,
    0xf8, 0x0, 0x0, 0x0, 0x1f, 0xff, 0xf0, 0x6,
    0xff, 0xfa, 0x0, 0x0, 0x0, 0x2f, 0xff, 0xd0,
    0x1, 0xff, 0xff, 0x20, 0x0, 0x0, 0xaf, 0xff,
    0x80, 0x0, 0x6f, 0xff, 0xe6, 0x10, 0x3b, 0xff,
    0xfd, 0x0, 0x0, 0x6, 0xff, 0xff, 0xff, 0xff,
    0xff, 0xb1, 0x0, 0x0, 0x0, 0x4d, 0xff, 0xff,
    0xff, 0xf8, 0x0, 0x0, 0x0, 0x1b, 0xff, 0xff,
    0xff, 0xff, 0xff, 0xe5, 0x0, 0x1, 0xdf, 0xff,
    0xe8, 0x43, 0x5c, 0xff, 0xff, 0x60, 0xa, 0xff,
    0xfd, 0x10, 0x0, 0x0, 0x8f, 0xff, 0xf2, 0x1f,
    0xff, 0xf3, 0x0, 0x0, 0x0, 0xc, 0xff, 0xf8,
    0x4f, 0xff, 0xf0, 0x0, 0x0, 0x0, 0x8, 0xff,
    0xfc, 0x5f, 0xff, 0xe0, 0x0, 0x0, 0x0, 0x7,
    0xff, 0xfd, 0x4f, 0xff, 0xf3, 0x0, 0x0, 0x0,
    0xb, 0xff, 0xfc, 0xf, 0xff, 0xfc, 0x10, 0x0,
    0x0, 0x7f, 0xff, 0xf7, 0x7, 0xff, 0xff, 0xe8,
    0x54, 0x6b, 0xff, 0xff, 0xe0, 0x0, 0x9f, 0xff,
    0xff, 0xff, 0xff, 0xff, 0xfe, 0x20, 0x0, 0x6,
    0xef, 0xff, 0xff, 0xff, 0xff, 0xb2, 0x0, 0x0,
    0x0, 0x16, 0xad, 0xff, 0xec, 0x83, 0x0, 0x0,

    /* U+0039 "9" */
    0x0, 0x0, 0x5, 0xae, 0xff, 0xda, 0x40, 0x0,
    0x0, 0x0, 0x3, 0xdf, 0xff, 0xff, 0xff, 0xfc,
    0x10, 0x0, 0x0, 0x4f, 0xff, 0xff, 0xff, 0xff,
    0xff, 0xe2, 0x0, 0x2, 0xef, 0xff, 0xfc, 0x88,
    0xcf, 0xff, 0xfd, 0x0, 0xa, 0xff, 0xff, 0x40,
    0x0, 0x4, 0xff, 0xff, 0x70, 0x1f, 0xff, 0xf5,
    0x0, 0x0, 0x0, 0x5f, 0xff, 0xe0, 0x4f, 0xff,
    0xe0, 0x0, 0x0, 0x0, 0xd, 0xff, 0xf4, 0x5f,
    0xff, 0xb0, 0x0, 0x0, 0x0, 0xa, 0xff, 0xf8,
    0x5f, 0xff, 0xc0, 0x0, 0x0, 0x0, 0xb, 0xff,
    0xfa, 0x3f, 0xff, 0xf1, 0x0, 0x0, 0x0, 0x1f,
    0xff, 0xfc, 0xe, 0xff, 0xfa, 0x0, 0x0, 0x0,
    0xbf, 0xff, 0xfd, 0x7, 0xff, 0xff, 0xc4, 0x1,
    0x4c, 0xff, 0xff, 0xfd, 0x0, 0xcf, 0xff, 0xff,
    0xff, 0xff, 0xf7, 0xff, 0xfd, 0x0, 0x1c, 0xff,
    0xff, 0xff, 0xff, 0x64, 0xff, 0xfc, 0x0, 0x0,
    0x7d, 0xff, 0xff, 0xb3, 0x5, 0xff, 0xfa, 0x0,
    0x0, 0x0, 0x13, 0x30, 0x0, 0x8, 0xff, 0xf7,
    0x0, 0x0, 0x0, 0x0, 0x0, 0x0, 0xc, 0xff,
    0xf4, 0xe, 0xee, 0xe1, 0x0, 0x0, 0x0, 0x3f,
    0xff, 0xe0, 0xd, 0xff, 0xf8, 0x0, 0x0, 0x0,
    0xcf, 0xff, 0x90, 0x7, 0xff, 0xff, 0x60, 0x0,
    0x1b, 0xff, 0xff, 0x20, 0x0, 0xef, 0xff, 0xfe,
    0xbc, 0xff, 0xff, 0xf7, 0x0, 0x0, 0x3f, 0xff,
    0xff, 0xff, 0xff, 0xff, 0xa0, 0x0, 0x0, 0x2,
    0xdf, 0xff, 0xff, 0xff, 0xf8, 0x0, 0x0, 0x0,
    0x0, 0x5, 0xbd, 0xff, 0xd8, 0x20, 0x0, 0x0,

    /* U+003A ":" */
    0x0, 0x0, 0x0, 0x6, 0xff, 0x90, 0x2f, 0xff,
    0xf6, 0x5f, 0xff, 0xf8, 0x2f, 0xff, 0xf5, 0x5,
    0xee, 0x80, 0x0, 0x0, 0x0, 0x0, 0x0, 0x0,
    0x0, 0x0, 0x0, 0x0, 0x0, 0x0, 0x0, 0x0,
    0x0, 0x0, 0x0, 0x0, 0x0, 0x0, 0x0, 0x6,
    0xff, 0x90, 0x2f, 0xff, 0xf5, 0x5f, 0xff, 0xf8,
    0x2f, 0xff, 0xf5, 0x6, 0xee, 0x80,

    /* U+003B ";" */
    0x0, 0x0, 0x0, 0x0, 0x3, 0xdf, 0xc2, 0x0,
    0xdf, 0xff, 0xb0, 0xf, 0xff, 0xfe, 0x0, 0xcf,
    0xff, 0xa0, 0x2, 0xcf, 0xb1, 0x0, 0x0, 0x0,
    0x0, 0x0, 0x0, 0x0, 0x0, 0x0, 0x0, 0x0,
    0x0, 0x0, 0x0, 0x0, 0x0, 0x0, 0x0, 0x0,
    0x0, 0x0, 0x0, 0x0, 0x0, 0x0, 0x0, 0x0,
    0x0, 0x0, 0x79, 0x99, 0x30, 0xd, 0xff, 0xf2,
    0x0, 0xff, 0xfe, 0x0, 0x2f, 0xff, 0x90, 0x4,
    0xff, 0xf5, 0x0, 0x6f, 0xff, 0x0, 0x9, 0xff,
    0xc0, 0x0, 0xbf, 0xf7, 0x0, 0xd, 0xff, 0x30,
    0x0, 0xff, 0xe0, 0x0,

    /* U+003C "<" */
    0x0, 0x0, 0x0, 0x0, 0x0, 0x0, 0x0, 0x1,
    0x0, 0x0, 0x0, 0x0, 0x0, 0x0, 0x0, 0x19,
    0xf2, 0x0, 0x0, 0x0, 0x0, 0x0, 0x2, 0xaf,
    0xff, 0x20, 0x0, 0x0, 0x0, 0x0, 0x3a, 0xff,
    0xff, 0xf2, 0x0, 0x0, 0x0, 0x4, 0xbf, 0xff,
    0xff, 0xff, 0x20, 0x0, 0x0, 0x5c, 0xff, 0xff,
    0xff, 0xe7, 0x10, 0x0, 0x6, 0xdf, 0xff, 0xff,
    0xfc, 0x50, 0x0, 0x0, 0x6e, 0xff, 0xff, 0xff,
    0xa3, 0x0, 0x0, 0x0, 0x5f, 0xff, 0xff, 0xe8,
    0x10, 0x0, 0x0, 0x0, 0x5, 0xff, 0xff, 0x90,
    0x0, 0x0, 0x0, 0x0, 0x0, 0x5f, 0xff, 0xff,
    0xb4, 0x0, 0x0, 0x0, 0x0, 0x1, 0xaf, 0xff,
    0xff, 0xfd, 0x60, 0x0, 0x0, 0x0, 0x0, 0x29,
    0xff, 0xff, 0xff, 0xe8, 0x10, 0x0, 0x0, 0x0,
    0x1, 0x8f, 0xff, 0xff, 0xff, 0xa3, 0x0, 0x0,
    0x0, 0x0, 0x7, 0xef, 0xff, 0xff, 0xfc, 0x10,
    0x0, 0x0, 0x0, 0x0, 0x6e, 0xff, 0xff, 0xf2,
    0x0, 0x0, 0x0, 0x0, 0x0, 0x5, 0xdf, 0xff,
    0x20, 0x0, 0x0, 0x0, 0x0, 0x0, 0x0, 0x5c,
    0xf2, 0x0, 0x0, 0x0, 0x0, 0x0, 0x0, 0x0,
    0x4, 0x10,

    /* U+003D "=" */
    0xcf, 0xff, 0xff, 0xff, 0xff, 0xff, 0xff, 0xf5,
    0xcf, 0xff, 0xff, 0xff, 0xff, 0xff, 0xff, 0xf5,
    0xcf, 0xff, 0xff, 0xff, 0xff, 0xff, 0xff, 0xf5,
    0x68, 0x88, 0x88, 0x88, 0x88, 0x88, 0x88, 0x82,
    0x0, 0x0, 0x0, 0x0, 0x0, 0x0, 0x0, 0x0,
    0x0, 0x0, 0x0, 0x0, 0x0, 0x0, 0x0, 0x0,
    0x0, 0x0, 0x0, 0x0, 0x0, 0x0, 0x0, 0x0,
    0x69, 0x99, 0x99, 0x99, 0x99, 0x99, 0x99, 0x92,
    0xcf, 0xff, 0xff, 0xff, 0xff, 0xff, 0xff, 0xf5,
    0xcf, 0xff, 0xff, 0xff, 0xff, 0xff, 0xff, 0xf5,
    0xcf, 0xff, 0xff, 0xff, 0xff, 0xff, 0xff, 0xf5,

    /* U+003E ">" */
    0x20, 0x0, 0x0, 0x0, 0x0, 0x0, 0x0, 0x0,
    0xad, 0x50, 0x0, 0x0, 0x0, 0x0, 0x0, 0x0,
    0xaf, 0xfd, 0x60, 0x0, 0x0, 0x0, 0x0, 0x0,
    0xaf, 0xff, 0xfe, 0x70, 0x0, 0x0, 0x0, 0x0,
    0x8f, 0xff, 0xff, 0xff, 0x81, 0x0, 0x0, 0x0,
    0x3, 0xaf, 0xff, 0xff, 0xff, 0x91, 0x0, 0x0,
    0x0, 0x1, 0x8e, 0xff, 0xff, 0xff, 0xa2, 0x0,
    0x0, 0x0, 0x0, 0x6d, 0xff, 0xff, 0xff, 0xa3,
    0x0, 0x0, 0x0, 0x0, 0x4b, 0xff, 0xff, 0xfe,
    0x0, 0x0, 0x0, 0x0, 0x0, 0x2e, 0xff, 0xfe,
    0x0, 0x0, 0x0, 0x0, 0x17, 0xef, 0xff, 0xfe,
    0x0, 0x0, 0x0, 0x29, 0xff, 0xff, 0xff, 0xd6,
    0x0, 0x0, 0x4b, 0xff, 0xff, 0xff, 0xd5, 0x0,
    0x0, 0x6d, 0xff, 0xff, 0xff, 0xc5, 0x0, 0x0,
    0x6f, 0xff, 0xff, 0xff, 0xb4, 0x0, 0x0, 0x0,
    0xaf, 0xff, 0xff, 0xa3, 0x0, 0x0, 0x0, 0x0,
    0xaf, 0xff, 0xa2, 0x0, 0x0, 0x0, 0x0, 0x0,
    0xaf, 0x91, 0x0, 0x0, 0x0, 0x0, 0x0, 0x0,
    0x41, 0x0, 0x0, 0x0, 0x0, 0x0, 0x0, 0x0,

    /* U+003F "?" */
    0x0, 0x1, 0x7c, 0xef, 0xec, 0x72, 0x0, 0x0,
    0x5, 0xef, 0xff, 0xff, 0xff, 0xf7, 0x0, 0x5,
    0xff, 0xff, 0xff, 0xff, 0xff, 0xf8, 0x0, 0xef,
    0xff, 0xf9, 0x79, 0xff, 0xff, 0xf2, 0x6f, 0xff,
    0xe2, 0x0, 0x2, 0xef, 0xff, 0x99, 0xff, 0xf7,
    0x0, 0x0, 0x7, 0xff, 0xfb, 0x69, 0x99, 0x20,
    0x0, 0x0, 0x5f, 0xff, 0xc0, 0x0, 0x0, 0x0,
    0x0, 0x8, 0xff, 0xfa, 0x0, 0x0, 0x0, 0x0,
    0x2, 0xff, 0xff, 0x60, 0x0, 0x0, 0x0, 0x4,
    0xef, 0xff, 0xe0, 0x0, 0x0, 0x0, 0x9, 0xff,
    0xff, 0xf2, 0x0, 0x0, 0x0, 0xb, 0xff, 0xff,
    0xc2, 0x0, 0x0, 0x0, 0x5, 0xff, 0xff, 0x80,
    0x0, 0x0, 0x0, 0x0, 0xaf, 0xff, 0x80, 0x0,
    0x0, 0x0, 0x0, 0xd, 0xff, 0xf0, 0x0, 0x0,
    0x0, 0x0, 0x0, 0xef, 0xfd, 0x0, 0x0, 0x0,
    0x0, 0x0, 0x8, 0x88, 0x60, 0x0, 0x0, 0x0,
    0x0, 0x0, 0x0, 0x0, 0x0, 0x0, 0x0, 0x0,
    0x0, 0x0, 0x0, 0x0, 0x0, 0x0, 0x0, 0x0,
    0x0, 0x8e, 0xe7, 0x0, 0x0, 0x0, 0x0, 0x0,
    0x5f, 0xff, 0xf4, 0x0, 0x0, 0x0, 0x0, 0x9,
    0xff, 0xff, 0x70, 0x0, 0x0, 0x0, 0x0, 0x5f,
    0xff, 0xf4, 0x0, 0x0, 0x0, 0x0, 0x0, 0x8e,
    0xe7, 0x0, 0x0, 0x0,

    /* U+0040 "@" */
    0x0, 0x0, 0x0, 0x0, 0x1, 0x59, 0xce, 0xff,
    0xfd, 0xb7, 0x20, 0x0, 0x0, 0x0, 0x0, 0x0,
    0x0, 0x0, 0x2, 0xaf, 0xff, 0xff, 0xff, 0xff,
    0xff, 0xfc, 0x30, 0x0, 0x0, 0x0, 0x0, 0x0,
    0x0, 0x7f, 0xff, 0xff, 0xff, 0xff, 0xff, 0xff,
    0xff, 0xfa, 0x0, 0x0, 0x0, 0x0, 0x0, 0xb,
    0xff, 0xff, 0xfc, 0x85, 0x43, 0x35, 0x8d, 0xff,
    0xff, 0xd2, 0x0, 0x0, 0x0, 0x0, 0xbf, 0xff,
    0xf9, 0x10, 0x0, 0x0, 0x0, 0x0, 0x3c, 0xff,
    0xfe, 0x10, 0x0, 0x0, 0x8, 0xff, 0xfe, 0x30,
    0x0, 0x0, 0x0, 0x0, 0x0, 0x0, 0x8f, 0xff,
    0xb0, 0x0, 0x0, 0x2f, 0xff, 0xe2, 0x0, 0x0,
    0x0, 0x0, 0x0, 0x0, 0x0, 0x8, 0xff, 0xf6,
    0x0, 0x0, 0xbf, 0xff, 0x40, 0x0, 0x0, 0x0,
    0x0, 0x0, 0x0, 0x0, 0x0, 0xcf, 0xfd, 0x0,
    0x2, 0xff, 0xfa, 0x0, 0x0, 0x4, 0xbe, 0xfe,
    0x92, 0x2a, 0xa7, 0x0, 0x3f, 0xff, 0x50, 0x8,
    0xff, 0xf3, 0x0, 0x0, 0x9f, 0xff, 0xff, 0xff,
    0x8f, 0xfb, 0x0, 0xc, 0xff, 0xa0, 0xc, 0xff,
    0xd0, 0x0, 0x8, 0xff, 0xff, 0xff, 0xff, 0xff,
    0xfb, 0x0, 0x7, 0xff, 0xe0, 0xf, 0xff, 0x90,
    0x0, 0x3f, 0xff, 0xd6, 0x34, 0x8f, 0xff, 0xfb,
    0x0, 0x4, 0xff, 0xf2, 0x2f, 0xff, 0x60, 0x0,
    0xaf, 0xfd, 0x10, 0x0, 0x3, 0xff, 0xfb, 0x0,
    0x1, 0xff, 0xf3, 0x4f, 0xff, 0x40, 0x0, 0xff,
    0xf5, 0x0, 0x0, 0x0, 0xbf, 0xfb, 0x0, 0x0,
    0xff, 0xf5, 0x5f, 0xff, 0x30, 0x1, 0xff, 0xf0,
    0x0, 0x0, 0x0, 0x7f, 0xfb, 0x0, 0x0, 0xff,
    0xf5, 0x6f, 0xff, 0x20, 0x3, 0xff, 0xe0, 0x0,
    0x0, 0x0, 0x6f, 0xfb, 0x0, 0x0, 0xff, 0xf4,
    0x5f, 0xff, 0x20, 0x3, 0xff, 0xf0, 0x0, 0x0,
    0x0, 0x6f, 0xfb, 0x0, 0x1, 0xff, 0xf3, 0x4f,
    0xff, 0x40, 0x1, 0xff, 0xf1, 0x0, 0x0, 0x0,
    0x8f, 0xfb, 0x0, 0x2, 0xff, 0xf1, 0x3f, 0xff,
    0x50, 0x0, 0xff, 0xf6, 0x0, 0x0, 0x0, 0xcf,
    0xfb, 0x0, 0x5, 0xff, 0xe0, 0xf, 0xff, 0x90,
    0x0, 0xaf, 0xfd, 0x0, 0x0, 0x4, 0xff, 0xfb,
    0x0, 0x9, 0xff, 0xa0, 0xd, 0xff, 0xc0, 0x0,
    0x4f, 0xff, 0xc4, 0x12, 0x7f, 0xff, 0xff, 0x20,
    0x4f, 0xff, 0x40, 0x9, 0xff, 0xf2, 0x0, 0xa,
    0xff, 0xff, 0xff, 0xff, 0xce, 0xff, 0xfe, 0xff,
    0xfb, 0x0, 0x3, 0xff, 0xfa, 0x0, 0x0, 0xbf,
    0xff, 0xff, 0xfe, 0x27, 0xff, 0xff, 0xff, 0xd1,
    0x0, 0x0, 0xdf, 0xff, 0x40, 0x0, 0x6, 0xcf,
    0xfd, 0x91, 0x0, 0x5b, 0xff, 0xd8, 0x10, 0x0,
    0x0, 0x4f, 0xff, 0xe1, 0x0, 0x0, 0x0, 0x0,
    0x0, 0x0, 0x0, 0x0, 0x0, 0x0, 0x0, 0x0,
    0xa, 0xff, 0xfe, 0x30, 0x0, 0x0, 0x0, 0x0,
    0x0, 0x0, 0x0, 0x0, 0x0, 0x0, 0x0, 0x0,
    0xdf, 0xff, 0xf9, 0x20, 0x0, 0x0, 0x0, 0x0,
    0x4, 0x0, 0x0, 0x0, 0x0, 0x0, 0x0, 0x1c,
    0xff, 0xff, 0xfc, 0x85, 0x43, 0x34, 0x7a, 0xef,
    0x30, 0x0, 0x0, 0x0, 0x0, 0x0, 0x0, 0x9f,
    0xff, 0xff, 0xff, 0xff, 0xff, 0xff, 0xff, 0x90,
    0x0, 0x0, 0x0, 0x0, 0x0, 0x0, 0x3, 0xaf,
    0xff, 0xff, 0xff, 0xff, 0xff, 0xff, 0x90, 0x0,
    0x0, 0x0, 0x0, 0x0, 0x0, 0x0, 0x1, 0x59,
    0xce, 0xff, 0xfe, 0xb9, 0x51, 0x0, 0x0, 0x0,
    0x0,

    /* U+0041 "A" */
    0x0, 0x0, 0x0, 0x0, 0x4f, 0xff, 0xff, 0x50,
    0x0, 0x0, 0x0, 0x0, 0x0, 0x0, 0x0, 0x9,
    0xff, 0xff, 0xfb, 0x0, 0x0, 0x0, 0x0, 0x0,
    0x0, 0x0, 0x0, 0xef, 0xff, 0xff, 0xf1, 0x0,
    0x0, 0x0, 0x0, 0x0, 0x0, 0x0, 0x4f, 0xff,
    0xef, 0xff, 0x60, 0x0, 0x0, 0x0, 0x0, 0x0,
    0x0, 0x9, 0xff, 0xf6, 0xff, 0xfc, 0x0, 0x0,
    0x0, 0x0, 0x0, 0x0, 0x0, 0xef, 0xff, 0xe,
    0xff, 0xf1, 0x0, 0x0, 0x0, 0x0, 0x0, 0x0,
    0x4f, 0xff, 0xb0, 0xaf, 0xff, 0x70, 0x0, 0x0,
    0x0, 0x0, 0x0, 0xa, 0xff, 0xf7, 0x6, 0xff,
    0xfc, 0x0, 0x0, 0x0, 0x0, 0x0, 0x0, 0xff,
    0xff, 0x30, 0x1f, 0xff, 0xf2, 0x0, 0x0, 0x0,
    0x0, 0x0, 0x5f, 0xff, 0xe0, 0x0, 0xdf, 0xff,
    0x70, 0x0, 0x0, 0x0, 0x0, 0xa, 0xff, 0xfa,
    0x0, 0x8, 0xff, 0xfd, 0x0, 0x0, 0x0, 0x0,
    0x0, 0xff, 0xff, 0x50, 0x0, 0x3f, 0xff, 0xf2,
    0x0, 0x0, 0x0, 0x0, 0x5f, 0xff, 0xf0, 0x0,
    0x0, 0xef, 0xff, 0x80, 0x0, 0x0, 0x0, 0xa,
    0xff, 0xfb, 0x0, 0x0, 0x8, 0xff, 0xfd, 0x0,
    0x0, 0x0, 0x0, 0xff, 0xff, 0xa6, 0x66, 0x66,
    0x9f, 0xff, 0xf3, 0x0, 0x0, 0x0, 0x5f, 0xff,
    0xff, 0xff, 0xff, 0xff, 0xff, 0xff, 0x90, 0x0,
    0x0, 0xa, 0xff, 0xff, 0xff, 0xff, 0xff, 0xff,
    0xff, 0xfe, 0x0, 0x0, 0x0, 0xff, 0xff, 0xff,
    0xff, 0xff, 0xff, 0xff, 0xff, 0xf4, 0x0, 0x0,
    0x5f, 0xff, 0xf1, 0x0, 0x0, 0x0, 0x0, 0xef,
    0xff, 0x90, 0x0, 0xb, 0xff, 0xfc, 0x0, 0x0,
    0x0, 0x0, 0x8, 0xff, 0xfe, 0x0, 0x0, 0xff,
    0xff, 0x70, 0x0, 0x0, 0x0, 0x0, 0x3f, 0xff,
    0xf4, 0x0, 0x6f, 0xff, 0xf2, 0x0, 0x0, 0x0,
    0x0, 0x0, 0xef, 0xff, 0xa0, 0xb, 0xff, 0xfd,
    0x0, 0x0, 0x0, 0x0, 0x0, 0x8, 0xff, 0xff,
    0x1, 0xff, 0xff, 0x80, 0x0, 0x0, 0x0, 0x0,
    0x0, 0x3f, 0xff, 0xf5,

    /* U+0042 "B" */
    0xaf, 0xff, 0xff, 0xff, 0xff, 0xec, 0x72, 0x0,
    0x0, 0xaf, 0xff, 0xff, 0xff, 0xff, 0xff, 0xff,
    0x80, 0x0, 0xaf, 0xff, 0xff, 0xff, 0xff, 0xff,
    0xff, 0xf8, 0x0, 0xaf, 0xff, 0xc8, 0x88, 0x8a,
    0xdf, 0xff, 0xff, 0x20, 0xaf, 0xff, 0x80, 0x0,
    0x0, 0x6, 0xff, 0xff, 0x80, 0xaf, 0xff, 0x80,
    0x0, 0x0, 0x0, 0xaf, 0xff, 0xa0, 0xaf, 0xff,
    0x80, 0x0, 0x0, 0x0, 0x7f, 0xff, 0xb0, 0xaf,
    0xff, 0x80, 0x0, 0x0, 0x0, 0x8f, 0xff, 0x90,
    0xaf, 0xff, 0x80, 0x0, 0x0, 0x1, 0xef, 0xff,
    0x30, 0xaf, 0xff, 0x80, 0x0, 0x1, 0x5e, 0xff,
    0xf7, 0x0, 0xaf, 0xff, 0xff, 0xff, 0xff, 0xff,
    0xfc, 0x40, 0x0, 0xaf, 0xff, 0xff, 0xff, 0xff,
    0xff, 0xe8, 0x20, 0x0, 0xaf, 0xff, 0xff, 0xff,
    0xff, 0xff, 0xff, 0xf8, 0x0, 0xaf, 0xff, 0x81,
    0x11, 0x11, 0x3a, 0xff, 0xff, 0x70, 0xaf, 0xff,
    0x80, 0x0, 0x0, 0x0, 0x7f, 0xff, 0xf1, 0xaf,
    0xff, 0x80, 0x0, 0x0, 0x0, 0xd, 0xff, 0xf6,
    0xaf, 0xff, 0x80, 0x0, 0x0, 0x0, 0x9, 0xff,
    0xf9, 0xaf, 0xff, 0x80, 0x0, 0x0, 0x0, 0x9,
    0xff, 0xfa, 0xaf, 0xff, 0x80, 0x0, 0x0, 0x0,
    0xe, 0xff, 0xf8, 0xaf, 0xff, 0x80, 0x0, 0x0,
    0x0, 0xaf, 0xff, 0xf4, 0xaf, 0xff, 0xc8, 0x88,
    0x89, 0xae, 0xff, 0xff, 0xd0, 0xaf, 0xff, 0xff,
    0xff, 0xff, 0xff, 0xff, 0xff, 0x30, 0xaf, 0xff,
    0xff, 0xff, 0xff, 0xff, 0xff, 0xd3, 0x0, 0xaf,
    0xff, 0xff, 0xff, 0xff, 0xed, 0xa5, 0x0, 0x0,

    /* U+0043 "C" */
    0x0, 0x0, 0x0, 0x5, 0xad, 0xff, 0xec, 0x72,
    0x0, 0x0, 0x0, 0x0, 0x0, 0x5, 0xef, 0xff,
    0xff, 0xff, 0xff, 0xa1, 0x0, 0x0, 0x0, 0x0,
    0x9f, 0xff, 0xff, 0xff, 0xff, 0xff, 0xfe, 0x30,
    0x0, 0x0, 0x9, 0xff, 0xff, 0xff, 0xed, 0xef,
    0xff, 0xff, 0xe2, 0x0, 0x0, 0x5f, 0xff, 0xff,
    0x71, 0x0, 0x3, 0xaf, 0xff, 0xfc, 0x0, 0x0,
    0xef, 0xff, 0xe2, 0x0, 0x0, 0x0, 0x7, 0xff,
    0xff, 0x40, 0x6, 0xff, 0xff, 0x40, 0x0, 0x0,
    0x0, 0x0, 0xbf, 0xff, 0xa0, 0xc, 0xff, 0xfa,
    0x0, 0x0, 0x0, 0x0, 0x0, 0x4f, 0xff, 0xe0,
    0xf, 0xff, 0xf4, 0x0, 0x0, 0x0, 0x0, 0x0,
    0x2, 0x22, 0x20, 0x3f, 0xff, 0xf0, 0x0, 0x0,
    0x0, 0x0, 0x0, 0x0, 0x0, 0x0, 0x5f, 0xff,
    0xe0, 0x0, 0x0, 0x0, 0x0, 0x0, 0x0, 0x0,
    0x0, 0x5f, 0xff, 0xd0, 0x0, 0x0, 0x0, 0x0,
    0x0, 0x0, 0x0, 0x0, 0x5f, 0xff, 0xd0, 0x0,
    0x0, 0x0, 0x0, 0x0, 0x0, 0x0, 0x0, 0x5f,
    0xff, 0xe0, 0x0, 0x0, 0x0, 0x0, 0x0, 0x0,
    0x0, 0x0, 0x3f, 0xff, 0xf0, 0x0, 0x0, 0x0,
    0x0, 0x0, 0x0, 0x0, 0x0, 0xf, 0xff, 0xf4,
    0x0, 0x0, 0x0, 0x0, 0x0, 0x1, 0x11, 0x10,
    0xc, 0xff, 0xfa, 0x0, 0x0, 0x0, 0x0, 0x0,
    0x4f, 0xff, 0xe0, 0x6, 0xff, 0xff, 0x30, 0x0,
    0x0, 0x0, 0x0, 0xbf, 0xff, 0xa0, 0x0, 0xef,
    0xff, 0xe2, 0x0, 0x0, 0x0, 0x7, 0xff, 0xff,
    0x40, 0x0, 0x5f, 0xff, 0xff, 0x71, 0x0, 0x2,
    0xaf, 0xff, 0xfb, 0x0, 0x0, 0x9, 0xff, 0xff,
    0xff, 0xdd, 0xef, 0xff, 0xff, 0xe1, 0x0, 0x0,
    0x0, 0x9f, 0xff, 0xff, 0xff, 0xff, 0xff, 0xfe,
    0x20, 0x0, 0x0, 0x0, 0x5, 0xef, 0xff, 0xff,
    0xff, 0xff, 0xa1, 0x0, 0x0, 0x0, 0x0, 0x0,
    0x5, 0xad, 0xff, 0xec, 0x82, 0x0, 0x0, 0x0,

    /* U+0044 "D" */
    0xaf, 0xff, 0xff, 0xff, 0xff, 0xda, 0x50, 0x0,
    0x0, 0x0, 0xaf, 0xff, 0xff, 0xff, 0xff, 0xff,
    0xfe, 0x60, 0x0, 0x0, 0xaf, 0xff, 0xff, 0xff,
    0xff, 0xff, 0xff, 0xfb, 0x0, 0x0, 0xaf, 0xff,
    0xda, 0xaa, 0xbc, 0xff, 0xff, 0xff, 0xc0, 0x0,
    0xaf, 0xff, 0x80, 0x0, 0x0, 0x4, 0xdf, 0xff,
    0xf8, 0x0, 0xaf, 0xff, 0x80, 0x0, 0x0, 0x0,
    0xb, 0xff, 0xff, 0x20, 0xaf, 0xff, 0x80, 0x0,
    0x0, 0x0, 0x0, 0xef, 0xff, 0x80, 0xaf, 0xff,
    0x80, 0x0, 0x0, 0x0, 0x0, 0x6f, 0xff, 0xe0,
    0xaf, 0xff, 0x80, 0x0, 0x0, 0x0, 0x0, 0x1f,
    0xff, 0xf2, 0xaf, 0xff, 0x80, 0x0, 0x0, 0x0,
    0x0, 0xd, 0xff, 0xf4, 0xaf, 0xff, 0x80, 0x0,
    0x0, 0x0, 0x0, 0xb, 0xff, 0xf6, 0xaf, 0xff,
    0x80, 0x0, 0x0, 0x0, 0x0, 0xa, 0xff, 0xf7,
    0xaf, 0xff, 0x80, 0x0, 0x0, 0x0, 0x0, 0xa,
    0xff, 0xf7, 0xaf, 0xff, 0x80, 0x0, 0x0, 0x0,
    0x0, 0xb, 0xff, 0xf6, 0xaf, 0xff, 0x80, 0x0,
    0x0, 0x0, 0x0, 0xd, 0xff, 0xf4, 0xaf, 0xff,
    0x80, 0x0, 0x0, 0x0, 0x0, 0x1f, 0xff, 0xf1,
    0xaf, 0xff, 0x80, 0x0, 0x0, 0x0, 0x0, 0x7f,
    0xff, 0xd0, 0xaf, 0xff, 0x80, 0x0, 0x0, 0x0,
    0x1, 0xef, 0xff, 0x80, 0xaf, 0xff, 0x80, 0x0,
    0x0, 0x0, 0xb, 0xff, 0xff, 0x10, 0xaf, 0xff,
    0x80, 0x0, 0x0, 0x5, 0xdf, 0xff, 0xf8, 0x0,
    0xaf, 0xff, 0xda, 0xaa, 0xbc, 0xff, 0xff, 0xff,
    0xb0, 0x0, 0xaf, 0xff, 0xff, 0xff, 0xff, 0xff,
    0xff, 0xfb, 0x0, 0x0, 0xaf, 0xff, 0xff, 0xff,
    0xff, 0xff, 0xfe, 0x60, 0x0, 0x0, 0xaf, 0xff,
    0xff, 0xff, 0xfe, 0xda, 0x50, 0x0, 0x0, 0x0,

    /* U+0045 "E" */
    0xaf, 0xff, 0xff, 0xff, 0xff, 0xff, 0xff, 0xf7,
    0xaf, 0xff, 0xff, 0xff, 0xff, 0xff, 0xff, 0xf7,
    0xaf, 0xff, 0xff, 0xff, 0xff, 0xff, 0xff, 0xf7,
    0xaf, 0xff, 0xc9, 0x99, 0x99, 0x99, 0x99, 0x94,
    0xaf, 0xff, 0x80, 0x0, 0x0, 0x0, 0x0, 0x0,
    0xaf, 0xff, 0x80, 0x0, 0x0, 0x0, 0x0, 0x0,
    0xaf, 0xff, 0x80, 0x0, 0x0, 0x0, 0x0, 0x0,
    0xaf, 0xff, 0x80, 0x0, 0x0, 0x0, 0x0, 0x0,
    0xaf, 0xff, 0x80, 0x0, 0x0, 0x0, 0x0, 0x0,
    0xaf, 0xff, 0x80, 0x0, 0x0, 0x0, 0x0, 0x0,
    0xaf, 0xff, 0xc8, 0x88, 0x88, 0x88, 0x88, 0x50,
    0xaf, 0xff, 0xff, 0xff, 0xff, 0xff, 0xff, 0xa0,
    0xaf, 0xff, 0xff, 0xff, 0xff, 0xff, 0xff, 0xa0,
    0xaf, 0xff, 0xff, 0xff, 0xff, 0xff, 0xff, 0xa0,
    0xaf, 0xff, 0x80, 0x0, 0x0, 0x0, 0x0, 0x0,
    0xaf, 0xff, 0x80, 0x0, 0x0, 0x0, 0x0, 0x0,
    0xaf, 0xff, 0x80, 0x0, 0x0, 0x0, 0x0, 0x0,
    0xaf, 0xff, 0x80, 0x0, 0x0, 0x0, 0x0, 0x0,
    0xaf, 0xff, 0x80, 0x0, 0x0, 0x0, 0x0, 0x0,
    0xaf, 0xff, 0x80, 0x0, 0x0, 0x0, 0x0, 0x0,
    0xaf, 0xff, 0xc9, 0x99, 0x99, 0x99, 0x99, 0x94,
    0xaf, 0xff, 0xff, 0xff, 0xff, 0xff, 0xff, 0xf8,
    0xaf, 0xff, 0xff, 0xff, 0xff, 0xff, 0xff, 0xf8,
    0xaf, 0xff, 0xff, 0xff, 0xff, 0xff, 0xff, 0xf8,

    /* U+0046 "F" */
    0xaf, 0xff, 0xff, 0xff, 0xff, 0xff, 0xff, 0xf4,
    0xaf, 0xff, 0xff, 0xff, 0xff, 0xff, 0xff, 0xf4,
    0xaf, 0xff, 0xff, 0xff, 0xff, 0xff, 0xff, 0xf4,
    0xaf, 0xff, 0xc9, 0x99, 0x99, 0x99, 0x99, 0x92,
    0xaf, 0xff, 0x80, 0x0, 0x0, 0x0, 0x0, 0x0,
    0xaf, 0xff, 0x80, 0x0, 0x0, 0x0, 0x0, 0x0,
    0xaf, 0xff, 0x80, 0x0, 0x0, 0x0, 0x0, 0x0,
    0xaf, 0xff, 0x80, 0x0, 0x0, 0x0, 0x0, 0x0,
    0xaf, 0xff, 0x80, 0x0, 0x0, 0x0, 0x0, 0x0,
    0xaf, 0xff, 0x80, 0x0, 0x0, 0x0, 0x0, 0x0,
    0xaf, 0xff, 0x80, 0x0, 0x0, 0x0, 0x0, 0x0,
    0xaf, 0xff, 0xff, 0xff, 0xff, 0xff, 0xff, 0x30,
    0xaf, 0xff, 0xff, 0xff, 0xff, 0xff, 0xff, 0x30,
    0xaf, 0xff, 0xff, 0xff, 0xff, 0xff, 0xff, 0x30,
    0xaf, 0xff, 0xc8, 0x88, 0x88, 0x88, 0x88, 0x10,
    0xaf, 0xff, 0x80, 0x0, 0x0, 0x0, 0x0, 0x0,
    0xaf, 0xff, 0x80, 0x0, 0x0, 0x0, 0x0, 0x0,
    0xaf, 0xff, 0x80, 0x0, 0x0, 0x0, 0x0, 0x0,
    0xaf, 0xff, 0x80, 0x0, 0x0, 0x0, 0x0, 0x0,
    0xaf, 0xff, 0x80, 0x0, 0x0, 0x0, 0x0, 0x0,
    0xaf, 0xff, 0x80, 0x0, 0x0, 0x0, 0x0, 0x0,
    0xaf, 0xff, 0x80, 0x0, 0x0, 0x0, 0x0, 0x0,
    0xaf, 0xff, 0x80, 0x0, 0x0, 0x0, 0x0, 0x0,
    0xaf, 0xff, 0x80, 0x0, 0x0, 0x0, 0x0, 0x0,

    /* U+0047 "G" */
    0x0, 0x0, 0x0, 0x5, 0xad, 0xff, 0xec, 0x72,
    0x0, 0x0, 0x0, 0x0, 0x0, 0x5, 0xdf, 0xff,
    0xff, 0xff, 0xff, 0xa1, 0x0, 0x0, 0x0, 0x0,
    0x9f, 0xff, 0xff, 0xff, 0xff, 0xff, 0xff, 0x30,
    0x0, 0x0, 0x9, 0xff, 0xff, 0xff, 0xed, 0xef,
    0xff, 0xff, 0xf3, 0x0, 0x0, 0x5f, 0xff, 0xff,
    0x81, 0x0, 0x2, 0xaf, 0xff, 0xfd, 0x0, 0x0,
    0xef, 0xff, 0xe3, 0x0, 0x0, 0x0, 0x7, 0xff,
    0xff, 0x60, 0x6, 0xff, 0xff, 0x40, 0x0, 0x0,
    0x0, 0x0, 0xbf, 0xff, 0xc0, 0xb, 0xff, 0xfb,
    0x0, 0x0, 0x0, 0x0, 0x0, 0x39, 0x99, 0x80,
    0xf, 0xff, 0xf5, 0x0, 0x0, 0x0, 0x0, 0x0,
    0x0, 0x0, 0x0, 0x3f, 0xff, 0xf0, 0x0, 0x0,
    0x0, 0x0, 0x0, 0x0, 0x0, 0x0, 0x5f, 0xff,
    0xe0, 0x0, 0x0, 0x0, 0x0, 0x0, 0x0, 0x0,
    0x0, 0x5f, 0xff, 0xd0, 0x0, 0x0, 0x2, 0xff,
    0xff, 0xff, 0xff, 0xf4, 0x5f, 0xff, 0xd0, 0x0,
    0x0, 0x2, 0xff, 0xff, 0xff, 0xff, 0xf4, 0x5f,
    0xff, 0xe0, 0x0, 0x0, 0x2, 0xff, 0xff, 0xff,
    0xff, 0xf4, 0x3f, 0xff, 0xf0, 0x0, 0x0, 0x0,
    0x55, 0x55, 0x5e, 0xff, 0xf3, 0xf, 0xff, 0xf4,
    0x0, 0x0, 0x0, 0x0, 0x0, 0xe, 0xff, 0xf2,
    0xc, 0xff, 0xfa, 0x0, 0x0, 0x0, 0x0, 0x0,
    0x2f, 0xff, 0xf0, 0x6, 0xff, 0xff, 0x30, 0x0,
    0x0, 0x0, 0x0, 0x9f, 0xff, 0xb0, 0x0, 0xef,
    0xff, 0xe2, 0x0, 0x0, 0x0, 0x5, 0xff, 0xff,
    0x50, 0x0, 0x6f, 0xff, 0xff, 0x71, 0x0, 0x2,
    0x9f, 0xff, 0xfd, 0x0, 0x0, 0xa, 0xff, 0xff,
    0xff, 0xed, 0xef, 0xff, 0xff, 0xf3, 0x0, 0x0,
    0x0, 0xaf, 0xff, 0xff, 0xff, 0xff, 0xff, 0xff,
    0x40, 0x0, 0x0, 0x0, 0x6, 0xef, 0xff, 0xff,
    0xff, 0xff, 0xc2, 0x0, 0x0, 0x0, 0x0, 0x0,
    0x5, 0xad, 0xff, 0xfc, 0x93, 0x0, 0x0, 0x0,

    /* U+0048 "H" */
    0xaf, 0xff, 0x80, 0x0, 0x0, 0x0, 0x0, 0xa,
    0xff, 0xf8, 0xaf, 0xff, 0x80, 0x0, 0x0, 0x0,
    0x0, 0xa, 0xff, 0xf8, 0xaf, 0xff, 0x80, 0x0,
    0x0, 0x0, 0x0, 0xa, 0xff, 0xf8, 0xaf, 0xff,
    0x80, 0x0, 0x0, 0x0, 0x0, 0xa, 0xff, 0xf8,
    0xaf, 0xff, 0x80, 0x0, 0x0, 0x0, 0x0, 0xa,
    0xff, 0xf8, 0xaf, 0xff, 0x80, 0x0, 0x0, 0x0,
    0x0, 0xa, 0xff, 0xf8, 0xaf, 0xff, 0x80, 0x0,
    0x0, 0x0, 0x0, 0xa, 0xff, 0xf8, 0xaf, 0xff,
    0x80, 0x0, 0x0, 0x0, 0x0, 0xa, 0xff, 0xf8,
    0xaf, 0xff, 0x80, 0x0, 0x0, 0x0, 0x0, 0xa,
    0xff, 0xf8, 0xaf, 0xff, 0x80, 0x0, 0x0, 0x0,
    0x0, 0xa, 0xff, 0xf8, 0xaf, 0xff, 0xff, 0xff,
    0xff, 0xff, 0xff, 0xff, 0xff, 0xf8, 0xaf, 0xff,
    0xff, 0xff, 0xff, 0xff, 0xff, 0xff, 0xff, 0xf8,
    0xaf, 0xff, 0xff, 0xff, 0xff, 0xff, 0xff, 0xff,
    0xff, 0xf8, 0xaf, 0xff, 0xc9, 0x99, 0x99, 0x99,
    0x99, 0x9d, 0xff, 0xf8, 0xaf, 0xff, 0x80, 0x0,
    0x0, 0x0, 0x0, 0xa, 0xff, 0xf8, 0xaf, 0xff,
    0x80, 0x0, 0x0, 0x0, 0x0, 0xa, 0xff, 0xf8,
    0xaf, 0xff, 0x80, 0x0, 0x0, 0x0, 0x0, 0xa,
    0xff, 0xf8, 0xaf, 0xff, 0x80, 0x0, 0x0, 0x0,
    0x0, 0xa, 0xff, 0xf8, 0xaf, 0xff, 0x80, 0x0,
    0x0, 0x0, 0x0, 0xa, 0xff, 0xf8, 0xaf, 0xff,
    0x80, 0x0, 0x0, 0x0, 0x0, 0xa, 0xff, 0xf8,
    0xaf, 0xff, 0x80, 0x0, 0x0, 0x0, 0x0, 0xa,
    0xff, 0xf8, 0xaf, 0xff, 0x80, 0x0, 0x0, 0x0,
    0x0, 0xa, 0xff, 0xf8, 0xaf, 0xff, 0x80, 0x0,
    0x0, 0x0, 0x0, 0xa, 0xff, 0xf8, 0xaf, 0xff,
    0x80, 0x0, 0x0, 0x0, 0x0, 0xa, 0xff, 0xf8,

    /* U+0049 "I" */
    0xaf, 0xff, 0x8a, 0xff, 0xf8, 0xaf, 0xff, 0x8a,
    0xff, 0xf8, 0xaf, 0xff, 0x8a, 0xff, 0xf8, 0xaf,
    0xff, 0x8a, 0xff, 0xf8, 0xaf, 0xff, 0x8a, 0xff,
    0xf8, 0xaf, 0xff, 0x8a, 0xff, 0xf8, 0xaf, 0xff,
    0x8a, 0xff, 0xf8, 0xaf, 0xff, 0x8a, 0xff, 0xf8,
    0xaf, 0xff, 0x8a, 0xff, 0xf8, 0xaf, 0xff, 0x8a,
    0xff, 0xf8, 0xaf, 0xff, 0x8a, 0xff, 0xf8, 0xaf,
    0xff, 0x8a, 0xff, 0xf8,

    /* U+004A "J" */
    0x0, 0x0, 0x0, 0x0, 0x0, 0xe, 0xff, 0xf3,
    0x0, 0x0, 0x0, 0x0, 0x0, 0xe, 0xff, 0xf3,
    0x0, 0x0, 0x0, 0x0, 0x0, 0xe, 0xff, 0xf3,
    0x0, 0x0, 0x0, 0x0, 0x0, 0xe, 0xff, 0xf3,
    0x0, 0x0, 0x0, 0x0, 0x0, 0xe, 0xff, 0xf3,
    0x0, 0x0, 0x0, 0x0, 0x0, 0xe, 0xff, 0xf3,
    0x0, 0x0, 0x0, 0x0, 0x0, 0xe, 0xff, 0xf3,
    0x0, 0x0, 0x0, 0x0, 0x0, 0xe, 0xff, 0xf3,
    0x0, 0x0, 0x0, 0x0, 0x0, 0xe, 0xff, 0xf3,
    0x0, 0x0, 0x0, 0x0, 0x0, 0xe, 0xff, 0xf3,
    0x0, 0x0, 0x0, 0x0, 0x0, 0xe, 0xff, 0xf3,
    0x0, 0x0, 0x0, 0x0, 0x0, 0xe, 0xff, 0xf3,
    0x0, 0x0, 0x0, 0x0, 0x0, 0xe, 0xff, 0xf3,
    0x0, 0x0, 0x0, 0x0, 0x0, 0xe, 0xff, 0xf3,
    0x0, 0x0, 0x0, 0x0, 0x0, 0xe, 0xff, 0xf3,
    0x8a, 0xaa, 0x40, 0x0, 0x0, 0xe, 0xff, 0xf3,
    0xcf, 0xff, 0x60, 0x0, 0x0, 0xe, 0xff, 0xf3,
    0xbf, 0xff, 0x70, 0x0, 0x0, 0xf, 0xff, 0xf2,
    0x9f, 0xff, 0xb0, 0x0, 0x0, 0x4f, 0xff, 0xf0,
    0x5f, 0xff, 0xf5, 0x0, 0x1, 0xcf, 0xff, 0xc0,
    0xe, 0xff, 0xff, 0xb8, 0xae, 0xff, 0xff, 0x50,
    0x4, 0xff, 0xff, 0xff, 0xff, 0xff, 0xfb, 0x0,
    0x0, 0x4e, 0xff, 0xff, 0xff, 0xff, 0xa0, 0x0,
    0x0, 0x0, 0x7b, 0xef, 0xfd, 0x93, 0x0, 0x0,

    /* U+004B "K" */
    0xaf, 0xff, 0x80, 0x0, 0x0, 0x0, 0x2, 0xef,
    0xff, 0xe2, 0xaf, 0xff, 0x80, 0x0, 0x0, 0x0,
    0x1d, 0xff, 0xff, 0x30, 0xaf, 0xff, 0x80, 0x0,
    0x0, 0x0, 0xcf, 0xff, 0xf5, 0x0, 0xaf, 0xff,
    0x80, 0x0, 0x0, 0xa, 0xff, 0xff, 0x80, 0x0,
    0xaf, 0xff, 0x80, 0x0, 0x0, 0x8f, 0xff, 0xfa,
    0x0, 0x0, 0xaf, 0xff, 0x80, 0x0, 0x5, 0xff,
    0xff, 0xc0, 0x0, 0x0, 0xaf, 0xff, 0x80, 0x0,
    0x3f, 0xff, 0xfd, 0x10, 0x0, 0x0, 0xaf, 0xff,
    0x80, 0x1, 0xef, 0xff, 0xe2, 0x0, 0x0, 0x0,
    0xaf, 0xff, 0x70, 0xc, 0xff, 0xff, 0x30, 0x0,
    0x0, 0x0, 0xaf, 0xff, 0x70, 0x9f, 0xff, 0xf5,
    0x0, 0x0, 0x0, 0x0, 0xaf, 0xff, 0x75, 0xff,
    0xff, 0xc0, 0x0, 0x0, 0x0, 0x0, 0xaf, 0xff,
    0x8e, 0xff, 0xff, 0xf5, 0x0, 0x0, 0x0, 0x0,
    0xaf, 0xff, 0xff, 0xff, 0xff, 0xfe, 0x10, 0x0,
    0x0, 0x0, 0xaf, 0xff, 0xff, 0xf9, 0xff, 0xff,
    0xa0, 0x0, 0x0, 0x0, 0xaf, 0xff, 0xff, 0x80,
    0x7f, 0xff, 0xf5, 0x0, 0x0, 0x0, 0xaf, 0xff,
    0xfa, 0x0, 0xc, 0xff, 0xfe, 0x10, 0x0, 0x0,
    0xaf, 0xff, 0xc0, 0x0, 0x3, 0xff, 0xff, 0xa0,
    0x0, 0x0, 0xaf, 0xff, 0x80, 0x0, 0x0, 0x8f,
    0xff, 0xf5, 0x0, 0x0, 0xaf, 0xff, 0x80, 0x0,
    0x0, 0xd, 0xff, 0xfe, 0x10, 0x0, 0xaf, 0xff,
    0x80, 0x0, 0x0, 0x3, 0xff, 0xff, 0xa0, 0x0,
    0xaf, 0xff, 0x80, 0x0, 0x0, 0x0, 0x8f, 0xff,
    0xf5, 0x0, 0xaf, 0xff, 0x80, 0x0, 0x0, 0x0,
    0xd, 0xff, 0xfe, 0x10, 0xaf, 0xff, 0x80, 0x0,
    0x0, 0x0, 0x3, 0xff, 0xff, 0xa0, 0xaf, 0xff,
    0x80, 0x0, 0x0, 0x0, 0x0, 0x9f, 0xff, 0xf5,

    /* U+004C "L" */
    0xaf, 0xff, 0x80, 0x0, 0x0, 0x0, 0x0, 0xa,
    0xff, 0xf8, 0x0, 0x0, 0x0, 0x0, 0x0, 0xaf,
    0xff, 0x80, 0x0, 0x0, 0x0, 0x0, 0xa, 0xff,
    0xf8, 0x0, 0x0, 0x0, 0x0, 0x0, 0xaf, 0xff,
    0x80, 0x0, 0x0, 0x0, 0x0, 0xa, 0xff, 0xf8,
    0x0, 0x0, 0x0, 0x0, 0x0, 0xaf, 0xff, 0x80,
    0x0, 0x0, 0x0, 0x0, 0xa, 0xff, 0xf8, 0x0,
    0x0, 0x0, 0x0, 0x0, 0xaf, 0xff, 0x80, 0x0,
    0x0, 0x0, 0x0, 0xa, 0xff, 0xf8, 0x0, 0x0,
    0x0, 0x0, 0x0, 0xaf, 0xff, 0x80, 0x0, 0x0,
    0x0, 0x0, 0xa, 0xff, 0xf8, 0x0, 0x0, 0x0,
    0x0, 0x0, 0xaf, 0xff, 0x80, 0x0, 0x0, 0x0,
    0x0, 0xa, 0xff, 0xf8, 0x0, 0x0, 0x0, 0x0,
    0x0, 0xaf, 0xff, 0x80, 0x0, 0x0, 0x0, 0x0,
    0xa, 0xff, 0xf8, 0x0, 0x0, 0x0, 0x0, 0x0,
    0xaf, 0xff, 0x80, 0x0, 0x0, 0x0, 0x0, 0xa,
    0xff, 0xf8, 0x0, 0x0, 0x0, 0x0, 0x0, 0xaf,
    0xff, 0x80, 0x0, 0x0, 0x0, 0x0, 0xa, 0xff,
    0xf8, 0x0, 0x0, 0x0, 0x0, 0x0, 0xaf, 0xff,
    0xc9, 0x99, 0x99, 0x99, 0x99, 0x7a, 0xff, 0xff,
    0xff, 0xff, 0xff, 0xff, 0xfc, 0xaf, 0xff, 0xff,
    0xff, 0xff, 0xff, 0xff, 0xca, 0xff, 0xff, 0xff,
    0xff, 0xff, 0xff, 0xfc,

    /* U+004D "M" */
    0xaf, 0xff, 0xff, 0xc0, 0x0, 0x0, 0x0, 0x0,
    0x0, 0x4f, 0xff, 0xff, 0xf2, 0xaf, 0xff, 0xff,
    0xf2, 0x0, 0x0, 0x0, 0x0, 0x0, 0xaf, 0xff,
    0xff, 0xf2, 0xaf, 0xff, 0xff, 0xf8, 0x0, 0x0,
    0x0, 0x0, 0x0, 0xff, 0xff, 0xff, 0xf2, 0xaf,
    0xff, 0xff, 0xfd, 0x0, 0x0, 0x0, 0x0, 0x5,
    0xff, 0xff, 0xff, 0xf2, 0xaf, 0xff, 0xef, 0xff,
    0x30, 0x0, 0x0, 0x0, 0xb, 0xff, 0xfe, 0xff,
    0xf2, 0xaf, 0xff, 0x9f, 0xff, 0x90, 0x0, 0x0,
    0x0, 0x1f, 0xff, 0xbe, 0xff, 0xf2, 0xaf, 0xff,
    0x6f, 0xff, 0xe0, 0x0, 0x0, 0x0, 0x6f, 0xff,
    0x7e, 0xff, 0xf2, 0xaf, 0xff, 0x5b, 0xff, 0xf4,
    0x0, 0x0, 0x0, 0xcf, 0xff, 0x2e, 0xff, 0xf2,
    0xaf, 0xff, 0x67, 0xff, 0xfa, 0x0, 0x0, 0x2,
    0xff, 0xfe, 0xf, 0xff, 0xf2, 0xaf, 0xff, 0x62,
    0xff, 0xff, 0x0, 0x0, 0x7, 0xff, 0xf9, 0xf,
    0xff, 0xf2, 0xaf, 0xff, 0x60, 0xdf, 0xff, 0x60,
    0x0, 0xd, 0xff, 0xf4, 0xf, 0xff, 0xf2, 0xaf,
    0xff, 0x60, 0x8f, 0xff, 0xb0, 0x0, 0x3f, 0xff,
    0xe0, 0xf, 0xff, 0xf2, 0xaf, 0xff, 0x70, 0x2f,
    0xff, 0xf1, 0x0, 0x8f, 0xff, 0x90, 0xf, 0xff,
    0xf2, 0xaf, 0xff, 0x70, 0xc, 0xff, 0xf6, 0x0,
    0xdf, 0xff, 0x40, 0xf, 0xff, 0xf2, 0xaf, 0xff,
    0x70, 0x7, 0xff, 0xfa, 0x1, 0xff, 0xfe, 0x0,
    0xf, 0xff, 0xf2, 0xaf, 0xff, 0x70, 0x1, 0xff,
    0xfe, 0x5, 0xff, 0xf8, 0x0, 0xf, 0xff, 0xf2,
    0xaf, 0xff, 0x70, 0x0, 0xbf, 0xff, 0x29, 0xff,
    0xf3, 0x0, 0xf, 0xff, 0xf2, 0xaf, 0xff, 0x70,
    0x0, 0x5f, 0xff, 0x6d, 0xff, 0xd0, 0x0, 0xf,
    0xff, 0xf2, 0xaf, 0xff, 0x70, 0x0, 0xf, 0xff,
    0xbf, 0xff, 0x70, 0x0, 0xf, 0xff, 0xf2, 0xaf,
    0xff, 0x70, 0x0, 0xa, 0xff, 0xff, 0xff, 0x20,
    0x0, 0xf, 0xff, 0xf2, 0xaf, 0xff, 0x70, 0x0,
    0x4, 0xff, 0xff, 0xfc, 0x0, 0x0, 0xf, 0xff,
    0xf2, 0xaf, 0xff, 0x70, 0x0, 0x0, 0xef, 0xff,
    0xf6, 0x0, 0x0, 0xf, 0xff, 0xf2, 0xaf, 0xff,
    0x70, 0x0, 0x0, 0x8f, 0xff, 0xf1, 0x0, 0x0,
    0xf, 0xff, 0xf2, 0xaf, 0xff, 0x70, 0x0, 0x0,
    0x3f, 0xff, 0xb0, 0x0, 0x0, 0xf, 0xff, 0xf2,

    /* U+004E "N" */
    0xaf, 0xff, 0xf5, 0x0, 0x0, 0x0, 0x0, 0x4,
    0xff, 0xff, 0xaf, 0xff, 0xfe, 0x10, 0x0, 0x0,
    0x0, 0x4, 0xff, 0xff, 0xaf, 0xff, 0xff, 0x90,
    0x0, 0x0, 0x0, 0x4, 0xff, 0xff, 0xaf, 0xff,
    0xff, 0xf3, 0x0, 0x0, 0x0, 0x4, 0xff, 0xff,
    0xaf, 0xff, 0xff, 0xfc, 0x0, 0x0, 0x0, 0x4,
    0xff, 0xff, 0xaf, 0xff, 0xdf, 0xff, 0x60, 0x0,
    0x0, 0x4, 0xff, 0xff, 0xaf, 0xff, 0x7f, 0xff,
    0xe1, 0x0, 0x0, 0x4, 0xff, 0xff, 0xaf, 0xff,
    0x69, 0xff, 0xfa, 0x0, 0x0, 0x4, 0xff, 0xff,
    0xaf, 0xff, 0x71, 0xff, 0xff, 0x30, 0x0, 0x4,
    0xff, 0xff, 0xaf, 0xff, 0x80, 0x8f, 0xff, 0xd0,
    0x0, 0x4, 0xff, 0xff, 0xaf, 0xff, 0x80, 0x1e,
    0xff, 0xf7, 0x0, 0x4, 0xff, 0xff, 0xaf, 0xff,
    0x90, 0x6, 0xff, 0xff, 0x10, 0x4, 0xff, 0xff,
    0xaf, 0xff, 0x90, 0x0, 0xcf, 0xff, 0xa0, 0x4,
    0xff, 0xff, 0xaf, 0xff, 0x90, 0x0, 0x3f, 0xff,
    0xf4, 0x4, 0xff, 0xff, 0xaf, 0xff, 0x90, 0x0,
    0x9, 0xff, 0xfd, 0x3, 0xff, 0xff, 0xaf, 0xff,
    0x90, 0x0, 0x0, 0xef, 0xff, 0x63, 0xff, 0xff,
    0xaf, 0xff, 0x90, 0x0, 0x0, 0x5f, 0xff, 0xe2,
    0xff, 0xff, 0xaf, 0xff, 0x90, 0x0, 0x0, 0xb,
    0xff, 0xf7, 0xff, 0xff, 0xaf, 0xff, 0x90, 0x0,
    0x0, 0x2, 0xff, 0xfd, 0xff, 0xff, 0xaf, 0xff,
    0x90, 0x0, 0x0, 0x0, 0x8f, 0xff, 0xff, 0xff,
    0xaf, 0xff, 0x90, 0x0, 0x0, 0x0, 0xe, 0xff,
    0xff, 0xff, 0xaf, 0xff, 0x90, 0x0, 0x0, 0x0,
    0x4, 0xff, 0xff, 0xff, 0xaf, 0xff, 0x90, 0x0,
    0x0, 0x0, 0x0, 0xbf, 0xff, 0xff, 0xaf, 0xff,
    0x90, 0x0, 0x0, 0x0, 0x0, 0x2f, 0xff, 0xff,

    /* U+004F "O" */
    0x0, 0x0, 0x0, 0x5, 0xad, 0xff, 0xec, 0x82,
    0x0, 0x0, 0x0, 0x0, 0x0, 0x5, 0xef, 0xff,
    0xff, 0xff, 0xff, 0xb1, 0x0, 0x0, 0x0, 0x0,
    0x9f, 0xff, 0xff, 0xff, 0xff, 0xff, 0xfe, 0x40,
    0x0, 0x0, 0x9, 0xff, 0xff, 0xff, 0xed, 0xff,
    0xff, 0xff, 0xf3, 0x0, 0x0, 0x5f, 0xff, 0xff,
    0x71, 0x0, 0x3, 0xbf, 0xff, 0xfe, 0x0, 0x0,
    0xef, 0xff, 0xe2, 0x0, 0x0, 0x0, 0x7, 0xff,
    0xff, 0x80, 0x6, 0xff, 0xff, 0x30, 0x0, 0x0,
    0x0, 0x0, 0xaf, 0xff, 0xe0, 0xc, 0xff, 0xfa,
    0x0, 0x0, 0x0, 0x0, 0x0, 0x1f, 0xff, 0xf5,
    0xf, 0xff, 0xf4, 0x0, 0x0, 0x0, 0x0, 0x0,
    0xb, 0xff, 0xf9, 0x3f, 0xff, 0xf0, 0x0, 0x0,
    0x0, 0x0, 0x0, 0x7, 0xff, 0xfc, 0x5f, 0xff,
    0xe0, 0x0, 0x0, 0x0, 0x0, 0x0, 0x4, 0xff,
    0xfe, 0x5f, 0xff, 0xd0, 0x0, 0x0, 0x0, 0x0,
    0x0, 0x4, 0xff, 0xff, 0x5f, 0xff, 0xd0, 0x0,
    0x0, 0x0, 0x0, 0x0, 0x3, 0xff, 0xff, 0x5f,
    0xff, 0xe0, 0x0, 0x0, 0x0, 0x0, 0x0, 0x4,
    0xff, 0xfe, 0x3f, 0xff, 0xf0, 0x0, 0x0, 0x0,
    0x0, 0x0, 0x7, 0xff, 0xfc, 0xf, 0xff, 0xf4,
    0x0, 0x0, 0x0, 0x0, 0x0, 0xb, 0xff, 0xf9,
    0xc, 0xff, 0xfa, 0x0, 0x0, 0x0, 0x0, 0x0,
    0x1f, 0xff, 0xf5, 0x6, 0xff, 0xff, 0x30, 0x0,
    0x0, 0x0, 0x0, 0xaf, 0xff, 0xf0, 0x0, 0xef,
    0xff, 0xe2, 0x0, 0x0, 0x0, 0x7, 0xff, 0xff,
    0x80, 0x0, 0x5f, 0xff, 0xff, 0x71, 0x0, 0x3,
    0xaf, 0xff, 0xfe, 0x0, 0x0, 0x9, 0xff, 0xff,
    0xff, 0xdd, 0xef, 0xff, 0xff, 0xf3, 0x0, 0x0,
    0x0, 0x9f, 0xff, 0xff, 0xff, 0xff, 0xff, 0xff,
    0x40, 0x0, 0x0, 0x0, 0x5, 0xef, 0xff, 0xff,
    0xff, 0xff, 0xb1, 0x0, 0x0, 0x0, 0x0, 0x0,
    0x5, 0xad, 0xff, 0xec, 0x83, 0x0, 0x0, 0x0,

    /* U+0050 "P" */
    0xaf, 0xff, 0xff, 0xff, 0xff, 0xeb, 0x60, 0x0,
    0x0, 0xaf, 0xff, 0xff, 0xff, 0xff, 0xff, 0xfe,
    0x30, 0x0, 0xaf, 0xff, 0xff, 0xff, 0xff, 0xff,
    0xff, 0xf4, 0x0, 0xaf, 0xff, 0xc9, 0x99, 0x9a,
    0xef, 0xff, 0xfe, 0x10, 0xaf, 0xff, 0x80, 0x0,
    0x0, 0x7, 0xff, 0xff, 0x80, 0xaf, 0xff, 0x80,
    0x0, 0x0, 0x0, 0xaf, 0xff, 0xe0, 0xaf, 0xff,
    0x80, 0x0, 0x0, 0x0, 0x3f, 0xff, 0xf1, 0xaf,
    0xff, 0x80, 0x0, 0x0, 0x0, 0xf, 0xff, 0xf3,
    0xaf, 0xff, 0x80, 0x0, 0x0, 0x0, 0xf, 0xff,
    0xf3, 0xaf, 0xff, 0x80, 0x0, 0x0, 0x0, 0x3f,
    0xff, 0xf1, 0xaf, 0xff, 0x80, 0x0, 0x0, 0x0,
    0xaf, 0xff, 0xe0, 0xaf, 0xff, 0x80, 0x0, 0x0,
    0x6, 0xff, 0xff, 0x80, 0xaf, 0xff, 0xc8, 0x88,
    0x89, 0xdf, 0xff, 0xfe, 0x10, 0xaf, 0xff, 0xff,
    0xff, 0xff, 0xff, 0xff, 0xf4, 0x0, 0xaf, 0xff,
    0xff, 0xff, 0xff, 0xff, 0xfe, 0x30, 0x0, 0xaf,
    0xff, 0xff, 0xff, 0xff, 0xeb, 0x60, 0x0, 0x0,
    0xaf, 0xff, 0x80, 0x0, 0x0, 0x0, 0x0, 0x0,
    0x0, 0xaf, 0xff, 0x80, 0x0, 0x0, 0x0, 0x0,
    0x0, 0x0, 0xaf, 0xff, 0x80, 0x0, 0x0, 0x0,
    0x0, 0x0, 0x0, 0xaf, 0xff, 0x80, 0x0, 0x0,
    0x0, 0x0, 0x0, 0x0, 0xaf, 0xff, 0x80, 0x0,
    0x0, 0x0, 0x0, 0x0, 0x0, 0xaf, 0xff, 0x80,
    0x0, 0x0, 0x0, 0x0, 0x0, 0x0, 0xaf, 0xff,
    0x80, 0x0, 0x0, 0x0, 0x0, 0x0, 0x0, 0xaf,
    0xff, 0x80, 0x0, 0x0, 0x0, 0x0, 0x0, 0x0,

    /* U+0051 "Q" */
    0x0, 0x0, 0x0, 0x5, 0xad, 0xff, 0xec, 0x82,
    0x0, 0x0, 0x0, 0x0, 0x0, 0x5, 0xef, 0xff,
    0xff, 0xff, 0xff, 0xb1, 0x0, 0x0, 0x0, 0x0,
    0x9f, 0xff, 0xff, 0xff, 0xff, 0xff, 0xfe, 0x40,
    0x0, 0x0, 0x9, 0xff, 0xff, 0xff, 0xed, 0xff,
    0xff, 0xff, 0xf3, 0x0, 0x0, 0x5f, 0xff, 0xff,
    0x71, 0x0, 0x3, 0xbf, 0xff, 0xfe, 0x0, 0x0,
    0xef, 0xff, 0xe2, 0x0, 0x0, 0x0, 0x7, 0xff,
    0xff, 0x80, 0x6, 0xff, 0xff, 0x30, 0x0, 0x0,
    0x0, 0x0, 0xaf, 0xff, 0xf0, 0xc, 0xff, 0xfa,
    0x0, 0x0, 0x0, 0x0, 0x0, 0x1f, 0xff, 0xf5,
    0xf, 0xff, 0xf4, 0x0, 0x0, 0x0, 0x0, 0x0,
    0xb, 0xff, 0xf9, 0x3f, 0xff, 0xf0, 0x0, 0x0,
    0x0, 0x0, 0x0, 0x7, 0xff, 0xfc, 0x5f, 0xff,
    0xe0, 0x0, 0x0, 0x0, 0x0, 0x0, 0x4, 0xff,
    0xfe, 0x5f, 0xff, 0xd0, 0x0, 0x0, 0x0, 0x0,
    0x0, 0x4, 0xff, 0xff, 0x5f, 0xff, 0xd0, 0x0,
    0x0, 0x0, 0x0, 0x0, 0x4, 0xff, 0xff, 0x5f,
    0xff, 0xe0, 0x0, 0x0, 0x0, 0x0, 0x0, 0x5,
    0xff, 0xfe, 0x3f, 0xff, 0xf0, 0x0, 0x0, 0x0,
    0x0, 0x0, 0x7, 0xff, 0xfc, 0xf, 0xff, 0xf4,
    0x0, 0x0, 0x12, 0x21, 0x0, 0xb, 0xff, 0xf9,
    0xc, 0xff, 0xfa, 0x0, 0x0, 0x8f, 0xff, 0x30,
    0x1f, 0xff, 0xf5, 0x6, 0xff, 0xff, 0x30, 0x0,
    0xb, 0xff, 0xe1, 0xaf, 0xff, 0xe0, 0x0, 0xef,
    0xff, 0xe2, 0x0, 0x1, 0xef, 0xfe, 0xff, 0xff,
    0x70, 0x0, 0x5f, 0xff, 0xff, 0x71, 0x0, 0x4f,
    0xff, 0xff, 0xfd, 0x0, 0x0, 0x9, 0xff, 0xff,
    0xff, 0xdd, 0xff, 0xff, 0xff, 0xe2, 0x0, 0x0,
    0x0, 0x9f, 0xff, 0xff, 0xff, 0xff, 0xff, 0xff,
    0x60, 0x0, 0x0, 0x0, 0x5, 0xef, 0xff, 0xff,
    0xff, 0xff, 0xff, 0xe1, 0x0, 0x0, 0x0, 0x0,
    0x5, 0xad, 0xff, 0xec, 0x76, 0xff, 0xfc, 0x0,
    0x0, 0x0, 0x0, 0x0, 0x0, 0x0, 0x0, 0x0,
    0x6f, 0xff, 0xa0, 0x0, 0x0, 0x0, 0x0, 0x0,
    0x0, 0x0, 0x0, 0x6, 0x88, 0x81,

    /* U+0052 "R" */
    0xaf, 0xff, 0xff, 0xff, 0xff, 0xeb, 0x71, 0x0,
    0x0, 0xa, 0xff, 0xff, 0xff, 0xff, 0xff, 0xff,
    0xf5, 0x0, 0x0, 0xaf, 0xff, 0xff, 0xff, 0xff,
    0xff, 0xff, 0xf6, 0x0, 0xa, 0xff, 0xfc, 0x99,
    0x99, 0xad, 0xff, 0xff, 0xf2, 0x0, 0xaf, 0xff,
    0x80, 0x0, 0x0, 0x6, 0xff, 0xff, 0xa0, 0xa,
    0xff, 0xf8, 0x0, 0x0, 0x0, 0x8, 0xff, 0xfe,
    0x0, 0xaf, 0xff, 0x80, 0x0, 0x0, 0x0, 0x2f,
    0xff, 0xf2, 0xa, 0xff, 0xf8, 0x0, 0x0, 0x0,
    0x0, 0xff, 0xff, 0x30, 0xaf, 0xff, 0x80, 0x0,
    0x0, 0x0, 0x1f, 0xff, 0xf3, 0xa, 0xff, 0xf8,
    0x0, 0x0, 0x0, 0x4, 0xff, 0xff, 0x10, 0xaf,
    0xff, 0x80, 0x0, 0x0, 0x0, 0xcf, 0xff, 0xd0,
    0xa, 0xff, 0xf8, 0x0, 0x0, 0x14, 0xcf, 0xff,
    0xf7, 0x0, 0xaf, 0xff, 0xff, 0xff, 0xff, 0xff,
    0xff, 0xfd, 0x0, 0xa, 0xff, 0xff, 0xff, 0xff,
    0xff, 0xff, 0xfe, 0x20, 0x0, 0xaf, 0xff, 0xff,
    0xff, 0xff, 0xff, 0xf8, 0x0, 0x0, 0xa, 0xff,
    0xfc, 0x88, 0x88, 0xff, 0xff, 0x70, 0x0, 0x0,
    0xaf, 0xff, 0x80, 0x0, 0x9, 0xff, 0xfe, 0x10,
    0x0, 0xa, 0xff, 0xf8, 0x0, 0x0, 0x1f, 0xff,
    0xf8, 0x0, 0x0, 0xaf, 0xff, 0x80, 0x0, 0x0,
    0x8f, 0xff, 0xf1, 0x0, 0xa, 0xff, 0xf8, 0x0,
    0x0, 0x1, 0xef, 0xff, 0xa0, 0x0, 0xaf, 0xff,
    0x80, 0x0, 0x0, 0x7, 0xff, 0xff, 0x30, 0xa,
    0xff, 0xf8, 0x0, 0x0, 0x0, 0xe, 0xff, 0xfb,
    0x0, 0xaf, 0xff, 0x80, 0x0, 0x0, 0x0, 0x6f,
    0xff, 0xf4, 0xa, 0xff, 0xf8, 0x0, 0x0, 0x0,
    0x0, 0xdf, 0xff, 0xd0,

    /* U+0053 "S" */
    0x0, 0x0, 0x3, 0x8c, 0xef, 0xed, 0x94, 0x0,
    0x0, 0x0, 0x0, 0x1a, 0xff, 0xff, 0xff, 0xff,
    0xfc, 0x30, 0x0, 0x0, 0x2e, 0xff, 0xff, 0xff,
    0xff, 0xff, 0xff, 0x30, 0x0, 0xd, 0xff, 0xff,
    0xeb, 0xab, 0xef, 0xff, 0xfe, 0x10, 0x6, 0xff,
    0xff, 0x80, 0x0, 0x0, 0x6f, 0xff, 0xf8, 0x0,
    0xbf, 0xff, 0xa0, 0x0, 0x0, 0x0, 0x7f, 0xff,
    0xd0, 0xd, 0xff, 0xf6, 0x0, 0x0, 0x0, 0x1,
    0xbb, 0xbb, 0x0, 0xdf, 0xff, 0x80, 0x0, 0x0,
    0x0, 0x0, 0x0, 0x0, 0xa, 0xff, 0xff, 0x40,
    0x0, 0x0, 0x0, 0x0, 0x0, 0x0, 0x3f, 0xff,
    0xff, 0xb6, 0x10, 0x0, 0x0, 0x0, 0x0, 0x0,
    0x8f, 0xff, 0xff, 0xff, 0xd8, 0x30, 0x0, 0x0,
    0x0, 0x0, 0x6f, 0xff, 0xff, 0xff, 0xff, 0xe7,
    0x0, 0x0, 0x0, 0x0, 0x17, 0xdf, 0xff, 0xff,
    0xff, 0xfd, 0x20, 0x0, 0x0, 0x0, 0x0, 0x26,
    0xaf, 0xff, 0xff, 0xfe, 0x20, 0x0, 0x0, 0x0,
    0x0, 0x0, 0x4, 0xbf, 0xff, 0xfb, 0x0, 0x0,
    0x0, 0x0, 0x0, 0x0, 0x0, 0x6f, 0xff, 0xf1,
    0x24, 0x44, 0x20, 0x0, 0x0, 0x0, 0x0, 0xef,
    0xff, 0x36, 0xff, 0xfb, 0x0, 0x0, 0x0, 0x0,
    0xe, 0xff, 0xf4, 0x4f, 0xff, 0xf3, 0x0, 0x0,
    0x0, 0x4, 0xff, 0xff, 0x20, 0xef, 0xff, 0xe5,
    0x0, 0x0, 0x6, 0xff, 0xff, 0xe0, 0x6, 0xff,
    0xff, 0xfe, 0xba, 0xbe, 0xff, 0xff, 0xf6, 0x0,
    0x9, 0xff, 0xff, 0xff, 0xff, 0xff, 0xff, 0xf8,
    0x0, 0x0, 0x6, 0xff, 0xff, 0xff, 0xff, 0xff,
    0xe6, 0x0, 0x0, 0x0, 0x0, 0x6a, 0xdf, 0xfe,
    0xda, 0x51, 0x0, 0x0,

    /* U+0054 "T" */
    0xbf, 0xff, 0xff, 0xff, 0xff, 0xff, 0xff, 0xff,
    0xff, 0xdb, 0xff, 0xff, 0xff, 0xff, 0xff, 0xff,
    0xff, 0xff, 0xfd, 0xbf, 0xff, 0xff, 0xff, 0xff,
    0xff, 0xff, 0xff, 0xff, 0xd6, 0x99, 0x99, 0x99,
    0xcf, 0xff, 0xd9, 0x99, 0x99, 0x97, 0x0, 0x0,
    0x0, 0x8, 0xff, 0xfa, 0x0, 0x0, 0x0, 0x0,
    0x0, 0x0, 0x0, 0x8f, 0xff, 0xa0, 0x0, 0x0,
    0x0, 0x0, 0x0, 0x0, 0x8, 0xff, 0xfa, 0x0,
    0x0, 0x0, 0x0, 0x0, 0x0, 0x0, 0x8f, 0xff,
    0xa0, 0x0, 0x0, 0x0, 0x0, 0x0, 0x0, 0x8,
    0xff, 0xfa, 0x0, 0x0, 0x0, 0x0, 0x0, 0x0,
    0x0, 0x8f, 0xff, 0xa0, 0x0, 0x0, 0x0, 0x0,
    0x0, 0x0, 0x8, 0xff, 0xfa, 0x0, 0x0, 0x0,
    0x0, 0x0, 0x0, 0x0, 0x8f, 0xff, 0xa0, 0x0,
    0x0, 0x0, 0x0, 0x0, 0x0, 0x8, 0xff, 0xfa,
    0x0, 0x0, 0x0, 0x0, 0x0, 0x0, 0x0, 0x8f,
    0xff, 0xa0, 0x0, 0x0, 0x0, 0x0, 0x0, 0x0,
    0x8, 0xff, 0xfa, 0x0, 0x0, 0x0, 0x0, 0x0,
    0x0, 0x0, 0x8f, 0xff, 0xa0, 0x0, 0x0, 0x0,
    0x0, 0x0, 0x0, 0x8, 0xff, 0xfa, 0x0, 0x0,
    0x0, 0x0, 0x0, 0x0, 0x0, 0x8f, 0xff, 0xa0,
    0x0, 0x0, 0x0, 0x0, 0x0, 0x0, 0x8, 0xff,
    0xfa, 0x0, 0x0, 0x0, 0x0, 0x0, 0x0, 0x0,
    0x8f, 0xff, 0xa0, 0x0, 0x0, 0x0, 0x0, 0x0,
    0x0, 0x8, 0xff, 0xfa, 0x0, 0x0, 0x0, 0x0,
    0x0, 0x0, 0x0, 0x8f, 0xff, 0xa0, 0x0, 0x0,
    0x0, 0x0, 0x0, 0x0, 0x8, 0xff, 0xfa, 0x0,
    0x0, 0x0, 0x0, 0x0, 0x0, 0x0, 0x8f, 0xff,
    0xa0, 0x0, 0x0, 0x0,

    /* U+0055 "U" */
    0xaf, 0xff, 0x80, 0x0, 0x0, 0x0, 0x0, 0xf,
    0xff, 0xf3, 0xaf, 0xff, 0x80, 0x0, 0x0, 0x0,
    0x0, 0xf, 0xff, 0xf3, 0xaf, 0xff, 0x80, 0x0,
    0x0, 0x0, 0x0, 0xf, 0xff, 0xf3, 0xaf, 0xff,
    0x80, 0x0, 0x0, 0x0, 0x0, 0xf, 0xff, 0xf3,
    0xaf, 0xff, 0x80, 0x0, 0x0, 0x0, 0x0, 0xf,
    0xff, 0xf3, 0xaf, 0xff, 0x80, 0x0, 0x0, 0x0,
    0x0, 0xf, 0xff, 0xf3, 0xaf, 0xff, 0x80, 0x0,
    0x0, 0x0, 0x0, 0xf, 0xff, 0xf3, 0xaf, 0xff,
    0x80, 0x0, 0x0, 0x0, 0x0, 0xf, 0xff, 0xf3,
    0xaf, 0xff, 0x80, 0x0, 0x0, 0x0, 0x0, 0xf,
    0xff, 0xf3, 0xaf, 0xff, 0x80, 0x0, 0x0, 0x0,
    0x0, 0xf, 0xff, 0xf3, 0xaf, 0xff, 0x80, 0x0,
    0x0, 0x0, 0x0, 0xf, 0xff, 0xf3, 0xaf, 0xff,
    0x80, 0x0, 0x0, 0x0, 0x0, 0xf, 0xff, 0xf3,
    0xaf, 0xff, 0x80, 0x0, 0x0, 0x0, 0x0, 0xf,
    0xff, 0xf3, 0xaf, 0xff, 0x80, 0x0, 0x0, 0x0,
    0x0, 0xf, 0xff, 0xf3, 0xaf, 0xff, 0x80, 0x0,
    0x0, 0x0, 0x0, 0xf, 0xff, 0xf3, 0xaf, 0xff,
    0x80, 0x0, 0x0, 0x0, 0x0, 0xf, 0xff, 0xf3,
    0x9f, 0xff, 0xb0, 0x0, 0x0, 0x0, 0x0, 0x2f,
    0xff, 0xf2, 0x6f, 0xff, 0xf1, 0x0, 0x0, 0x0,
    0x0, 0x8f, 0xff, 0xf0, 0x2f, 0xff, 0xfb, 0x0,
    0x0, 0x0, 0x3, 0xff, 0xff, 0xb0, 0xb, 0xff,
    0xff, 0xc3, 0x0, 0x0, 0x7f, 0xff, 0xff, 0x30,
    0x1, 0xef, 0xff, 0xff, 0xed, 0xdf, 0xff, 0xff,
    0xf8, 0x0, 0x0, 0x3e, 0xff, 0xff, 0xff, 0xff,
    0xff, 0xff, 0xa0, 0x0, 0x0, 0x1, 0xbf, 0xff,
    0xff, 0xff, 0xff, 0xf6, 0x0, 0x0, 0x0, 0x0,
    0x3, 0x8c, 0xef, 0xfe, 0xb6, 0x10, 0x0, 0x0,

    /* U+0056 "V" */
    0x1f, 0xff, 0xf8, 0x0, 0x0, 0x0, 0x0, 0x0,
    0x3, 0xff, 0xff, 0x50, 0xbf, 0xff, 0xd0, 0x0,
    0x0, 0x0, 0x0, 0x0, 0x8f, 0xff, 0xf0, 0x5,
    0xff, 0xff, 0x20, 0x0, 0x0, 0x0, 0x0, 0xd,
    0xff, 0xfa, 0x0, 0xf, 0xff, 0xf8, 0x0, 0x0,
    0x0, 0x0, 0x2, 0xff, 0xff, 0x50, 0x0, 0xaf,
    0xff, 0xd0, 0x0, 0x0, 0x0, 0x0, 0x7f, 0xff,
    0xf0, 0x0, 0x5, 0xff, 0xff, 0x20, 0x0, 0x0,
    0x0, 0xd, 0xff, 0xfa, 0x0, 0x0, 0xf, 0xff,
    0xf8, 0x0, 0x0, 0x0, 0x2, 0xff, 0xff, 0x40,
    0x0, 0x0, 0xaf, 0xff, 0xd0, 0x0, 0x0, 0x0,
    0x7f, 0xff, 0xf0, 0x0, 0x0, 0x4, 0xff, 0xff,
    0x20, 0x0, 0x0, 0xc, 0xff, 0xf9, 0x0, 0x0,
    0x0, 0xe, 0xff, 0xf8, 0x0, 0x0, 0x1, 0xff,
    0xff, 0x40, 0x0, 0x0, 0x0, 0x9f, 0xff, 0xd0,
    0x0, 0x0, 0x6f, 0xff, 0xe0, 0x0, 0x0, 0x0,
    0x3, 0xff, 0xff, 0x20, 0x0, 0xb, 0xff, 0xf9,
    0x0, 0x0, 0x0, 0x0, 0xe, 0xff, 0xf7, 0x0,
    0x1, 0xff, 0xff, 0x40, 0x0, 0x0, 0x0, 0x0,
    0x8f, 0xff, 0xc0, 0x0, 0x5f, 0xff, 0xe0, 0x0,
    0x0, 0x0, 0x0, 0x3, 0xff, 0xff, 0x10, 0xa,
    0xff, 0xf9, 0x0, 0x0, 0x0, 0x0, 0x0, 0xd,
    0xff, 0xf5, 0x0, 0xef, 0xff, 0x30, 0x0, 0x0,
    0x0, 0x0, 0x0, 0x8f, 0xff, 0xa0, 0x3f, 0xff,
    0xe0, 0x0, 0x0, 0x0, 0x0, 0x0, 0x2, 0xff,
    0xfe, 0x7, 0xff, 0xf9, 0x0, 0x0, 0x0, 0x0,
    0x0, 0x0, 0xd, 0xff, 0xf3, 0xbf, 0xff, 0x30,
    0x0, 0x0, 0x0, 0x0, 0x0, 0x0, 0x7f, 0xff,
    0x7f, 0xff, 0xe0, 0x0, 0x0, 0x0, 0x0, 0x0,
    0x0, 0x2, 0xff, 0xfe, 0xff, 0xf8, 0x0, 0x0,
    0x0, 0x0, 0x0, 0x0, 0x0, 0xc, 0xff, 0xff,
    0xff, 0x30, 0x0, 0x0, 0x0, 0x0, 0x0, 0x0,
    0x0, 0x7f, 0xff, 0xff, 0xd0, 0x0, 0x0, 0x0,
    0x0, 0x0, 0x0, 0x0, 0x1, 0xff, 0xff, 0xf8,
    0x0, 0x0, 0x0, 0x0,

    /* U+0057 "W" */
    0x1f, 0xff, 0xf6, 0x0, 0x0, 0x0, 0x0, 0xff,
    0xff, 0xa0, 0x0, 0x0, 0x0, 0xc, 0xff, 0xfb,
    0xd, 0xff, 0xf9, 0x0, 0x0, 0x0, 0x4, 0xff,
    0xff, 0xe0, 0x0, 0x0, 0x0, 0xf, 0xff, 0xf7,
    0x9, 0xff, 0xfd, 0x0, 0x0, 0x0, 0x8, 0xff,
    0xff, 0xf2, 0x0, 0x0, 0x0, 0x3f, 0xff, 0xf3,
    0x4, 0xff, 0xff, 0x10, 0x0, 0x0, 0xc, 0xff,
    0xff, 0xf6, 0x0, 0x0, 0x0, 0x7f, 0xff, 0xe0,
    0x0, 0xff, 0xff, 0x50, 0x0, 0x0, 0xf, 0xff,
    0xff, 0xfa, 0x0, 0x0, 0x0, 0xbf, 0xff, 0xa0,
    0x0, 0xcf, 0xff, 0x90, 0x0, 0x0, 0x4f, 0xff,
    0xdf, 0xfe, 0x0, 0x0, 0x0, 0xef, 0xff, 0x60,
    0x0, 0x8f, 0xff, 0xc0, 0x0, 0x0, 0x7f, 0xff,
    0x8f, 0xff, 0x20, 0x0, 0x2, 0xff, 0xff, 0x20,
    0x0, 0x4f, 0xff, 0xf0, 0x0, 0x0, 0xbf, 0xfe,
    0x4f, 0xff, 0x50, 0x0, 0x6, 0xff, 0xfe, 0x0,
    0x0, 0xf, 0xff, 0xf4, 0x0, 0x0, 0xff, 0xfb,
    0x1f, 0xff, 0x90, 0x0, 0xa, 0xff, 0xfa, 0x0,
    0x0, 0xb, 0xff, 0xf8, 0x0, 0x3, 0xff, 0xf7,
    0xe, 0xff, 0xd0, 0x0, 0xe, 0xff, 0xf5, 0x0,
    0x0, 0x7, 0xff, 0xfc, 0x0, 0x7, 0xff, 0xf4,
    0xa, 0xff, 0xf1, 0x0, 0x1f, 0xff, 0xf1, 0x0,
    0x0, 0x3, 0xff, 0xff, 0x0, 0xb, 0xff, 0xf0,
    0x6, 0xff, 0xf5, 0x0, 0x5f, 0xff, 0xd0, 0x0,
    0x0, 0x0, 0xef, 0xff, 0x30, 0xf, 0xff, 0xc0,
    0x2, 0xff, 0xf9, 0x0, 0x9f, 0xff, 0x90, 0x0,
    0x0, 0x0, 0xbf, 0xff, 0x60, 0x3f, 0xff, 0x80,
    0x0, 0xef, 0xfd, 0x0, 0xcf, 0xff, 0x50, 0x0,
    0x0, 0x0, 0x6f, 0xff, 0xa0, 0x6f, 0xff, 0x40,
    0x0, 0xaf, 0xff, 0x0, 0xff, 0xff, 0x10, 0x0,
    0x0, 0x0, 0x2f, 0xff, 0xd0, 0xaf, 0xff, 0x0,
    0x0, 0x6f, 0xff, 0x33, 0xff, 0xfc, 0x0, 0x0,
    0x0, 0x0, 0xe, 0xff, 0xf0, 0xdf, 0xfc, 0x0,
    0x0, 0x2f, 0xff, 0x76, 0xff, 0xf8, 0x0, 0x0,
    0x0, 0x0, 0xa, 0xff, 0xf3, 0xff, 0xf8, 0x0,
    0x0, 0xe, 0xff, 0xa9, 0xff, 0xf4, 0x0, 0x0,
    0x0, 0x0, 0x6, 0xff, 0xf8, 0xff, 0xf3, 0x0,
    0x0, 0xa, 0xff, 0xdb, 0xff, 0xf0, 0x0, 0x0,
    0x0, 0x0, 0x1, 0xff, 0xfe, 0xff, 0xf0, 0x0,
    0x0, 0x5, 0xff, 0xfe, 0xff, 0xb0, 0x0, 0x0,
    0x0, 0x0, 0x0, 0xdf, 0xff, 0xff, 0xb0, 0x0,
    0x0, 0x1, 0xff, 0xff, 0xff, 0x70, 0x0, 0x0,
    0x0, 0x0, 0x0, 0x9f, 0xff, 0xff, 0x70, 0x0,
    0x0, 0x0, 0xdf, 0xff, 0xff, 0x30, 0x0, 0x0,
    0x0, 0x0, 0x0, 0x5f, 0xff, 0xff, 0x30, 0x0,
    0x0, 0x0, 0x9f, 0xff, 0xff, 0x0, 0x0, 0x0,
    0x0, 0x0, 0x0, 0x1f, 0xff, 0xff, 0x0, 0x0,
    0x0, 0x0, 0x5f, 0xff, 0xfb, 0x0, 0x0, 0x0,

    /* U+0058 "X" */
    0x3, 0xff, 0xff, 0xa0, 0x0, 0x0, 0x0, 0x0,
    0x7f, 0xff, 0xf4, 0x0, 0x8, 0xff, 0xff, 0x40,
    0x0, 0x0, 0x0, 0x2f, 0xff, 0xf9, 0x0, 0x0,
    0xd, 0xff, 0xfe, 0x0, 0x0, 0x0, 0xc, 0xff,
    0xfe, 0x0, 0x0, 0x0, 0x3f, 0xff, 0xf9, 0x0,
    0x0, 0x6, 0xff, 0xff, 0x40, 0x0, 0x0, 0x0,
    0x8f, 0xff, 0xf3, 0x0, 0x1, 0xff, 0xff, 0x90,
    0x0, 0x0, 0x0, 0x0, 0xdf, 0xff, 0xd0, 0x0,
    0xbf, 0xff, 0xe1, 0x0, 0x0, 0x0, 0x0, 0x3,
    0xff, 0xff, 0x60, 0x4f, 0xff, 0xf4, 0x0, 0x0,
    0x0, 0x0, 0x0, 0x9, 0xff, 0xfe, 0xc, 0xff,
    0xfa, 0x0, 0x0, 0x0, 0x0, 0x0, 0x0, 0xe,
    0xff, 0xfa, 0xff, 0xfe, 0x10, 0x0, 0x0, 0x0,
    0x0, 0x0, 0x0, 0x4f, 0xff, 0xff, 0xff, 0x50,
    0x0, 0x0, 0x0, 0x0, 0x0, 0x0, 0x0, 0x9f,
    0xff, 0xff, 0xa0, 0x0, 0x0, 0x0, 0x0, 0x0,
    0x0, 0x0, 0x0, 0xff, 0xff, 0xf1, 0x0, 0x0,
    0x0, 0x0, 0x0, 0x0, 0x0, 0x0, 0x5f, 0xff,
    0xff, 0x90, 0x0, 0x0, 0x0, 0x0, 0x0, 0x0,
    0x0, 0x1e, 0xff, 0xff, 0xff, 0x30, 0x0, 0x0,
    0x0, 0x0, 0x0, 0x0, 0xb, 0xff, 0xff, 0xff,
    0xfd, 0x0, 0x0, 0x0, 0x0, 0x0, 0x0, 0x6,
    0xff, 0xff, 0x3f, 0xff, 0xf8, 0x0, 0x0, 0x0,
    0x0, 0x0, 0x1, 0xff, 0xff, 0x80, 0x8f, 0xff,
    0xf3, 0x0, 0x0, 0x0, 0x0, 0x0, 0xbf, 0xff,
    0xe0, 0x0, 0xef, 0xff, 0xd0, 0x0, 0x0, 0x0,
    0x0, 0x6f, 0xff, 0xf4, 0x0, 0x4, 0xff, 0xff,
    0x80, 0x0, 0x0, 0x0, 0x2f, 0xff, 0xf9, 0x0,
    0x0, 0xa, 0xff, 0xff, 0x30, 0x0, 0x0, 0xc,
    0xff, 0xfe, 0x10, 0x0, 0x0, 0x1e, 0xff, 0xfd,
    0x0, 0x0, 0x7, 0xff, 0xff, 0x40, 0x0, 0x0,
    0x0, 0x5f, 0xff, 0xf8, 0x0, 0x2, 0xff, 0xff,
    0x90, 0x0, 0x0, 0x0, 0x0, 0xaf, 0xff, 0xf3,
    0x0, 0xcf, 0xff, 0xe1, 0x0, 0x0, 0x0, 0x0,
    0x1, 0xef, 0xff, 0xd0,

    /* U+0059 "Y" */
    0xe, 0xff, 0xfe, 0x0, 0x0, 0x0, 0x0, 0x0,
    0x1f, 0xff, 0xfc, 0x0, 0x5f, 0xff, 0xf7, 0x0,
    0x0, 0x0, 0x0, 0x9, 0xff, 0xff, 0x30, 0x0,
    0xcf, 0xff, 0xf1, 0x0, 0x0, 0x0, 0x2, 0xff,
    0xff, 0x90, 0x0, 0x2, 0xff, 0xff, 0x90, 0x0,
    0x0, 0x0, 0xbf, 0xff, 0xf1, 0x0, 0x0, 0x9,
    0xff, 0xff, 0x20, 0x0, 0x0, 0x3f, 0xff, 0xf7,
    0x0, 0x0, 0x0, 0x1e, 0xff, 0xfa, 0x0, 0x0,
    0xc, 0xff, 0xfd, 0x0, 0x0, 0x0, 0x0, 0x6f,
    0xff, 0xf3, 0x0, 0x4, 0xff, 0xff, 0x40, 0x0,
    0x0, 0x0, 0x0, 0xdf, 0xff, 0xc0, 0x0, 0xdf,
    0xff, 0xb0, 0x0, 0x0, 0x0, 0x0, 0x4, 0xff,
    0xff, 0x40, 0x5f, 0xff, 0xf2, 0x0, 0x0, 0x0,
    0x0, 0x0, 0xa, 0xff, 0xfc, 0xd, 0xff, 0xf8,
    0x0, 0x0, 0x0, 0x0, 0x0, 0x0, 0x1f, 0xff,
    0xf7, 0xff, 0xfe, 0x0, 0x0, 0x0, 0x0, 0x0,
    0x0, 0x0, 0x8f, 0xff, 0xff, 0xff, 0x60, 0x0,
    0x0, 0x0, 0x0, 0x0, 0x0, 0x0, 0xef, 0xff,
    0xff, 0xc0, 0x0, 0x0, 0x0, 0x0, 0x0, 0x0,
    0x0, 0x5, 0xff, 0xff, 0xf3, 0x0, 0x0, 0x0,
    0x0, 0x0, 0x0, 0x0, 0x0, 0xc, 0xff, 0xfb,
    0x0, 0x0, 0x0, 0x0, 0x0, 0x0, 0x0, 0x0,
    0x0, 0xaf, 0xff, 0x80, 0x0, 0x0, 0x0, 0x0,
    0x0, 0x0, 0x0, 0x0, 0xa, 0xff, 0xf8, 0x0,
    0x0, 0x0, 0x0, 0x0, 0x0, 0x0, 0x0, 0x0,
    0xaf, 0xff, 0x80, 0x0, 0x0, 0x0, 0x0, 0x0,
    0x0, 0x0, 0x0, 0xa, 0xff, 0xf8, 0x0, 0x0,
    0x0, 0x0, 0x0, 0x0, 0x0, 0x0, 0x0, 0xaf,
    0xff, 0x80, 0x0, 0x0, 0x0, 0x0, 0x0, 0x0,
    0x0, 0x0, 0xa, 0xff, 0xf8, 0x0, 0x0, 0x0,
    0x0, 0x0, 0x0, 0x0, 0x0, 0x0, 0xaf, 0xff,
    0x80, 0x0, 0x0, 0x0, 0x0, 0x0, 0x0, 0x0,
    0x0, 0xa, 0xff, 0xf8, 0x0, 0x0, 0x0, 0x0,
    0x0, 0x0, 0x0, 0x0, 0x0, 0xaf, 0xff, 0x80,
    0x0, 0x0, 0x0, 0x0,

    /* U+005A "Z" */
    0x3f, 0xff, 0xff, 0xff, 0xff, 0xff, 0xff, 0xff,
    0xff, 0x3, 0xff, 0xff, 0xff, 0xff, 0xff, 0xff,
    0xff, 0xff, 0xf0, 0x3f, 0xff, 0xff, 0xff, 0xff,
    0xff, 0xff, 0xff, 0xff, 0x1, 0x88, 0x88, 0x88,
    0x88, 0x88, 0x89, 0xff, 0xff, 0x70, 0x0, 0x0,
    0x0, 0x0, 0x0, 0x0, 0xaf, 0xff, 0xc0, 0x0,
    0x0, 0x0, 0x0, 0x0, 0x0, 0x6f, 0xff, 0xf2,
    0x0, 0x0, 0x0, 0x0, 0x0, 0x0, 0x2f, 0xff,
    0xf6, 0x0, 0x0, 0x0, 0x0, 0x0, 0x0, 0xc,
    0xff, 0xfb, 0x0, 0x0, 0x0, 0x0, 0x0, 0x0,
    0x7, 0xff, 0xff, 0x20, 0x0, 0x0, 0x0, 0x0,
    0x0, 0x2, 0xff, 0xff, 0x60, 0x0, 0x0, 0x0,
    0x0, 0x0, 0x0, 0xcf, 0xff, 0xb0, 0x0, 0x0,
    0x0, 0x0, 0x0, 0x0, 0x8f, 0xff, 0xf1, 0x0,
    0x0, 0x0, 0x0, 0x0, 0x0, 0x3f, 0xff, 0xf6,
    0x0, 0x0, 0x0, 0x0, 0x0, 0x0, 0xd, 0xff,
    0xfb, 0x0, 0x0, 0x0, 0x0, 0x0, 0x0, 0x8,
    0xff, 0xfe, 0x10, 0x0, 0x0, 0x0, 0x0, 0x0,
    0x3, 0xff, 0xff, 0x50, 0x0, 0x0, 0x0, 0x0,
    0x0, 0x0, 0xdf, 0xff, 0xb0, 0x0, 0x0, 0x0,
    0x0, 0x0, 0x0, 0x8f, 0xff, 0xe1, 0x0, 0x0,
    0x0, 0x0, 0x0, 0x0, 0x3f, 0xff, 0xf4, 0x0,
    0x0, 0x0, 0x0, 0x0, 0x0, 0xd, 0xff, 0xf8,
    0x0, 0x0, 0x0, 0x0, 0x0, 0x0, 0x8, 0xff,
    0xff, 0x88, 0x88, 0x88, 0x88, 0x88, 0x88, 0x1,
    0xff, 0xff, 0xff, 0xff, 0xff, 0xff, 0xff, 0xff,
    0xf1, 0x2f, 0xff, 0xff, 0xff, 0xff, 0xff, 0xff,
    0xff, 0xff, 0x12, 0xff, 0xff, 0xff, 0xff, 0xff,
    0xff, 0xff, 0xff, 0xf1,

    /* U+005B "[" */
    0x33, 0x33, 0x33, 0x30, 0xff, 0xff, 0xff, 0xf3,
    0xff, 0xff, 0xff, 0xf3, 0xff, 0xff, 0xff, 0xf3,
    0xff, 0xff, 0x0, 0x0, 0xff, 0xff, 0x0, 0x0,
    0xff, 0xff, 0x0, 0x0, 0xff, 0xff, 0x0, 0x0,
    0xff, 0xff, 0x0, 0x0, 0xff, 0xff, 0x0, 0x0,
    0xff, 0xff, 0x0, 0x0, 0xff, 0xff, 0x0, 0x0,
    0xff, 0xff, 0x0, 0x0, 0xff, 0xff, 0x0, 0x0,
    0xff, 0xff, 0x0, 0x0, 0xff, 0xff, 0x0, 0x0,
    0xff, 0xff, 0x0, 0x0, 0xff, 0xff, 0x0, 0x0,
    0xff, 0xff, 0x0, 0x0, 0xff, 0xff, 0x0, 0x0,
    0xff, 0xff, 0x0, 0x0, 0xff, 0xff, 0x0, 0x0,
    0xff, 0xff, 0x0, 0x0, 0xff, 0xff, 0x0, 0x0,
    0xff, 0xff, 0x0, 0x0, 0xff, 0xff, 0x0, 0x0,
    0xff, 0xff, 0x33, 0x30, 0xff, 0xff, 0xff, 0xf3,
    0xff, 0xff, 0xff, 0xf3, 0xff, 0xff, 0xff, 0xf3,

    /* U+005C "\\" */
    0x38, 0x88, 0x10, 0x0, 0x0, 0x0, 0x3f, 0xff,
    0x50, 0x0, 0x0, 0x0, 0xe, 0xff, 0x90, 0x0,
    0x0, 0x0, 0xa, 0xff, 0xe0, 0x0, 0x0, 0x0,
    0x6, 0xff, 0xf2, 0x0, 0x0, 0x0, 0x2, 0xff,
    0xf6, 0x0, 0x0, 0x0, 0x0, 0xef, 0xfa, 0x0,
    0x0, 0x0, 0x0, 0xaf, 0xfe, 0x0, 0x0, 0x0,
    0x0, 0x5f, 0xff, 0x30, 0x0, 0x0, 0x0, 0x1f,
    0xff, 0x70, 0x0, 0x0, 0x0, 0xd, 0xff, 0xb0,
    0x0, 0x0, 0x0, 0x9, 0xff, 0xf0, 0x0, 0x0,
    0x0, 0x5, 0xff, 0xf4, 0x0, 0x0, 0x0, 0x0,
    0xff, 0xf8, 0x0, 0x0, 0x0, 0x0, 0xcf, 0xfc,
    0x0, 0x0, 0x0, 0x0, 0x8f, 0xff, 0x0, 0x0,
    0x0, 0x0, 0x4f, 0xff, 0x40, 0x0, 0x0, 0x0,
    0xf, 0xff, 0x90, 0x0, 0x0, 0x0, 0xb, 0xff,
    0xd0, 0x0, 0x0, 0x0, 0x7, 0xff, 0xf1, 0x0,
    0x0, 0x0, 0x3, 0xff, 0xf5, 0x0, 0x0, 0x0,
    0x0, 0xef, 0xf9, 0x0, 0x0, 0x0, 0x0, 0xaf,
    0xfe, 0x0, 0x0, 0x0, 0x0, 0x6f, 0xff, 0x20,
    0x0, 0x0, 0x0, 0x2f, 0xff, 0x60, 0x0, 0x0,
    0x0, 0xe, 0xff, 0xa0, 0x0, 0x0, 0x0, 0xa,
    0xff, 0xe0, 0x0, 0x0, 0x0, 0x5, 0xff, 0xf3,
    0x0, 0x0, 0x0, 0x1, 0xff, 0xf7,

    /* U+005D "]" */
    0x13, 0x33, 0x33, 0x33, 0x4f, 0xff, 0xff, 0xfd,
    0x4f, 0xff, 0xff, 0xfd, 0x4f, 0xff, 0xff, 0xfd,
    0x0, 0x0, 0xff, 0xfd, 0x0, 0x0, 0xff, 0xfd,
    0x0, 0x0, 0xff, 0xfd, 0x0, 0x0, 0xff, 0xfd,
    0x0, 0x0, 0xff, 0xfd, 0x0, 0x0, 0xff, 0xfd,
    0x0, 0x0, 0xff, 0xfd, 0x0, 0x0, 0xff, 0xfd,
    0x0, 0x0, 0xff, 0xfd, 0x0, 0x0, 0xff, 0xfd,
    0x0, 0x0, 0xff, 0xfd, 0x0, 0x0, 0xff, 0xfd,
    0x0, 0x0, 0xff, 0xfd, 0x0, 0x0, 0xff, 0xfd,
    0x0, 0x0, 0xff, 0xfd, 0x0, 0x0, 0xff, 0xfd,
    0x0, 0x0, 0xff, 0xfd, 0x0, 0x0, 0xff, 0xfd,
    0x0, 0x0, 0xff, 0xfd, 0x0, 0x0, 0xff, 0xfd,
    0x0, 0x0, 0xff, 0xfd, 0x0, 0x0, 0xff, 0xfd,
    0x13, 0x34, 0xff, 0xfd, 0x4f, 0xff, 0xff, 0xfd,
    0x4f, 0xff, 0xff, 0xfd, 0x4f, 0xff, 0xff, 0xfd,

    /* U+005E "^" */
    0x0, 0x0, 0x5f, 0xff, 0xb0, 0x0, 0x0, 0x0,
    0x0, 0xcf, 0xff, 0xf3, 0x0, 0x0, 0x0, 0x4,
    0xff, 0xff, 0xfb, 0x0, 0x0, 0x0, 0xc, 0xff,
    0x6e, 0xff, 0x20, 0x0, 0x0, 0x3f, 0xfe, 0x8,
    0xff, 0xa0, 0x0, 0x0, 0xbf, 0xf7, 0x1, 0xff,
    0xf2, 0x0, 0x3, 0xff, 0xf1, 0x0, 0xaf, 0xf9,
    0x0, 0xa, 0xff, 0x90, 0x0, 0x2f, 0xff, 0x10,
    0x2f, 0xff, 0x20, 0x0, 0xb, 0xff, 0x80, 0x9f,
    0xfb, 0x0, 0x0, 0x4, 0xff, 0xf1,

    /* U+005F "_" */
    0x55, 0x55, 0x55, 0x55, 0x55, 0x55, 0x55, 0x50,
    0xff, 0xff, 0xff, 0xff, 0xff, 0xff, 0xff, 0xf0,
    0xff, 0xff, 0xff, 0xff, 0xff, 0xff, 0xff, 0xf0,
    0xff, 0xff, 0xff, 0xff, 0xff, 0xff, 0xff, 0xf0,

    /* U+0060 "`" */
    0x3d, 0xee, 0x80, 0x0, 0xaf, 0xff, 0x10, 0x1,
    0xef, 0xf7, 0x0, 0x5, 0xff, 0xe0, 0x0, 0xb,
    0xff, 0x50,

    /* U+0061 "a" */
    0x0, 0x0, 0x5a, 0xdf, 0xfe, 0xb6, 0x0, 0x0,
    0x0, 0x3d, 0xff, 0xff, 0xff, 0xff, 0xe3, 0x0,
    0x3, 0xff, 0xff, 0xff, 0xff, 0xff, 0xff, 0x20,
    0xc, 0xff, 0xfe, 0x74, 0x37, 0xef, 0xff, 0xb0,
    0x1c, 0xff, 0xe2, 0x0, 0x0, 0x3f, 0xff, 0xf0,
    0x0, 0x2, 0x20, 0x0, 0x0, 0xe, 0xff, 0xf2,
    0x0, 0x0, 0x0, 0x0, 0x0, 0x1f, 0xff, 0xf3,
    0x0, 0x0, 0x14, 0x79, 0xbd, 0xff, 0xff, 0xf3,
    0x0, 0x4c, 0xff, 0xff, 0xff, 0xff, 0xff, 0xf3,
    0x8, 0xff, 0xff, 0xff, 0xfd, 0x9e, 0xff, 0xf3,
    0x4f, 0xff, 0xfb, 0x52, 0x0, 0xd, 0xff, 0xf3,
    0xaf, 0xff, 0x80, 0x0, 0x0, 0xd, 0xff, 0xf3,
    0xcf, 0xff, 0x20, 0x0, 0x0, 0x1f, 0xff, 0xf3,
    0xbf, 0xff, 0x50, 0x0, 0x0, 0x9f, 0xff, 0xf3,
    0x8f, 0xff, 0xe6, 0x21, 0x4b, 0xff, 0xff, 0xf3,
    0x1f, 0xff, 0xff, 0xff, 0xff, 0xec, 0xff, 0xf3,
    0x4, 0xff, 0xff, 0xff, 0xfe, 0x3a, 0xff, 0xf3,
    0x0, 0x18, 0xdf, 0xfd, 0x81, 0xa, 0xff, 0xf3,

    /* U+0062 "b" */
    0xdf, 0xff, 0x30, 0x0, 0x0, 0x0, 0x0, 0x0,
    0xd, 0xff, 0xf3, 0x0, 0x0, 0x0, 0x0, 0x0,
    0x0, 0xdf, 0xff, 0x30, 0x0, 0x0, 0x0, 0x0,
    0x0, 0xd, 0xff, 0xf3, 0x0, 0x0, 0x0, 0x0,
    0x0, 0x0, 0xdf, 0xff, 0x30, 0x0, 0x0, 0x0,
    0x0, 0x0, 0xd, 0xff, 0xf3, 0x0, 0x0, 0x0,
    0x0, 0x0, 0x0, 0xdf, 0xff, 0x30, 0x3b, 0xef,
    0xea, 0x30, 0x0, 0xd, 0xff, 0xf3, 0x6f, 0xff,
    0xff, 0xff, 0x80, 0x0, 0xdf, 0xff, 0x7f, 0xff,
    0xff, 0xff, 0xff, 0x90, 0xd, 0xff, 0xff, 0xfd,
    0x87, 0x9f, 0xff, 0xff, 0x40, 0xdf, 0xff, 0xf9,
    0x0, 0x0, 0x2e, 0xff, 0xfc, 0xd, 0xff, 0xfd,
    0x0, 0x0, 0x0, 0x5f, 0xff, 0xf1, 0xdf, 0xff,
    0x70, 0x0, 0x0, 0x0, 0xef, 0xff, 0x5d, 0xff,
    0xf4, 0x0, 0x0, 0x0, 0xb, 0xff, 0xf7, 0xdf,
    0xff, 0x20, 0x0, 0x0, 0x0, 0x9f, 0xff, 0x8d,
    0xff, 0xf2, 0x0, 0x0, 0x0, 0x9, 0xff, 0xf8,
    0xdf, 0xff, 0x40, 0x0, 0x0, 0x0, 0xbf, 0xff,
    0x7d, 0xff, 0xf7, 0x0, 0x0, 0x0, 0xe, 0xff,
    0xf5, 0xdf, 0xff, 0xe0, 0x0, 0x0, 0x5, 0xff,
    0xff, 0x1d, 0xff, 0xff, 0x90, 0x0, 0x2, 0xef,
    0xff, 0xc0, 0xdf, 0xff, 0xff, 0xd7, 0x69, 0xff,
    0xff, 0xf4, 0xd, 0xff, 0xf6, 0xff, 0xff, 0xff,
    0xff, 0xf9, 0x0, 0xdf, 0xff, 0x27, 0xff, 0xff,
    0xff, 0xf9, 0x0, 0xd, 0xff, 0xf2, 0x4, 0xbe,
    0xfe, 0xa4, 0x0, 0x0,

    /* U+0063 "c" */
    0x0, 0x0, 0x6, 0xbe, 0xff, 0xd9, 0x30, 0x0,
    0x0, 0x0, 0x3e, 0xff, 0xff, 0xff, 0xff, 0x90,
    0x0, 0x0, 0x5f, 0xff, 0xff, 0xff, 0xff, 0xff,
    0xb0, 0x0, 0x1f, 0xff, 0xfe, 0x86, 0x7c, 0xff,
    0xff, 0x70, 0xa, 0xff, 0xfe, 0x10, 0x0, 0x8,
    0xff, 0xfe, 0x1, 0xff, 0xff, 0x40, 0x0, 0x0,
    0xd, 0xfe, 0xa1, 0x5f, 0xff, 0xe0, 0x0, 0x0,
    0x0, 0x21, 0x0, 0x8, 0xff, 0xfa, 0x0, 0x0,
    0x0, 0x0, 0x0, 0x0, 0x9f, 0xff, 0x80, 0x0,
    0x0, 0x0, 0x0, 0x0, 0x9, 0xff, 0xf9, 0x0,
    0x0, 0x0, 0x0, 0x0, 0x0, 0x8f, 0xff, 0xa0,
    0x0, 0x0, 0x0, 0x0, 0x0, 0x5, 0xff, 0xfe,
    0x0, 0x0, 0x0, 0x3, 0x30, 0x0, 0x1f, 0xff,
    0xf5, 0x0, 0x0, 0x0, 0xdf, 0xfc, 0x20, 0xaf,
    0xff, 0xe2, 0x0, 0x0, 0x8f, 0xff, 0xe0, 0x1,
    0xff, 0xff, 0xf9, 0x67, 0xcf, 0xff, 0xf7, 0x0,
    0x5, 0xff, 0xff, 0xff, 0xff, 0xff, 0xfb, 0x0,
    0x0, 0x3, 0xef, 0xff, 0xff, 0xff, 0xf9, 0x0,
    0x0, 0x0, 0x0, 0x6b, 0xef, 0xfd, 0x93, 0x0,
    0x0,

    /* U+0064 "d" */
    0x0, 0x0, 0x0, 0x0, 0x0, 0x0, 0x3f, 0xff,
    0xd0, 0x0, 0x0, 0x0, 0x0, 0x0, 0x3, 0xff,
    0xfd, 0x0, 0x0, 0x0, 0x0, 0x0, 0x0, 0x3f,
    0xff, 0xd0, 0x0, 0x0, 0x0, 0x0, 0x0, 0x3,
    0xff, 0xfd, 0x0, 0x0, 0x0, 0x0, 0x0, 0x0,
    0x3f, 0xff, 0xd0, 0x0, 0x0, 0x0, 0x0, 0x0,
    0x3, 0xff, 0xfd, 0x0, 0x0, 0x4a, 0xef, 0xeb,
    0x30, 0x3f, 0xff, 0xd0, 0x0, 0x9f, 0xff, 0xff,
    0xff, 0x63, 0xff, 0xfd, 0x0, 0xaf, 0xff, 0xff,
    0xff, 0xff, 0x6f, 0xff, 0xd0, 0x4f, 0xff, 0xff,
    0x96, 0x8d, 0xff, 0xff, 0xfd, 0xc, 0xff, 0xfe,
    0x20, 0x0, 0xa, 0xff, 0xff, 0xd1, 0xff, 0xff,
    0x40, 0x0, 0x0, 0xe, 0xff, 0xfd, 0x6f, 0xff,
    0xe0, 0x0, 0x0, 0x0, 0x8f, 0xff, 0xd7, 0xff,
    0xfa, 0x0, 0x0, 0x0, 0x4, 0xff, 0xfd, 0x9f,
    0xff, 0x90, 0x0, 0x0, 0x0, 0x2f, 0xff, 0xd9,
    0xff, 0xf9, 0x0, 0x0, 0x0, 0x3, 0xff, 0xfd,
    0x7f, 0xff, 0xa0, 0x0, 0x0, 0x0, 0x4f, 0xff,
    0xd5, 0xff, 0xfe, 0x0, 0x0, 0x0, 0x8, 0xff,
    0xfd, 0x1f, 0xff, 0xf5, 0x0, 0x0, 0x0, 0xef,
    0xff, 0xd0, 0xcf, 0xff, 0xe2, 0x0, 0x0, 0x9f,
    0xff, 0xfd, 0x4, 0xff, 0xff, 0xf9, 0x67, 0xdf,
    0xff, 0xff, 0xd0, 0xa, 0xff, 0xff, 0xff, 0xff,
    0xf6, 0xff, 0xfd, 0x0, 0x9, 0xff, 0xff, 0xff,
    0xf6, 0x2f, 0xff, 0xd0, 0x0, 0x4, 0xae, 0xfe,
    0xb3, 0x2, 0xff, 0xfd,

    /* U+0065 "e" */
    0x0, 0x0, 0x7, 0xbe, 0xfe, 0xc7, 0x10, 0x0,
    0x0, 0x0, 0x3e, 0xff, 0xff, 0xff, 0xff, 0x60,
    0x0, 0x0, 0x5f, 0xff, 0xff, 0xff, 0xff, 0xff,
    0x80, 0x0, 0x1f, 0xff, 0xfc, 0x64, 0x5a, 0xff,
    0xff, 0x50, 0xa, 0xff, 0xf9, 0x0, 0x0, 0x6,
    0xff, 0xfd, 0x0, 0xff, 0xfd, 0x0, 0x0, 0x0,
    0xc, 0xff, 0xf3, 0x5f, 0xff, 0x90, 0x0, 0x0,
    0x0, 0x7f, 0xff, 0x67, 0xff, 0xff, 0xff, 0xff,
    0xff, 0xff, 0xff, 0xf8, 0x8f, 0xff, 0xff, 0xff,
    0xff, 0xff, 0xff, 0xff, 0x99, 0xff, 0xfe, 0xdd,
    0xdd, 0xdd, 0xdd, 0xdd, 0xd7, 0x8f, 0xff, 0x80,
    0x0, 0x0, 0x0, 0x0, 0x0, 0x5, 0xff, 0xfa,
    0x0, 0x0, 0x0, 0x0, 0x0, 0x0, 0x1f, 0xff,
    0xf1, 0x0, 0x0, 0x0, 0x56, 0x20, 0x0, 0xbf,
    0xff, 0xb0, 0x0, 0x0, 0x2e, 0xff, 0xf2, 0x2,
    0xff, 0xff, 0xd7, 0x44, 0x8f, 0xff, 0xfc, 0x0,
    0x5, 0xff, 0xff, 0xff, 0xff, 0xff, 0xfe, 0x20,
    0x0, 0x4, 0xef, 0xff, 0xff, 0xff, 0xfc, 0x20,
    0x0, 0x0, 0x0, 0x6b, 0xef, 0xfd, 0xa5, 0x0,
    0x0,

    /* U+0066 "f" */
    0x0, 0x0, 0x0, 0x7d, 0xff, 0xda, 0x0, 0x0,
    0x1, 0xdf, 0xff, 0xff, 0xc0, 0x0, 0x0, 0xcf,
    0xff, 0xff, 0xf8, 0x0, 0x0, 0x3f, 0xff, 0xfc,
    0x78, 0x30, 0x0, 0x6, 0xff, 0xfc, 0x0, 0x0,
    0x0, 0x0, 0x7f, 0xff, 0x90, 0x0, 0x0, 0x0,
    0x7, 0xff, 0xf9, 0x0, 0x0, 0xb, 0xff, 0xff,
    0xff, 0xff, 0xff, 0x50, 0xbf, 0xff, 0xff, 0xff,
    0xff, 0xf5, 0xb, 0xff, 0xff, 0xff, 0xff, 0xff,
    0x50, 0x24, 0x49, 0xff, 0xfa, 0x44, 0x41, 0x0,
    0x0, 0x7f, 0xff, 0x90, 0x0, 0x0, 0x0, 0x7,
    0xff, 0xf9, 0x0, 0x0, 0x0, 0x0, 0x7f, 0xff,
    0x90, 0x0, 0x0, 0x0, 0x7, 0xff, 0xf9, 0x0,
    0x0, 0x0, 0x0, 0x7f, 0xff, 0x90, 0x0, 0x0,
    0x0, 0x7, 0xff, 0xf9, 0x0, 0x0, 0x0, 0x0,
    0x7f, 0xff, 0x90, 0x0, 0x0, 0x0, 0x7, 0xff,
    0xf9, 0x0, 0x0, 0x0, 0x0, 0x7f, 0xff, 0x90,
    0x0, 0x0, 0x0, 0x7, 0xff, 0xf9, 0x0, 0x0,
    0x0, 0x0, 0x7f, 0xff, 0x90, 0x0, 0x0, 0x0,
    0x7, 0xff, 0xf9, 0x0, 0x0, 0x0, 0x0, 0x7f,
    0xff, 0x90, 0x0, 0x0, 0x0, 0x7, 0xff, 0xf9,
    0x0, 0x0, 0x0,

    /* U+0067 "g" */
    0x0, 0x0, 0x3a, 0xef, 0xeb, 0x30, 0x2f, 0xff,
    0xd0, 0x0, 0x8f, 0xff, 0xff, 0xff, 0x72, 0xff,
    0xfd, 0x0, 0x9f, 0xff, 0xff, 0xff, 0xff, 0x6f,
    0xff, 0xd0, 0x3f, 0xff, 0xff, 0x97, 0x8d, 0xff,
    0xff, 0xfd, 0xc, 0xff, 0xfe, 0x20, 0x0, 0xa,
    0xff, 0xff, 0xd1, 0xff, 0xff, 0x50, 0x0, 0x0,
    0xe, 0xff, 0xfd, 0x5f, 0xff, 0xe0, 0x0, 0x0,
    0x0, 0x8f, 0xff, 0xd7, 0xff, 0xfb, 0x0, 0x0,
    0x0, 0x4, 0xff, 0xfd, 0x8f, 0xff, 0x90, 0x0,
    0x0, 0x0, 0x2f, 0xff, 0xd9, 0xff, 0xf9, 0x0,
    0x0, 0x0, 0x2, 0xff, 0xfd, 0x7f, 0xff, 0xa0,
    0x0, 0x0, 0x0, 0x3f, 0xff, 0xd6, 0xff, 0xfd,
    0x0, 0x0, 0x0, 0x6, 0xff, 0xfd, 0x2f, 0xff,
    0xf3, 0x0, 0x0, 0x0, 0xcf, 0xff, 0xd0, 0xdf,
    0xff, 0xd0, 0x0, 0x0, 0x7f, 0xff, 0xfd, 0x6,
    0xff, 0xff, 0xd7, 0x45, 0xaf, 0xff, 0xff, 0xd0,
    0xb, 0xff, 0xff, 0xff, 0xff, 0xf6, 0xff, 0xfd,
    0x0, 0xa, 0xff, 0xff, 0xff, 0xf7, 0x2f, 0xff,
    0xd0, 0x0, 0x4, 0xad, 0xfe, 0xb4, 0x2, 0xff,
    0xfd, 0x0, 0x0, 0x0, 0x0, 0x0, 0x0, 0x2f,
    0xff, 0xd0, 0x0, 0x1, 0x0, 0x0, 0x0, 0x5,
    0xff, 0xfb, 0x3, 0x8d, 0xe2, 0x0, 0x0, 0x0,
    0xcf, 0xff, 0x70, 0xaf, 0xff, 0xf8, 0x42, 0x47,
    0xef, 0xff, 0xf1, 0x1, 0xef, 0xff, 0xff, 0xff,
    0xff, 0xff, 0xf4, 0x0, 0x1, 0xbf, 0xff, 0xff,
    0xff, 0xff, 0xd4, 0x0, 0x0, 0x0, 0x49, 0xdf,
    0xfe, 0xda, 0x50, 0x0, 0x0,

    /* U+0068 "h" */
    0xdf, 0xff, 0x20, 0x0, 0x0, 0x0, 0x0, 0x0,
    0xdf, 0xff, 0x20, 0x0, 0x0, 0x0, 0x0, 0x0,
    0xdf, 0xff, 0x20, 0x0, 0x0, 0x0, 0x0, 0x0,
    0xdf, 0xff, 0x20, 0x0, 0x0, 0x0, 0x0, 0x0,
    0xdf, 0xff, 0x20, 0x0, 0x0, 0x0, 0x0, 0x0,
    0xdf, 0xff, 0x20, 0x0, 0x0, 0x0, 0x0, 0x0,
    0xdf, 0xff, 0x20, 0x3a, 0xef, 0xea, 0x30, 0x0,
    0xdf, 0xff, 0x26, 0xff, 0xff, 0xff, 0xf7, 0x0,
    0xdf, 0xff, 0x6f, 0xff, 0xff, 0xff, 0xff, 0x50,
    0xdf, 0xff, 0xef, 0xc8, 0x9d, 0xff, 0xff, 0xd0,
    0xdf, 0xff, 0xf6, 0x0, 0x0, 0xaf, 0xff, 0xf2,
    0xdf, 0xff, 0xa0, 0x0, 0x0, 0x1f, 0xff, 0xf5,
    0xdf, 0xff, 0x50, 0x0, 0x0, 0xc, 0xff, 0xf6,
    0xdf, 0xff, 0x30, 0x0, 0x0, 0xa, 0xff, 0xf7,
    0xdf, 0xff, 0x30, 0x0, 0x0, 0xa, 0xff, 0xf7,
    0xdf, 0xff, 0x30, 0x0, 0x0, 0xa, 0xff, 0xf7,
    0xdf, 0xff, 0x30, 0x0, 0x0, 0xa, 0xff, 0xf7,
    0xdf, 0xff, 0x30, 0x0, 0x0, 0xa, 0xff, 0xf7,
    0xdf, 0xff, 0x30, 0x0, 0x0, 0xa, 0xff, 0xf7,
    0xdf, 0xff, 0x30, 0x0, 0x0, 0xa, 0xff, 0xf7,
    0xdf, 0xff, 0x30, 0x0, 0x0, 0xa, 0xff, 0xf7,
    0xdf, 0xff, 0x30, 0x0, 0x0, 0xa, 0xff, 0xf7,
    0xdf, 0xff, 0x30, 0x0, 0x0, 0xa, 0xff, 0xf7,
    0xdf, 0xff, 0x30, 0x0, 0x0, 0xa, 0xff, 0xf7,

    /* U+0069 "i" */
    0x4, 0xde, 0x80, 0xf, 0xff, 0xf5, 0x1f, 0xff,
    0xf8, 0xb, 0xff, 0xf2, 0x0, 0x67, 0x20, 0x0,
    0x0, 0x0, 0x0, 0x0, 0x0, 0xd, 0xff, 0xf3,
    0xd, 0xff, 0xf3, 0xd, 0xff, 0xf3, 0xd, 0xff,
    0xf3, 0xd, 0xff, 0xf3, 0xd, 0xff, 0xf3, 0xd,
    0xff, 0xf3, 0xd, 0xff, 0xf3, 0xd, 0xff, 0xf3,
    0xd, 0xff, 0xf3, 0xd, 0xff, 0xf3, 0xd, 0xff,
    0xf3, 0xd, 0xff, 0xf3, 0xd, 0xff, 0xf3, 0xd,
    0xff, 0xf3, 0xd, 0xff, 0xf3, 0xd, 0xff, 0xf3,
    0xd, 0xff, 0xf3,

    /* U+006A "j" */
    0x0, 0x0, 0x67, 0x20, 0x0, 0xb, 0xff, 0xf2,
    0x0, 0x2f, 0xff, 0xf7, 0x0, 0xf, 0xff, 0xf5,
    0x0, 0x4, 0xde, 0x80, 0x0, 0x0, 0x0, 0x0,
    0x0, 0x0, 0x0, 0x0, 0x0, 0xd, 0xff, 0xf3,
    0x0, 0xd, 0xff, 0xf3, 0x0, 0xd, 0xff, 0xf3,
    0x0, 0xd, 0xff, 0xf3, 0x0, 0xd, 0xff, 0xf3,
    0x0, 0xd, 0xff, 0xf3, 0x0, 0xd, 0xff, 0xf3,
    0x0, 0xd, 0xff, 0xf3, 0x0, 0xd, 0xff, 0xf3,
    0x0, 0xd, 0xff, 0xf3, 0x0, 0xd, 0xff, 0xf3,
    0x0, 0xd, 0xff, 0xf3, 0x0, 0xd, 0xff, 0xf3,
    0x0, 0xd, 0xff, 0xf3, 0x0, 0xd, 0xff, 0xf3,
    0x0, 0xd, 0xff, 0xf3, 0x0, 0xd, 0xff, 0xf3,
    0x0, 0xd, 0xff, 0xf3, 0x0, 0xd, 0xff, 0xf3,
    0x0, 0xe, 0xff, 0xf3, 0x0, 0x1f, 0xff, 0xf1,
    0x37, 0xdf, 0xff, 0xe0, 0xaf, 0xff, 0xff, 0x70,
    0xaf, 0xff, 0xfa, 0x0, 0xaf, 0xeb, 0x50, 0x0,

    /* U+006B "k" */
    0xdf, 0xff, 0x30, 0x0, 0x0, 0x0, 0x0, 0x0,
    0xdf, 0xff, 0x30, 0x0, 0x0, 0x0, 0x0, 0x0,
    0xdf, 0xff, 0x30, 0x0, 0x0, 0x0, 0x0, 0x0,
    0xdf, 0xff, 0x30, 0x0, 0x0, 0x0, 0x0, 0x0,
    0xdf, 0xff, 0x30, 0x0, 0x0, 0x0, 0x0, 0x0,
    0xdf, 0xff, 0x30, 0x0, 0x0, 0x0, 0x0, 0x0,
    0xdf, 0xff, 0x30, 0x0, 0x0, 0x9f, 0xff, 0xf3,
    0xdf, 0xff, 0x30, 0x0, 0x7, 0xff, 0xff, 0x40,
    0xdf, 0xff, 0x30, 0x0, 0x5f, 0xff, 0xf6, 0x0,
    0xdf, 0xff, 0x30, 0x3, 0xff, 0xff, 0x80, 0x0,
    0xdf, 0xff, 0x30, 0x2e, 0xff, 0xfa, 0x0, 0x0,
    0xdf, 0xff, 0x31, 0xdf, 0xff, 0xc0, 0x0, 0x0,
    0xdf, 0xff, 0x4c, 0xff, 0xfd, 0x10, 0x0, 0x0,
    0xdf, 0xff, 0xef, 0xff, 0xf2, 0x0, 0x0, 0x0,
    0xdf, 0xff, 0xff, 0xff, 0xf5, 0x0, 0x0, 0x0,
    0xdf, 0xff, 0xff, 0xff, 0xfe, 0x10, 0x0, 0x0,
    0xdf, 0xff, 0xf9, 0xff, 0xff, 0xb0, 0x0, 0x0,
    0xdf, 0xff, 0x90, 0x6f, 0xff, 0xf6, 0x0, 0x0,
    0xdf, 0xff, 0x30, 0xb, 0xff, 0xff, 0x20, 0x0,
    0xdf, 0xff, 0x30, 0x1, 0xef, 0xff, 0xc0, 0x0,
    0xdf, 0xff, 0x30, 0x0, 0x5f, 0xff, 0xf8, 0x0,
    0xdf, 0xff, 0x30, 0x0, 0xa, 0xff, 0xff, 0x30,
    0xdf, 0xff, 0x30, 0x0, 0x0, 0xef, 0xff, 0xd0,
    0xdf, 0xff, 0x30, 0x0, 0x0, 0x3f, 0xff, 0xfa,

    /* U+006C "l" */
    0xdf, 0xff, 0x3d, 0xff, 0xf3, 0xdf, 0xff, 0x3d,
    0xff, 0xf3, 0xdf, 0xff, 0x3d, 0xff, 0xf3, 0xdf,
    0xff, 0x3d, 0xff, 0xf3, 0xdf, 0xff, 0x3d, 0xff,
    0xf3, 0xdf, 0xff, 0x3d, 0xff, 0xf3, 0xdf, 0xff,
    0x3d, 0xff, 0xf3, 0xdf, 0xff, 0x3d, 0xff, 0xf3,
    0xdf, 0xff, 0x3d, 0xff, 0xf3, 0xdf, 0xff, 0x3d,
    0xff, 0xf3, 0xdf, 0xff, 0x3d, 0xff, 0xf3, 0xdf,
    0xff, 0x3d, 0xff, 0xf3,

    /* U+006D "m" */
    0xdf, 0xff, 0x0, 0x4b, 0xee, 0xb3, 0x0, 0x0,
    0x5c, 0xef, 0xd7, 0x0, 0xd, 0xff, 0xf0, 0x8f,
    0xff, 0xff, 0xf4, 0x1, 0xcf, 0xff, 0xff, 0xfd,
    0x10, 0xdf, 0xff, 0x5f, 0xff, 0xff, 0xff, 0xe0,
    0xbf, 0xff, 0xff, 0xff, 0xfc, 0xd, 0xff, 0xfe,
    0xfb, 0x9b, 0xff, 0xff, 0xaf, 0xfb, 0x9b, 0xff,
    0xff, 0xf3, 0xdf, 0xff, 0xf4, 0x0, 0x5, 0xff,
    0xff, 0xf5, 0x0, 0x3, 0xff, 0xff, 0x8d, 0xff,
    0xf8, 0x0, 0x0, 0xc, 0xff, 0xfa, 0x0, 0x0,
    0xa, 0xff, 0xf9, 0xdf, 0xff, 0x50, 0x0, 0x0,
    0x9f, 0xff, 0x70, 0x0, 0x0, 0x7f, 0xff, 0xad,
    0xff, 0xf3, 0x0, 0x0, 0x9, 0xff, 0xf6, 0x0,
    0x0, 0x6, 0xff, 0xfa, 0xdf, 0xff, 0x30, 0x0,
    0x0, 0x9f, 0xff, 0x60, 0x0, 0x0, 0x6f, 0xff,
    0xad, 0xff, 0xf3, 0x0, 0x0, 0x9, 0xff, 0xf6,
    0x0, 0x0, 0x6, 0xff, 0xfa, 0xdf, 0xff, 0x30,
    0x0, 0x0, 0x9f, 0xff, 0x60, 0x0, 0x0, 0x6f,
    0xff, 0xad, 0xff, 0xf3, 0x0, 0x0, 0x9, 0xff,
    0xf6, 0x0, 0x0, 0x6, 0xff, 0xfa, 0xdf, 0xff,
    0x30, 0x0, 0x0, 0x9f, 0xff, 0x60, 0x0, 0x0,
    0x6f, 0xff, 0xad, 0xff, 0xf3, 0x0, 0x0, 0x9,
    0xff, 0xf6, 0x0, 0x0, 0x6, 0xff, 0xfa, 0xdf,
    0xff, 0x30, 0x0, 0x0, 0x9f, 0xff, 0x60, 0x0,
    0x0, 0x6f, 0xff, 0xad, 0xff, 0xf3, 0x0, 0x0,
    0x9, 0xff, 0xf6, 0x0, 0x0, 0x6, 0xff, 0xfa,
    0xdf, 0xff, 0x30, 0x0, 0x0, 0x9f, 0xff, 0x60,
    0x0, 0x0, 0x6f, 0xff, 0xad, 0xff, 0xf3, 0x0,
    0x0, 0x9, 0xff, 0xf6, 0x0, 0x0, 0x6, 0xff,
    0xfa,

    /* U+006E "n" */
    0xdf, 0xff, 0x0, 0x3a, 0xef, 0xea, 0x30, 0x0,
    0xdf, 0xff, 0x7, 0xff, 0xff, 0xff, 0xf7, 0x0,
    0xdf, 0xff, 0x5f, 0xff, 0xff, 0xff, 0xff, 0x50,
    0xdf, 0xff, 0xef, 0x95, 0x5a, 0xff, 0xff, 0xd0,
    0xdf, 0xff, 0xf3, 0x0, 0x0, 0x7f, 0xff, 0xf2,
    0xdf, 0xff, 0x90, 0x0, 0x0, 0xe, 0xff, 0xf5,
    0xdf, 0xff, 0x40, 0x0, 0x0, 0xb, 0xff, 0xf6,
    0xdf, 0xff, 0x30, 0x0, 0x0, 0xa, 0xff, 0xf6,
    0xdf, 0xff, 0x30, 0x0, 0x0, 0xa, 0xff, 0xf6,
    0xdf, 0xff, 0x30, 0x0, 0x0, 0xa, 0xff, 0xf6,
    0xdf, 0xff, 0x30, 0x0, 0x0, 0xa, 0xff, 0xf6,
    0xdf, 0xff, 0x30, 0x0, 0x0, 0xa, 0xff, 0xf6,
    0xdf, 0xff, 0x30, 0x0, 0x0, 0xa, 0xff, 0xf6,
    0xdf, 0xff, 0x30, 0x0, 0x0, 0xa, 0xff, 0xf6,
    0xdf, 0xff, 0x30, 0x0, 0x0, 0xa, 0xff, 0xf6,
    0xdf, 0xff, 0x30, 0x0, 0x0, 0xa, 0xff, 0xf6,
    0xdf, 0xff, 0x30, 0x0, 0x0, 0xa, 0xff, 0xf6,
    0xdf, 0xff, 0x30, 0x0, 0x0, 0xa, 0xff, 0xf6,

    /* U+006F "o" */
    0x0, 0x0, 0x6, 0xbe, 0xff, 0xd9, 0x30, 0x0,
    0x0, 0x0, 0x3, 0xef, 0xff, 0xff, 0xff, 0xf9,
    0x0, 0x0, 0x0, 0x5f, 0xff, 0xff, 0xff, 0xff,
    0xff, 0xc0, 0x0, 0x1, 0xff, 0xff, 0xf9, 0x67,
    0xcf, 0xff, 0xf8, 0x0, 0xa, 0xff, 0xfe, 0x20,
    0x0, 0x8, 0xff, 0xff, 0x20, 0x1f, 0xff, 0xf4,
    0x0, 0x0, 0x0, 0xdf, 0xff, 0x80, 0x5f, 0xff,
    0xe0, 0x0, 0x0, 0x0, 0x6f, 0xff, 0xd0, 0x8f,
    0xff, 0xa0, 0x0, 0x0, 0x0, 0x2f, 0xff, 0xf0,
    0x9f, 0xff, 0x90, 0x0, 0x0, 0x0, 0x1f, 0xff,
    0xf1, 0x9f, 0xff, 0x90, 0x0, 0x0, 0x0, 0x1f,
    0xff, 0xf1, 0x8f, 0xff, 0xa0, 0x0, 0x0, 0x0,
    0x2f, 0xff, 0xf0, 0x5f, 0xff, 0xe0, 0x0, 0x0,
    0x0, 0x6f, 0xff, 0xd0, 0x1f, 0xff, 0xf4, 0x0,
    0x0, 0x0, 0xdf, 0xff, 0x80, 0xa, 0xff, 0xfe,
    0x20, 0x0, 0x8, 0xff, 0xff, 0x20, 0x1, 0xff,
    0xff, 0xf8, 0x67, 0xcf, 0xff, 0xf8, 0x0, 0x0,
    0x5f, 0xff, 0xff, 0xff, 0xff, 0xff, 0xc0, 0x0,
    0x0, 0x3, 0xef, 0xff, 0xff, 0xff, 0xf9, 0x0,
    0x0, 0x0, 0x0, 0x6, 0xbe, 0xff, 0xd9, 0x30,
    0x0, 0x0,

    /* U+0070 "p" */
    0xdf, 0xff, 0x20, 0x4b, 0xef, 0xea, 0x30, 0x0,
    0xd, 0xff, 0xf2, 0x8f, 0xff, 0xff, 0xff, 0x80,
    0x0, 0xdf, 0xff, 0x7f, 0xff, 0xff, 0xff, 0xff,
    0x90, 0xd, 0xff, 0xff, 0xf9, 0x43, 0x6d, 0xff,
    0xff, 0x40, 0xdf, 0xff, 0xf6, 0x0, 0x0, 0xd,
    0xff, 0xfc, 0xd, 0xff, 0xfc, 0x0, 0x0, 0x0,
    0x4f, 0xff, 0xf1, 0xdf, 0xff, 0x60, 0x0, 0x0,
    0x0, 0xef, 0xff, 0x5d, 0xff, 0xf3, 0x0, 0x0,
    0x0, 0xa, 0xff, 0xf7, 0xdf, 0xff, 0x20, 0x0,
    0x0, 0x0, 0x9f, 0xff, 0x8d, 0xff, 0xf2, 0x0,
    0x0, 0x0, 0x9, 0xff, 0xf8, 0xdf, 0xff, 0x40,
    0x0, 0x0, 0x0, 0xbf, 0xff, 0x7d, 0xff, 0xf8,
    0x0, 0x0, 0x0, 0xf, 0xff, 0xf5, 0xdf, 0xff,
    0xe0, 0x0, 0x0, 0x6, 0xff, 0xff, 0x1d, 0xff,
    0xff, 0xa0, 0x0, 0x2, 0xef, 0xff, 0xc0, 0xdf,
    0xff, 0xff, 0xd7, 0x69, 0xff, 0xff, 0xf4, 0xd,
    0xff, 0xf7, 0xff, 0xff, 0xff, 0xff, 0xf9, 0x0,
    0xdf, 0xff, 0x37, 0xff, 0xff, 0xff, 0xf9, 0x0,
    0xd, 0xff, 0xf3, 0x3, 0xbe, 0xfe, 0xa4, 0x0,
    0x0, 0xdf, 0xff, 0x30, 0x0, 0x0, 0x0, 0x0,
    0x0, 0xd, 0xff, 0xf3, 0x0, 0x0, 0x0, 0x0,
    0x0, 0x0, 0xdf, 0xff, 0x30, 0x0, 0x0, 0x0,
    0x0, 0x0, 0xd, 0xff, 0xf3, 0x0, 0x0, 0x0,
    0x0, 0x0, 0x0, 0xdf, 0xff, 0x30, 0x0, 0x0,
    0x0, 0x0, 0x0, 0xd, 0xff, 0xf3, 0x0, 0x0,
    0x0, 0x0, 0x0, 0x0, 0xdf, 0xff, 0x30, 0x0,
    0x0, 0x0, 0x0, 0x0, 0x0,

    /* U+0071 "q" */
    0x0, 0x0, 0x4a, 0xef, 0xeb, 0x30, 0x2f, 0xff,
    0xd0, 0x0, 0x9f, 0xff, 0xff, 0xff, 0x62, 0xff,
    0xfd, 0x0, 0xaf, 0xff, 0xff, 0xff, 0xff, 0x5f,
    0xff, 0xd0, 0x4f, 0xff, 0xff, 0x96, 0x8d, 0xff,
    0xff, 0xfd, 0xc, 0xff, 0xfe, 0x20, 0x0, 0xa,
    0xff, 0xff, 0xd1, 0xff, 0xff, 0x40, 0x0, 0x0,
    0xe, 0xff, 0xfd, 0x6f, 0xff, 0xe0, 0x0, 0x0,
    0x0, 0x8f, 0xff, 0xd7, 0xff, 0xfa, 0x0, 0x0,
    0x0, 0x4, 0xff, 0xfd, 0x9f, 0xff, 0x90, 0x0,
    0x0, 0x0, 0x2f, 0xff, 0xd9, 0xff, 0xf9, 0x0,
    0x0, 0x0, 0x3, 0xff, 0xfd, 0x7f, 0xff, 0xa0,
    0x0, 0x0, 0x0, 0x4f, 0xff, 0xd5, 0xff, 0xfe,
    0x0, 0x0, 0x0, 0x8, 0xff, 0xfd, 0x1f, 0xff,
    0xf5, 0x0, 0x0, 0x0, 0xef, 0xff, 0xd0, 0xcf,
    0xff, 0xe2, 0x0, 0x0, 0x9f, 0xff, 0xfd, 0x4,
    0xff, 0xff, 0xf9, 0x67, 0xdf, 0xff, 0xff, 0xd0,
    0xa, 0xff, 0xff, 0xff, 0xff, 0xf7, 0xff, 0xfd,
    0x0, 0x9, 0xff, 0xff, 0xff, 0xf6, 0x3f, 0xff,
    0xd0, 0x0, 0x4, 0xae, 0xfe, 0xa3, 0x3, 0xff,
    0xfd, 0x0, 0x0, 0x0, 0x0, 0x0, 0x0, 0x3f,
    0xff, 0xd0, 0x0, 0x0, 0x0, 0x0, 0x0, 0x3,
    0xff, 0xfd, 0x0, 0x0, 0x0, 0x0, 0x0, 0x0,
    0x3f, 0xff, 0xd0, 0x0, 0x0, 0x0, 0x0, 0x0,
    0x3, 0xff, 0xfd, 0x0, 0x0, 0x0, 0x0, 0x0,
    0x0, 0x3f, 0xff, 0xd0, 0x0, 0x0, 0x0, 0x0,
    0x0, 0x3, 0xff, 0xfd, 0x0, 0x0, 0x0, 0x0,
    0x0, 0x0, 0x3f, 0xff, 0xd0,

    /* U+0072 "r" */
    0x0, 0x0, 0x0, 0x0, 0x1, 0xd, 0xff, 0xf1,
    0x7, 0xdf, 0xf1, 0xdf, 0xff, 0x2c, 0xff, 0xff,
    0x1d, 0xff, 0xf9, 0xff, 0xff, 0xf1, 0xdf, 0xff,
    0xff, 0xc8, 0x79, 0xd, 0xff, 0xff, 0x70, 0x0,
    0x0, 0xdf, 0xff, 0xa0, 0x0, 0x0, 0xd, 0xff,
    0xf5, 0x0, 0x0, 0x0, 0xdf, 0xff, 0x30, 0x0,
    0x0, 0xd, 0xff, 0xf3, 0x0, 0x0, 0x0, 0xdf,
    0xff, 0x30, 0x0, 0x0, 0xd, 0xff, 0xf3, 0x0,
    0x0, 0x0, 0xdf, 0xff, 0x30, 0x0, 0x0, 0xd,
    0xff, 0xf3, 0x0, 0x0, 0x0, 0xdf, 0xff, 0x30,
    0x0, 0x0, 0xd, 0xff, 0xf3, 0x0, 0x0, 0x0,
    0xdf, 0xff, 0x30, 0x0, 0x0, 0xd, 0xff, 0xf3,
    0x0, 0x0, 0x0, 0xdf, 0xff, 0x30, 0x0, 0x0,
    0x0,

    /* U+0073 "s" */
    0x0, 0x0, 0x6b, 0xef, 0xfe, 0xa5, 0x0, 0x0,
    0x0, 0x4e, 0xff, 0xff, 0xff, 0xff, 0xc1, 0x0,
    0x3, 0xff, 0xff, 0xff, 0xff, 0xff, 0xfd, 0x0,
    0xc, 0xff, 0xfd, 0x52, 0x26, 0xef, 0xff, 0x70,
    0xf, 0xff, 0xf1, 0x0, 0x0, 0x3f, 0xfc, 0x70,
    0x1f, 0xff, 0xf0, 0x0, 0x0, 0x2, 0x0, 0x0,
    0xf, 0xff, 0xfb, 0x20, 0x0, 0x0, 0x0, 0x0,
    0x9, 0xff, 0xff, 0xfd, 0xa6, 0x30, 0x0, 0x0,
    0x0, 0xbf, 0xff, 0xff, 0xff, 0xfe, 0x81, 0x0,
    0x0, 0x5, 0xcf, 0xff, 0xff, 0xff, 0xfe, 0x20,
    0x0, 0x0, 0x1, 0x48, 0xbf, 0xff, 0xff, 0xc0,
    0x0, 0x0, 0x0, 0x0, 0x0, 0x9f, 0xff, 0xf2,
    0x3, 0x68, 0x30, 0x0, 0x0, 0xf, 0xff, 0xf3,
    0x7f, 0xff, 0xc0, 0x0, 0x0, 0x2f, 0xff, 0xf1,
    0x2f, 0xff, 0xfc, 0x53, 0x37, 0xef, 0xff, 0xc0,
    0x7, 0xff, 0xff, 0xff, 0xff, 0xff, 0xfe, 0x20,
    0x0, 0x7f, 0xff, 0xff, 0xff, 0xff, 0xd3, 0x0,
    0x0, 0x1, 0x8c, 0xef, 0xfd, 0xa5, 0x0, 0x0,

    /* U+0074 "t" */
    0x0, 0x3f, 0xff, 0xd0, 0x0, 0x0, 0x3, 0xff,
    0xfd, 0x0, 0x0, 0x0, 0x3f, 0xff, 0xd0, 0x0,
    0x0, 0x3, 0xff, 0xfd, 0x0, 0x0, 0xbf, 0xff,
    0xff, 0xff, 0xff, 0x3b, 0xff, 0xff, 0xff, 0xff,
    0xf3, 0xbf, 0xff, 0xff, 0xff, 0xff, 0x32, 0x46,
    0xff, 0xfe, 0x44, 0x40, 0x0, 0x3f, 0xff, 0xd0,
    0x0, 0x0, 0x3, 0xff, 0xfd, 0x0, 0x0, 0x0,
    0x3f, 0xff, 0xd0, 0x0, 0x0, 0x3, 0xff, 0xfd,
    0x0, 0x0, 0x0, 0x3f, 0xff, 0xd0, 0x0, 0x0,
    0x3, 0xff, 0xfd, 0x0, 0x0, 0x0, 0x3f, 0xff,
    0xd0, 0x0, 0x0, 0x3, 0xff, 0xfd, 0x0, 0x0,
    0x0, 0x3f, 0xff, 0xd0, 0x0, 0x0, 0x2, 0xff,
    0xff, 0x0, 0x0, 0x0, 0xf, 0xff, 0xfa, 0x67,
    0x10, 0x0, 0xbf, 0xff, 0xff, 0xf4, 0x0, 0x2,
    0xef, 0xff, 0xff, 0x70, 0x0, 0x1, 0x8d, 0xff,
    0xe7,

    /* U+0075 "u" */
    0xdf, 0xff, 0x30, 0x0, 0x0, 0xa, 0xff, 0xf7,
    0xdf, 0xff, 0x30, 0x0, 0x0, 0xa, 0xff, 0xf7,
    0xdf, 0xff, 0x30, 0x0, 0x0, 0xa, 0xff, 0xf7,
    0xdf, 0xff, 0x30, 0x0, 0x0, 0xa, 0xff, 0xf7,
    0xdf, 0xff, 0x30, 0x0, 0x0, 0xa, 0xff, 0xf7,
    0xdf, 0xff, 0x30, 0x0, 0x0, 0xa, 0xff, 0xf7,
    0xdf, 0xff, 0x30, 0x0, 0x0, 0xa, 0xff, 0xf7,
    0xdf, 0xff, 0x30, 0x0, 0x0, 0xa, 0xff, 0xf7,
    0xdf, 0xff, 0x30, 0x0, 0x0, 0xa, 0xff, 0xf7,
    0xdf, 0xff, 0x30, 0x0, 0x0, 0xa, 0xff, 0xf7,
    0xdf, 0xff, 0x30, 0x0, 0x0, 0xa, 0xff, 0xf7,
    0xdf, 0xff, 0x50, 0x0, 0x0, 0xc, 0xff, 0xf7,
    0xcf, 0xff, 0x90, 0x0, 0x0, 0x1f, 0xff, 0xf7,
    0x9f, 0xff, 0xf3, 0x0, 0x1, 0xcf, 0xff, 0xf7,
    0x4f, 0xff, 0xff, 0xb8, 0x9e, 0xfd, 0xff, 0xf7,
    0xb, 0xff, 0xff, 0xff, 0xff, 0xd7, 0xff, 0xf7,
    0x1, 0xcf, 0xff, 0xff, 0xfd, 0x17, 0xff, 0xf7,
    0x0, 0x7, 0xcf, 0xfd, 0x71, 0x6, 0xff, 0xf7,

    /* U+0076 "v" */
    0x3f, 0xff, 0xf1, 0x0, 0x0, 0x0, 0x4, 0xff,
    0xff, 0x0, 0xdf, 0xff, 0x70, 0x0, 0x0, 0x0,
    0x9f, 0xff, 0xa0, 0x7, 0xff, 0xfc, 0x0, 0x0,
    0x0, 0xe, 0xff, 0xf4, 0x0, 0x2f, 0xff, 0xf1,
    0x0, 0x0, 0x4, 0xff, 0xfe, 0x0, 0x0, 0xcf,
    0xff, 0x60, 0x0, 0x0, 0x9f, 0xff, 0x80, 0x0,
    0x6, 0xff, 0xfb, 0x0, 0x0, 0xe, 0xff, 0xf3,
    0x0, 0x0, 0x1f, 0xff, 0xf1, 0x0, 0x3, 0xff,
    0xfd, 0x0, 0x0, 0x0, 0xaf, 0xff, 0x60, 0x0,
    0x8f, 0xff, 0x70, 0x0, 0x0, 0x5, 0xff, 0xfb,
    0x0, 0xe, 0xff, 0xf1, 0x0, 0x0, 0x0, 0xe,
    0xff, 0xf1, 0x3, 0xff, 0xfb, 0x0, 0x0, 0x0,
    0x0, 0x9f, 0xff, 0x50, 0x8f, 0xff, 0x60, 0x0,
    0x0, 0x0, 0x3, 0xff, 0xfa, 0xc, 0xff, 0xf0,
    0x0, 0x0, 0x0, 0x0, 0xd, 0xff, 0xe1, 0xff,
    0xfa, 0x0, 0x0, 0x0, 0x0, 0x0, 0x8f, 0xff,
    0x7f, 0xff, 0x40, 0x0, 0x0, 0x0, 0x0, 0x2,
    0xff, 0xfe, 0xff, 0xe0, 0x0, 0x0, 0x0, 0x0,
    0x0, 0xc, 0xff, 0xff, 0xf8, 0x0, 0x0, 0x0,
    0x0, 0x0, 0x0, 0x6f, 0xff, 0xff, 0x30, 0x0,
    0x0, 0x0, 0x0, 0x0, 0x1, 0xff, 0xff, 0xd0,
    0x0, 0x0, 0x0,

    /* U+0077 "w" */
    0x2f, 0xff, 0xf1, 0x0, 0x0, 0x9, 0xff, 0xf8,
    0x0, 0x0, 0x4, 0xff, 0xff, 0x0, 0xef, 0xff,
    0x50, 0x0, 0x0, 0xdf, 0xff, 0xc0, 0x0, 0x0,
    0x8f, 0xff, 0xb0, 0x9, 0xff, 0xf9, 0x0, 0x0,
    0x1f, 0xff, 0xff, 0x0, 0x0, 0xc, 0xff, 0xf7,
    0x0, 0x4f, 0xff, 0xd0, 0x0, 0x5, 0xff, 0xff,
    0xf3, 0x0, 0x0, 0xff, 0xff, 0x20, 0x0, 0xff,
    0xff, 0x10, 0x0, 0x9f, 0xff, 0xff, 0x70, 0x0,
    0x3f, 0xff, 0xd0, 0x0, 0xb, 0xff, 0xf4, 0x0,
    0xd, 0xff, 0xbf, 0xfb, 0x0, 0x7, 0xff, 0xf9,
    0x0, 0x0, 0x7f, 0xff, 0x80, 0x1, 0xff, 0xf4,
    0xff, 0xf0, 0x0, 0xbf, 0xff, 0x40, 0x0, 0x2,
    0xff, 0xfc, 0x0, 0x5f, 0xfd, 0xf, 0xff, 0x30,
    0xf, 0xff, 0xf0, 0x0, 0x0, 0xd, 0xff, 0xf0,
    0x9, 0xff, 0x90, 0xbf, 0xf7, 0x3, 0xff, 0xfb,
    0x0, 0x0, 0x0, 0x9f, 0xff, 0x30, 0xdf, 0xf5,
    0x7, 0xff, 0xa0, 0x6f, 0xff, 0x60, 0x0, 0x0,
    0x4, 0xff, 0xf7, 0x1f, 0xff, 0x10, 0x3f, 0xfe,
    0xa, 0xff, 0xf2, 0x0, 0x0, 0x0, 0xf, 0xff,
    0xa4, 0xff, 0xc0, 0x0, 0xff, 0xf2, 0xdf, 0xfd,
    0x0, 0x0, 0x0, 0x0, 0xbf, 0xfe, 0x8f, 0xf8,
    0x0, 0xb, 0xff, 0x6f, 0xff, 0x80, 0x0, 0x0,
    0x0, 0x6, 0xff, 0xfc, 0xff, 0x40, 0x0, 0x6f,
    0xfc, 0xff, 0xf4, 0x0, 0x0, 0x0, 0x0, 0x1f,
    0xff, 0xff, 0xf0, 0x0, 0x2, 0xff, 0xff, 0xff,
    0x0, 0x0, 0x0, 0x0, 0x0, 0xdf, 0xff, 0xfb,
    0x0, 0x0, 0xd, 0xff, 0xff, 0xa0, 0x0, 0x0,
    0x0, 0x0, 0x8, 0xff, 0xff, 0x60, 0x0, 0x0,
    0x9f, 0xff, 0xf6, 0x0, 0x0, 0x0, 0x0, 0x0,
    0x4f, 0xff, 0xf2, 0x0, 0x0, 0x4, 0xff, 0xff,
    0x10, 0x0, 0x0,

    /* U+0078 "x" */
    0x9, 0xff, 0xfd, 0x0, 0x0, 0x0, 0x8f, 0xff,
    0xd0, 0x0, 0xef, 0xff, 0x70, 0x0, 0x2, 0xff,
    0xff, 0x30, 0x0, 0x5f, 0xff, 0xf1, 0x0, 0xb,
    0xff, 0xf9, 0x0, 0x0, 0xb, 0xff, 0xf9, 0x0,
    0x4f, 0xff, 0xe1, 0x0, 0x0, 0x2, 0xff, 0xff,
    0x20, 0xdf, 0xff, 0x50, 0x0, 0x0, 0x0, 0x7f,
    0xff, 0xa5, 0xff, 0xfb, 0x0, 0x0, 0x0, 0x0,
    0xd, 0xff, 0xfd, 0xff, 0xf2, 0x0, 0x0, 0x0,
    0x0, 0x3, 0xff, 0xff, 0xff, 0x70, 0x0, 0x0,
    0x0, 0x0, 0x0, 0xaf, 0xff, 0xfd, 0x0, 0x0,
    0x0, 0x0, 0x0, 0x0, 0xdf, 0xff, 0xfe, 0x10,
    0x0, 0x0, 0x0, 0x0, 0x8, 0xff, 0xff, 0xff,
    0xa0, 0x0, 0x0, 0x0, 0x0, 0x2f, 0xff, 0xcb,
    0xff, 0xf4, 0x0, 0x0, 0x0, 0x0, 0xcf, 0xff,
    0x53, 0xff, 0xfe, 0x0, 0x0, 0x0, 0x6, 0xff,
    0xfc, 0x0, 0xaf, 0xff, 0x90, 0x0, 0x0, 0x1e,
    0xff, 0xf4, 0x0, 0x2f, 0xff, 0xf3, 0x0, 0x0,
    0xaf, 0xff, 0xa0, 0x0, 0x8, 0xff, 0xfd, 0x0,
    0x4, 0xff, 0xff, 0x10, 0x0, 0x0, 0xef, 0xff,
    0x70, 0xd, 0xff, 0xf7, 0x0, 0x0, 0x0, 0x5f,
    0xff, 0xf2,

    /* U+0079 "y" */
    0x3f, 0xff, 0xf1, 0x0, 0x0, 0x0, 0x3, 0xff,
    0xff, 0x10, 0xdf, 0xff, 0x60, 0x0, 0x0, 0x0,
    0x9f, 0xff, 0xa0, 0x7, 0xff, 0xfc, 0x0, 0x0,
    0x0, 0xe, 0xff, 0xf4, 0x0, 0x2f, 0xff, 0xf1,
    0x0, 0x0, 0x4, 0xff, 0xfe, 0x0, 0x0, 0xcf,
    0xff, 0x60, 0x0, 0x0, 0x9f, 0xff, 0x90, 0x0,
    0x6, 0xff, 0xfb, 0x0, 0x0, 0xe, 0xff, 0xf3,
    0x0, 0x0, 0x1f, 0xff, 0xf1, 0x0, 0x4, 0xff,
    0xfd, 0x0, 0x0, 0x0, 0xaf, 0xff, 0x60, 0x0,
    0x9f, 0xff, 0x70, 0x0, 0x0, 0x4, 0xff, 0xfb,
    0x0, 0xe, 0xff, 0xf1, 0x0, 0x0, 0x0, 0xe,
    0xff, 0xf0, 0x4, 0xff, 0xfb, 0x0, 0x0, 0x0,
    0x0, 0x9f, 0xff, 0x50, 0x9f, 0xff, 0x50, 0x0,
    0x0, 0x0, 0x3, 0xff, 0xf9, 0xd, 0xff, 0xf0,
    0x0, 0x0, 0x0, 0x0, 0xd, 0xff, 0xd2, 0xff,
    0xfa, 0x0, 0x0, 0x0, 0x0, 0x0, 0x7f, 0xff,
    0x7f, 0xff, 0x40, 0x0, 0x0, 0x0, 0x0, 0x2,
    0xff, 0xfe, 0xff, 0xe0, 0x0, 0x0, 0x0, 0x0,
    0x0, 0xc, 0xff, 0xff, 0xf8, 0x0, 0x0, 0x0,
    0x0, 0x0, 0x0, 0x6f, 0xff, 0xff, 0x20, 0x0,
    0x0, 0x0, 0x0, 0x0, 0x1, 0xff, 0xff, 0xc0,
    0x0, 0x0, 0x0, 0x0, 0x0, 0x0, 0xe, 0xff,
    0xf6, 0x0, 0x0, 0x0, 0x0, 0x0, 0x0, 0x1,
    0xff, 0xff, 0x10, 0x0, 0x0, 0x0, 0x0, 0x0,
    0x0, 0x7f, 0xff, 0xa0, 0x0, 0x0, 0x0, 0x0,
    0x1, 0x97, 0x9f, 0xff, 0xf3, 0x0, 0x0, 0x0,
    0x0, 0x0, 0x6f, 0xff, 0xff, 0xf9, 0x0, 0x0,
    0x0, 0x0, 0x0, 0xb, 0xff, 0xff, 0xfb, 0x0,
    0x0, 0x0, 0x0, 0x0, 0x0, 0xae, 0xff, 0xc6,
    0x0, 0x0, 0x0, 0x0, 0x0, 0x0,

    /* U+007A "z" */
    0xd, 0xff, 0xff, 0xff, 0xff, 0xff, 0xff, 0xe0,
    0xd, 0xff, 0xff, 0xff, 0xff, 0xff, 0xff, 0xe0,
    0xd, 0xff, 0xff, 0xff, 0xff, 0xff, 0xff, 0xe0,
    0x6, 0x88, 0x88, 0x88, 0x8a, 0xff, 0xff, 0x60,
    0x0, 0x0, 0x0, 0x0, 0xc, 0xff, 0xfb, 0x0,
    0x0, 0x0, 0x0, 0x0, 0x9f, 0xff, 0xe1, 0x0,
    0x0, 0x0, 0x0, 0x5, 0xff, 0xff, 0x30, 0x0,
    0x0, 0x0, 0x0, 0x2f, 0xff, 0xf7, 0x0, 0x0,
    0x0, 0x0, 0x0, 0xdf, 0xff, 0xb0, 0x0, 0x0,
    0x0, 0x0, 0xa, 0xff, 0xfe, 0x10, 0x0, 0x0,
    0x0, 0x0, 0x6f, 0xff, 0xf4, 0x0, 0x0, 0x0,
    0x0, 0x2, 0xff, 0xff, 0x80, 0x0, 0x0, 0x0,
    0x0, 0xd, 0xff, 0xfc, 0x0, 0x0, 0x0, 0x0,
    0x0, 0xaf, 0xff, 0xe1, 0x0, 0x0, 0x0, 0x0,
    0x7, 0xff, 0xff, 0xc8, 0x88, 0x88, 0x88, 0x81,
    0x1f, 0xff, 0xff, 0xff, 0xff, 0xff, 0xff, 0xf3,
    0x1f, 0xff, 0xff, 0xff, 0xff, 0xff, 0xff, 0xf3,
    0x1f, 0xff, 0xff, 0xff, 0xff, 0xff, 0xff, 0xf3,

    /* U+007B "{" */
    0x0, 0x0, 0x0, 0x0, 0x2, 0x20, 0x0, 0x0,
    0x7, 0xdf, 0xfd, 0x0, 0x0, 0x1d, 0xff, 0xff,
    0xd0, 0x0, 0xb, 0xff, 0xff, 0xfd, 0x0, 0x1,
    0xff, 0xff, 0x82, 0x0, 0x0, 0x4f, 0xff, 0xc0,
    0x0, 0x0, 0x5, 0xff, 0xf8, 0x0, 0x0, 0x0,
    0x5f, 0xff, 0x60, 0x0, 0x0, 0x5, 0xff, 0xf6,
    0x0, 0x0, 0x0, 0x5f, 0xff, 0x60, 0x0, 0x0,
    0x6, 0xff, 0xf6, 0x0, 0x0, 0x0, 0xaf, 0xff,
    0x50, 0x0, 0x0, 0x5f, 0xff, 0xf2, 0x0, 0xc,
    0xff, 0xff, 0xf8, 0x0, 0x0, 0xcf, 0xff, 0xa4,
    0x0, 0x0, 0xc, 0xff, 0xf9, 0x30, 0x0, 0x0,
    0xcf, 0xff, 0xff, 0x60, 0x0, 0x0, 0x28, 0xff,
    0xff, 0x10, 0x0, 0x0, 0xb, 0xff, 0xf5, 0x0,
    0x0, 0x0, 0x7f, 0xff, 0x60, 0x0, 0x0, 0x5,
    0xff, 0xf6, 0x0, 0x0, 0x0, 0x5f, 0xff, 0x60,
    0x0, 0x0, 0x5, 0xff, 0xf6, 0x0, 0x0, 0x0,
    0x5f, 0xff, 0x70, 0x0, 0x0, 0x4, 0xff, 0xf9,
    0x0, 0x0, 0x0, 0x2f, 0xff, 0xe0, 0x0, 0x0,
    0x0, 0xef, 0xff, 0xc5, 0x20, 0x0, 0x7, 0xff,
    0xff, 0xfd, 0x0, 0x0, 0x9, 0xff, 0xff, 0xd0,
    0x0, 0x0, 0x3, 0x9d, 0xed,

    /* U+007C "|" */
    0x2f, 0xff, 0xa2, 0xff, 0xfa, 0x2f, 0xff, 0xa2,
    0xff, 0xfa, 0x2f, 0xff, 0xa2, 0xff, 0xfa, 0x2f,
    0xff, 0xa2, 0xff, 0xfa, 0x2f, 0xff, 0xa2, 0xff,
    0xfa, 0x2f, 0xff, 0xa2, 0xff, 0xfa, 0x2f, 0xff,
    0xa2, 0xff, 0xfa, 0x2f, 0xff, 0xa2, 0xff, 0xfa,
    0x2f, 0xff, 0xa2, 0xff, 0xfa, 0x2f, 0xff, 0xa2,
    0xff, 0xfa, 0x2f, 0xff, 0xa2, 0xff, 0xfa, 0x2f,
    0xff, 0xa2, 0xff, 0xfa, 0x2f, 0xff, 0xa2, 0xff,
    0xfa, 0x2f, 0xff, 0xa2, 0xff, 0xfa, 0x2f, 0xff,
    0xa2, 0xff, 0xfa, 0x2f, 0xff, 0xa2, 0xff, 0xfa,
    0x2f, 0xff, 0xa2, 0xff, 0xfa, 0x2f, 0xff, 0xa2,
    0xff, 0xfa, 0x2f, 0xff, 0xa2, 0xff, 0xfa, 0x2f,
    0xff, 0xa0,

    /* U+007D "}" */
    0x2, 0x10, 0x0, 0x0, 0x0, 0x0, 0x4f, 0xff,
    0xb4, 0x0, 0x0, 0x0, 0x4f, 0xff, 0xff, 0x70,
    0x0, 0x0, 0x4f, 0xff, 0xff, 0xf3, 0x0, 0x0,
    0x0, 0x4d, 0xff, 0xf9, 0x0, 0x0, 0x0, 0x3,
    0xff, 0xfc, 0x0, 0x0, 0x0, 0x0, 0xff, 0xfd,
    0x0, 0x0, 0x0, 0x0, 0xef, 0xfe, 0x0, 0x0,
    0x0, 0x0, 0xef, 0xfe, 0x0, 0x0, 0x0, 0x0,
    0xef, 0xfe, 0x0, 0x0, 0x0, 0x0, 0xef, 0xff,
    0x0, 0x0, 0x0, 0x0, 0xdf, 0xff, 0x20, 0x0,
    0x0, 0x0, 0x9f, 0xff, 0xc1, 0x0, 0x0, 0x0,
    0x2e, 0xff, 0xff, 0xe4, 0x0, 0x0, 0x1, 0x8d,
    0xff, 0xf5, 0x0, 0x0, 0x0, 0x5c, 0xff, 0xf5,
    0x0, 0x0, 0xc, 0xff, 0xff, 0xf5, 0x0, 0x0,
    0x8f, 0xff, 0xd4, 0x0, 0x0, 0x0, 0xcf, 0xff,
    0x30, 0x0, 0x0, 0x0, 0xdf, 0xff, 0x0, 0x0,
    0x0, 0x0, 0xef, 0xfe, 0x0, 0x0, 0x0, 0x0,
    0xef, 0xfe, 0x0, 0x0, 0x0, 0x0, 0xef, 0xfe,
    0x0, 0x0, 0x0, 0x0, 0xef, 0xfd, 0x0, 0x0,
    0x0, 0x0, 0xff, 0xfd, 0x0, 0x0, 0x0, 0x5,
    0xff, 0xfb, 0x0, 0x0, 0x3, 0x7f, 0xff, 0xf7,
    0x0, 0x0, 0x4f, 0xff, 0xff, 0xe1, 0x0, 0x0,
    0x4f, 0xff, 0xfe, 0x30, 0x0, 0x0, 0x4f, 0xeb,
    0x71, 0x0, 0x0, 0x0,

    /* U+007E "~" */
    0x0, 0x1a, 0xef, 0xc6, 0x0, 0x0, 0x1, 0x66,
    0x60, 0x2, 0xef, 0xff, 0xff, 0xb0, 0x0, 0x5,
    0xff, 0xf0, 0xc, 0xff, 0xff, 0xff, 0xfd, 0x10,
    0xa, 0xff, 0xe0, 0x2f, 0xff, 0xe9, 0xbf, 0xff,
    0xe9, 0xbf, 0xff, 0xa0, 0x5f, 0xff, 0x30, 0x7,
    0xff, 0xff, 0xff, 0xff, 0x40, 0x7f, 0xfe, 0x0,
    0x0, 0x5f, 0xff, 0xff, 0xf9, 0x0, 0x36, 0x65,
    0x0, 0x0, 0x2, 0xae, 0xfc, 0x60, 0x0
};


/*---------------------
 *  GLYPH DESCRIPTION
 *--------------------*/

static const lv_font_fmt_txt_glyph_dsc_t glyph_dsc[] = {
    {.bitmap_index = 0, .adv_w = 0, .box_w = 0, .box_h = 0, .ofs_x = 0, .ofs_y = 0} /* id = 0 reserved */,
    {.bitmap_index = 0, .adv_w = 129, .box_w = 0, .box_h = 0, .ofs_x = 0, .ofs_y = 0},
    {.bitmap_index = 0, .adv_w = 165, .box_w = 6, .box_h = 24, .ofs_x = 2, .ofs_y = 0},
    {.bitmap_index = 72, .adv_w = 268, .box_w = 11, .box_h = 10, .ofs_x = 3, .ofs_y = 14},
    {.bitmap_index = 127, .adv_w = 330, .box_w = 21, .box_h = 24, .ofs_x = 0, .ofs_y = 0},
    {.bitmap_index = 379, .adv_w = 333, .box_w = 19, .box_h = 31, .ofs_x = 1, .ofs_y = -3},
    {.bitmap_index = 674, .adv_w = 514, .box_w = 26, .box_h = 24, .ofs_x = 3, .ofs_y = 0},
    {.bitmap_index = 986, .adv_w = 339, .box_w = 20, .box_h = 24, .ofs_x = 1, .ofs_y = 0},
    {.bitmap_index = 1226, .adv_w = 167, .box_w = 5, .box_h = 10, .ofs_x = 3, .ofs_y = 14},
    {.bitmap_index = 1251, .adv_w = 191, .box_w = 9, .box_h = 30, .ofs_x = 2, .ofs_y = -4},
    {.bitmap_index = 1386, .adv_w = 191, .box_w = 9, .box_h = 30, .ofs_x = 1, .ofs_y = -4},
    {.bitmap_index = 1521, .adv_w = 276, .box_w = 13, .box_h = 14, .ofs_x = 2, .ofs_y = 10},
    {.bitmap_index = 1612, .adv_w = 345, .box_w = 17, .box_h = 16, .ofs_x = 2, .ofs_y = 2},
    {.bitmap_index = 1748, .adv_w = 163, .box_w = 7, .box_h = 10, .ofs_x = 1, .ofs_y = -6},
    {.bitmap_index = 1783, .adv_w = 238, .box_w = 11, .box_h = 4, .ofs_x = 2, .ofs_y = 8},
    {.bitmap_index = 1805, .adv_w = 163, .box_w = 6, .box_h = 6, .ofs_x = 2, .ofs_y = 0},
    {.bitmap_index = 1823, .adv_w = 194, .box_w = 12, .box_h = 29, .ofs_x = 0, .ofs_y = -4},
    {.bitmap_index = 1997, .adv_w = 338, .box_w = 19, .box_h = 24, .ofs_x = 1, .ofs_y = 0},
    {.bitmap_index = 2225, .adv_w = 217, .box_w = 11, .box_h = 24, .ofs_x = 1, .ofs_y = 0},
    {.bitmap_index = 2357, .adv_w = 319, .box_w = 18, .box_h = 24, .ofs_x = 1, .ofs_y = 0},
    {.bitmap_index = 2573, .adv_w = 326, .box_w = 18, .box_h = 24, .ofs_x = 1, .ofs_y = 0},
    {.bitmap_index = 2789, .adv_w = 341, .box_w = 19, .box_h = 24, .ofs_x = 1, .ofs_y = 0},
    {.bitmap_index = 3017, .adv_w = 322, .box_w = 17, .box_h = 24, .ofs_x = 2, .ofs_y = 0},
    {.bitmap_index = 3221, .adv_w = 328, .box_w = 18, .box_h = 24, .ofs_x = 1, .ofs_y = 0},
    {.bitmap_index = 3437, .adv_w = 295, .box_w = 17, .box_h = 24, .ofs_x = 1, .ofs_y = 0},
    {.bitmap_index = 3641, .adv_w = 328, .box_w = 18, .box_h = 24, .ofs_x = 1, .ofs_y = 0},
    {.bitmap_index = 3857, .adv_w = 328, .box_w = 18, .box_h = 24, .ofs_x = 1, .ofs_y = 0},
    {.bitmap_index = 4073, .adv_w = 163, .box_w = 6, .box_h = 18, .ofs_x = 2, .ofs_y = 0},
    {.bitmap_index = 4127, .adv_w = 169, .box_w = 7, .box_h = 24, .ofs_x = 1, .ofs_y = -6},
    {.bitmap_index = 4211, .adv_w = 345, .box_w = 17, .box_h = 19, .ofs_x = 2, .ofs_y = 0},
    {.bitmap_index = 4373, .adv_w = 345, .box_w = 16, .box_h = 11, .ofs_x = 3, .ofs_y = 4},
    {.bitmap_index = 4461, .adv_w = 345, .box_w = 16, .box_h = 19, .ofs_x = 3, .ofs_y = 0},
    {.bitmap_index = 4613, .adv_w = 278, .box_w = 15, .box_h = 24, .ofs_x = 1, .ofs_y = 0},
    {.bitmap_index = 4793, .adv_w = 512, .box_w = 30, .box_h = 31, .ofs_x = 1, .ofs_y = -7},
    {.bitmap_index = 5258, .adv_w = 373, .box_w = 23, .box_h = 24, .ofs_x = 0, .ofs_y = 0},
    {.bitmap_index = 5534, .adv_w = 338, .box_w = 18, .box_h = 24, .ofs_x = 2, .ofs_y = 0},
    {.bitmap_index = 5750, .adv_w = 377, .box_w = 22, .box_h = 24, .ofs_x = 1, .ofs_y = 0},
    {.bitmap_index = 6014, .adv_w = 370, .box_w = 20, .box_h = 24, .ofs_x = 2, .ofs_y = 0},
    {.bitmap_index = 6254, .adv_w = 310, .box_w = 16, .box_h = 24, .ofs_x = 2, .ofs_y = 0},
    {.bitmap_index = 6446, .adv_w = 301, .box_w = 16, .box_h = 24, .ofs_x = 2, .ofs_y = 0},
    {.bitmap_index = 6638, .adv_w = 384, .box_w = 22, .box_h = 24, .ofs_x = 1, .ofs_y = 0},
    {.bitmap_index = 6902, .adv_w = 382, .box_w = 20, .box_h = 24, .ofs_x = 2, .ofs_y = 0},
    {.bitmap_index = 7142, .adv_w = 142, .box_w = 5, .box_h = 24, .ofs_x = 2, .ofs_y = 0},
    {.bitmap_index = 7202, .adv_w = 297, .box_w = 16, .box_h = 24, .ofs_x = 1, .ofs_y = 0},
    {.bitmap_index = 7394, .adv_w = 360, .box_w = 20, .box_h = 24, .ofs_x = 2, .ofs_y = 0},
    {.bitmap_index = 7634, .adv_w = 290, .box_w = 15, .box_h = 24, .ofs_x = 2, .ofs_y = 0},
    {.bitmap_index = 7814, .adv_w = 472, .box_w = 26, .box_h = 24, .ofs_x = 2, .ofs_y = 0},
    {.bitmap_index = 8126, .adv_w = 389, .box_w = 20, .box_h = 24, .ofs_x = 2, .ofs_y = 0},
    {.bitmap_index = 8366, .adv_w = 394, .box_w = 22, .box_h = 24, .ofs_x = 1, .ofs_y = 0},
    {.bitmap_index = 8630, .adv_w = 330, .box_w = 18, .box_h = 24, .ofs_x = 2, .ofs_y = 0},
    {.bitmap_index = 8846, .adv_w = 396, .box_w = 22, .box_h = 26, .ofs_x = 1, .ofs_y = -2},
    {.bitmap_index = 9132, .adv_w = 334, .box_w = 19, .box_h = 24, .ofs_x = 2, .ofs_y = 0},
    {.bitmap_index = 9360, .adv_w = 333, .box_w = 19, .box_h = 24, .ofs_x = 1, .ofs_y = 0},
    {.bitmap_index = 9588, .adv_w = 338, .box_w = 19, .box_h = 24, .ofs_x = 1, .ofs_y = 0},
    {.bitmap_index = 9816, .adv_w = 377, .box_w = 20, .box_h = 24, .ofs_x = 2, .ofs_y = 0},
    {.bitmap_index = 10056, .adv_w = 373, .box_w = 23, .box_h = 24, .ofs_x = 0, .ofs_y = 0},
    {.bitmap_index = 10332, .adv_w = 522, .box_w = 32, .box_h = 24, .ofs_x = 0, .ofs_y = 0},
    {.bitmap_index = 10716, .adv_w = 369, .box_w = 23, .box_h = 24, .ofs_x = 0, .ofs_y = 0},
    {.bitmap_index = 10992, .adv_w = 365, .box_w = 23, .box_h = 24, .ofs_x = 0, .ofs_y = 0},
    {.bitmap_index = 11268, .adv_w = 334, .box_w = 19, .box_h = 24, .ofs_x = 1, .ofs_y = 0},
    {.bitmap_index = 11496, .adv_w = 191, .box_w = 8, .box_h = 30, .ofs_x = 3, .ofs_y = -4},
    {.bitmap_index = 11616, .adv_w = 194, .box_w = 12, .box_h = 29, .ofs_x = 0, .ofs_y = -4},
    {.bitmap_index = 11790, .adv_w = 191, .box_w = 8, .box_h = 30, .ofs_x = 1, .ofs_y = -4},
    {.bitmap_index = 11910, .adv_w = 247, .box_w = 14, .box_h = 10, .ofs_x = 1, .ofs_y = 13},
    {.bitmap_index = 11980, .adv_w = 240, .box_w = 16, .box_h = 4, .ofs_x = 0, .ofs_y = -3},
    {.bitmap_index = 12012, .adv_w = 180, .box_w = 7, .box_h = 5, .ofs_x = 2, .ofs_y = 20},
    {.bitmap_index = 12030, .adv_w = 294, .box_w = 16, .box_h = 18, .ofs_x = 1, .ofs_y = 0},
    {.bitmap_index = 12174, .adv_w = 320, .box_w = 17, .box_h = 24, .ofs_x = 2, .ofs_y = 0},
    {.bitmap_index = 12378, .adv_w = 298, .box_w = 17, .box_h = 18, .ofs_x = 1, .ofs_y = 0},
    {.bitmap_index = 12531, .adv_w = 320, .box_w = 17, .box_h = 24, .ofs_x = 1, .ofs_y = 0},
    {.bitmap_index = 12735, .adv_w = 303, .box_w = 17, .box_h = 18, .ofs_x = 1, .ofs_y = 0},
    {.bitmap_index = 12888, .adv_w = 199, .box_w = 13, .box_h = 25, .ofs_x = 0, .ofs_y = 0},
    {.bitmap_index = 13051, .adv_w = 320, .box_w = 17, .box_h = 25, .ofs_x = 1, .ofs_y = -7},
    {.bitmap_index = 13264, .adv_w = 314, .box_w = 16, .box_h = 24, .ofs_x = 2, .ofs_y = 0},
    {.bitmap_index = 13456, .adv_w = 134, .box_w = 6, .box_h = 25, .ofs_x = 1, .ofs_y = 0},
    {.bitmap_index = 13531, .adv_w = 134, .box_w = 8, .box_h = 32, .ofs_x = -1, .ofs_y = -7},
    {.bitmap_index = 13659, .adv_w = 292, .box_w = 16, .box_h = 24, .ofs_x = 2, .ofs_y = 0},
    {.bitmap_index = 13851, .adv_w = 134, .box_w = 5, .box_h = 24, .ofs_x = 2, .ofs_y = 0},
    {.bitmap_index = 13911, .adv_w = 461, .box_w = 25, .box_h = 18, .ofs_x = 2, .ofs_y = 0},
    {.bitmap_index = 14136, .adv_w = 313, .box_w = 16, .box_h = 18, .ofs_x = 2, .ofs_y = 0},
    {.bitmap_index = 14280, .adv_w = 312, .box_w = 18, .box_h = 18, .ofs_x = 1, .ofs_y = 0},
    {.bitmap_index = 14442, .adv_w = 320, .box_w = 17, .box_h = 25, .ofs_x = 2, .ofs_y = -7},
    {.bitmap_index = 14655, .adv_w = 320, .box_w = 17, .box_h = 25, .ofs_x = 1, .ofs_y = -7},
    {.bitmap_index = 14868, .adv_w = 203, .box_w = 11, .box_h = 19, .ofs_x = 2, .ofs_y = 0},
    {.bitmap_index = 14973, .adv_w = 281, .box_w = 16, .box_h = 18, .ofs_x = 1, .ofs_y = 0},
    {.bitmap_index = 15117, .adv_w = 181, .box_w = 11, .box_h = 22, .ofs_x = 0, .ofs_y = 0},
    {.bitmap_index = 15238, .adv_w = 314, .box_w = 16, .box_h = 18, .ofs_x = 2, .ofs_y = 0},
    {.bitmap_index = 15382, .adv_w = 301, .box_w = 19, .box_h = 18, .ofs_x = 0, .ofs_y = 0},
    {.bitmap_index = 15553, .adv_w = 430, .box_w = 27, .box_h = 18, .ofs_x = 0, .ofs_y = 0},
    {.bitmap_index = 15796, .adv_w = 291, .box_w = 18, .box_h = 18, .ofs_x = 0, .ofs_y = 0},
    {.bitmap_index = 15958, .adv_w = 301, .box_w = 19, .box_h = 25, .ofs_x = 0, .ofs_y = -7},
    {.bitmap_index = 16196, .adv_w = 290, .box_w = 16, .box_h = 18, .ofs_x = 1, .ofs_y = 0},
    {.bitmap_index = 16340, .adv_w = 233, .box_w = 11, .box_h = 30, .ofs_x = 2, .ofs_y = -4},
    {.bitmap_index = 16505, .adv_w = 184, .box_w = 5, .box_h = 39, .ofs_x = 3, .ofs_y = -8},
    {.bitmap_index = 16603, .adv_w = 233, .box_w = 12, .box_h = 30, .ofs_x = 1, .ofs_y = -4},
    {.bitmap_index = 16783, .adv_w = 345, .box_w = 18, .box_h = 7, .ofs_x = 2, .ofs_y = 6}
};

/*---------------------
 *  CHARACTER MAPPING
 *--------------------*/



/*Collect the unicode lists and glyph_id offsets*/
static const lv_font_fmt_txt_cmap_t cmaps[] =
{
    {
        .range_start = 32, .range_length = 95, .glyph_id_start = 1,
        .unicode_list = NULL, .glyph_id_ofs_list = NULL, .list_length = 0, .type = LV_FONT_FMT_TXT_CMAP_FORMAT0_TINY
    }
};



/*--------------------
 *  ALL CUSTOM DATA
 *--------------------*/

#if LVGL_VERSION_MAJOR == 8
/*Store all the custom data of the font*/
static  lv_font_fmt_txt_glyph_cache_t cache;
#endif

#if LVGL_VERSION_MAJOR >= 8
static const lv_font_fmt_txt_dsc_t font_dsc = {
#else
static lv_font_fmt_txt_dsc_t font_dsc = {
#endif
    .glyph_bitmap = glyph_bitmap,
    .glyph_dsc = glyph_dsc,
    .cmaps = cmaps,
    .kern_dsc = NULL,
    .kern_scale = 0,
    .cmap_num = 1,
    .bpp = 4,
    .kern_classes = 0,
    .bitmap_format = 0,
#if LVGL_VERSION_MAJOR == 8
    .cache = &cache
#endif
};



/*-----------------
 *  PUBLIC FONT
 *----------------*/

/*Initialize a public general font descriptor*/
#if LVGL_VERSION_MAJOR >= 8
const lv_font_t inter_32 = {
#else
lv_font_t inter_32 = {
#endif
    .get_glyph_dsc = lv_font_get_glyph_dsc_fmt_txt,    /*Function pointer to get glyph's data*/
    .get_glyph_bitmap = lv_font_get_bitmap_fmt_txt,    /*Function pointer to get glyph's bitmap*/
    .line_height = 39,          /*The maximum line height required by the font*/
    .base_line = 8,             /*Baseline measured from the bottom of the line*/
#if !(LVGL_VERSION_MAJOR == 6 && LVGL_VERSION_MINOR == 0)
    .subpx = LV_FONT_SUBPX_NONE,
#endif
#if LV_VERSION_CHECK(7, 4, 0) || LVGL_VERSION_MAJOR >= 8
    .underline_position = -5,
    .underline_thickness = 3,
#endif
    .dsc = &font_dsc,          /*The custom font data. Will be accessed by `get_glyph_bitmap/dsc` */
#if LV_VERSION_CHECK(8, 2, 0) || LVGL_VERSION_MAJOR >= 9
    .fallback = NULL,
#endif
    .user_data = NULL,
};



#endif /*#if INTER_32*/

