/*******************************************************************************
 * Size: 48 px
 * Bpp: 4
 * Opts: --font /fonts/Arial.ttf -o /fonts/font_48_data.c --size 48 --bpp 4 --format lvgl --no-compress --range 0x20-0x7f
 ******************************************************************************/

#ifdef __has_include
    #if __has_include("lvgl.h")
        #ifndef LV_LVGL_H_INCLUDE_SIMPLE
            #define LV_LVGL_H_INCLUDE_SIMPLE
        #endif
    #endif
#endif

#ifdef LV_LVGL_H_INCLUDE_SIMPLE
    #include "lvgl.h"
#else
    #include "lvgl/lvgl.h"
#endif



#ifndef FONT_48_DATA
#define FONT_48_DATA 1
#endif

#if FONT_48_DATA

/*-----------------
 *    BITMAPS
 *----------------*/

/*Store the image of the glyphs*/
static LV_ATTRIBUTE_LARGE_CONST const uint8_t glyph_bitmap[] = {
    /* U+0020 " " */

    /* U+0021 "!" */
    0xef, 0xff, 0xf5, 0xef, 0xff, 0xf5, 0xef, 0xff,
    0xf5, 0xef, 0xff, 0xf5, 0xef, 0xff, 0xf5, 0xef,
    0xff, 0xf5, 0xef, 0xff, 0xf5, 0xdf, 0xff, 0xf5,
    0xdf, 0xff, 0xf4, 0xcf, 0xff, 0xf3, 0xbf, 0xff,
    0xf2, 0x9f, 0xff, 0xf1, 0x8f, 0xff, 0xf0, 0x7f,
    0xff, 0xf0, 0x6f, 0xff, 0xe0, 0x5f, 0xff, 0xd0,
    0x4f, 0xff, 0xc0, 0x3f, 0xff, 0xb0, 0x2f, 0xff,
    0xa0, 0x0f, 0xff, 0x90, 0x0f, 0xff, 0x80, 0x0e,
    0xff, 0x70, 0x0d, 0xff, 0x60, 0x0c, 0xff, 0x50,
    0x0b, 0xff, 0x40, 0x0a, 0xff, 0x30, 0x03, 0x66,
    0x00, 0x00, 0x00, 0x00, 0x00, 0x00, 0x00, 0x00,
    0x00, 0x00, 0x9e, 0xee, 0xe2, 0xbf, 0xff, 0xf2,
    0xbf, 0xff, 0xf2, 0xbf, 0xff, 0xf2, 0xbf, 0xff,
    0xf2,

    /* U+0022 "\"" */
    0xcf, 0xff, 0xf0, 0x00, 0xff, 0xff, 0xcc, 0xff,
    0xff, 0x00, 0x0f, 0xff, 0xfc, 0xcf, 0xff, 0xf0,
    0x00, 0xff, 0xff, 0xcc, 0xff, 0xff, 0x00, 0x0f,
    0xff, 0xfc, 0xcf, 0xff, 0xf0, 0x00, 0xff, 0xff,
    0xcc, 0xff, 0xff, 0x00, 0x0f, 0xff, 0xfc, 0xaf,
    0xff, 0xe0, 0x00, 0xef, 0xff, 0xa7, 0xff, 0xfb,
    0x00, 0x0b, 0xff, 0xf8, 0x5f, 0xff, 0x90, 0x00,
    0x8f, 0xff, 0x52, 0xff, 0xf6, 0x00, 0x05, 0xff,
    0xf2, 0x0f, 0xff, 0x40, 0x00, 0x3f, 0xff, 0x00,
    0xcf, 0xf1, 0x00, 0x00, 0xff, 0xd0, 0x04, 0x66,
    0x00, 0x00, 0x06, 0x64, 0x00,

    /* U+0023 "#" */
    0x00, 0x00, 0x00, 0x00, 0x02, 0x77, 0x70, 0x00,
    0x00, 0x00, 0x37, 0x76, 0x00, 0x00, 0x00, 0x00,
    0x00, 0x00, 0x8f, 0xff, 0x00, 0x00, 0x00, 0x0a,
    0xff, 0xe0, 0x00, 0x00, 0x00, 0x00, 0x00, 0x0b,
    0xff, 0xc0, 0x00, 0x00, 0x00, 0xdf, 0xfb, 0x00,
    0x00, 0x00, 0x00, 0x00, 0x00, 0xef, 0xf9, 0x00,
    0x00, 0x00, 0x0f, 0xff, 0x80, 0x00, 0x00, 0x00,
    0x00, 0x00, 0x2f, 0xff, 0x60, 0x00, 0x00, 0x03,
    0xff, 0xf4, 0x00, 0x00, 0x00, 0x00, 0x00, 0x05,
    0xff, 0xf3, 0x00, 0x00, 0x00, 0x6f, 0xff, 0x10,
    0x00, 0x00, 0x00, 0x00, 0x00, 0x8f, 0xff, 0x00,
    0x00, 0x00, 0x0a, 0xff, 0xe0, 0x00, 0x00, 0x00,
    0x00, 0x00, 0x0b, 0xff, 0xc0, 0x00, 0x00, 0x00,
    0xdf, 0xfb, 0x00, 0x00, 0x00, 0x00, 0x00, 0x00,
    0xef, 0xf9, 0x00, 0x00, 0x00, 0x0f, 0xff, 0x80,
    0x00, 0x00, 0x00, 0x00, 0x00, 0x1f, 0xff, 0x60,
    0x00, 0x00, 0x03, 0xff, 0xf5, 0x00, 0x00, 0x00,
    0x00, 0x00, 0x04, 0xff, 0xf3, 0x00, 0x00, 0x00,
    0x6f, 0xff, 0x20, 0x00, 0x08, 0xff, 0xff, 0xff,
    0xff, 0xff, 0xff, 0xff, 0xff, 0xff, 0xff, 0xff,
    0xff, 0xf1, 0x8f, 0xff, 0xff, 0xff, 0xff, 0xff,
    0xff, 0xff, 0xff, 0xff, 0xff, 0xff, 0xff, 0x18,
    0xff, 0xff, 0xff, 0xff, 0xff, 0xff, 0xff, 0xff,
    0xff, 0xff, 0xff, 0xff, 0xf1, 0x49, 0x99, 0x99,
    0xaf, 0xff, 0xb9, 0x99, 0x99, 0x9a, 0xff, 0xfa,
    0x99, 0x99, 0x00, 0x00, 0x00, 0x04, 0xff, 0xf3,
    0x00, 0x00, 0x00, 0x6f, 0xff, 0x20, 0x00, 0x00,
    0x00, 0x00, 0x00, 0x7f, 0xff, 0x00, 0x00, 0x00,
    0x09, 0xff, 0xf0, 0x00, 0x00, 0x00, 0x00, 0x00,
    0x0b, 0xff, 0xd0, 0x00, 0x00, 0x00, 0xcf, 0xfb,
    0x00, 0x00, 0x00, 0x00, 0x00, 0x00, 0xef, 0xfa,
    0x00, 0x00, 0x00, 0x0f, 0xff, 0x80, 0x00, 0x00,
    0x00, 0x00, 0x00, 0x1f, 0xff, 0x70, 0x00, 0x00,
    0x03, 0xff, 0xf5, 0x00, 0x00, 0x00, 0x00, 0x00,
    0x04, 0xff, 0xf3, 0x00, 0x00, 0x00, 0x6f, 0xff,
    0x20, 0x00, 0x00, 0x00, 0x00, 0x00, 0x7f, 0xff,
    0x00, 0x00, 0x00, 0x09, 0xff, 0xf0, 0x00, 0x00,
    0x00, 0x00, 0x00, 0x0a, 0xff, 0xd0, 0x00, 0x00,
    0x00, 0xcf, 0xfc, 0x00, 0x00, 0x00, 0x04, 0x99,
    0x99, 0xef, 0xfe, 0x99, 0x99, 0x99, 0x9f, 0xff,
    0xd9, 0x99, 0x99, 0x90, 0x8f, 0xff, 0xff, 0xff,
    0xff, 0xff, 0xff, 0xff, 0xff, 0xff, 0xff, 0xff,
    0xff, 0x18, 0xff, 0xff, 0xff, 0xff, 0xff, 0xff,
    0xff, 0xff, 0xff, 0xff, 0xff, 0xff, 0xf1, 0x8f,
    0xff, 0xff, 0xff, 0xff, 0xff, 0xff, 0xff, 0xff,
    0xff, 0xff, 0xff, 0xff, 0x10, 0x00, 0x0a, 0xff,
    0xd0, 0x00, 0x00, 0x00, 0xcf, 0xfc, 0x00, 0x00,
    0x00, 0x00, 0x00, 0x00, 0xdf, 0xfa, 0x00, 0x00,
    0x00, 0x0f, 0xff, 0x90, 0x00, 0x00, 0x00, 0x00,
    0x00, 0x0f, 0xff, 0x70, 0x00, 0x00, 0x02, 0xff,
    0xf5, 0x00, 0x00, 0x00, 0x00, 0x00, 0x04, 0xff,
    0xf4, 0x00, 0x00, 0x00, 0x6f, 0xff, 0x20, 0x00,
    0x00, 0x00, 0x00, 0x00, 0x7f, 0xff, 0x10, 0x00,
    0x00, 0x09, 0xff, 0xf0, 0x00, 0x00, 0x00, 0x00,
    0x00, 0x0a, 0xff, 0xd0, 0x00, 0x00, 0x00, 0xcf,
    0xfc, 0x00, 0x00, 0x00, 0x00, 0x00, 0x00, 0xdf,
    0xfa, 0x00, 0x00, 0x00, 0x0f, 0xff, 0x80, 0x00,
    0x00, 0x00, 0x00, 0x00, 0x1f, 0xff, 0x70, 0x00,
    0x00, 0x02, 0xff, 0xf5, 0x00, 0x00, 0x00, 0x00,
    0x00, 0x04, 0xff, 0xf4, 0x00, 0x00, 0x00, 0x6f,
    0xff, 0x20, 0x00, 0x00, 0x00, 0x00, 0x00, 0x7f,
    0xff, 0x00, 0x00, 0x00, 0x09, 0xff, 0xe0, 0x00,
    0x00, 0x00, 0x00, 0x00, 0x00, 0x11, 0x00, 0x00,
    0x00, 0x00, 0x01, 0x10, 0x00, 0x00, 0x00, 0x00,
    0x00,

    /* U+0024 "$" */
    0x00, 0x00, 0x00, 0x00, 0x00, 0x08, 0x83, 0x00,
    0x00, 0x00, 0x00, 0x00, 0x00, 0x00, 0x00, 0x00,
    0x00, 0x0f, 0xf7, 0x00, 0x00, 0x00, 0x00, 0x00,
    0x00, 0x00, 0x00, 0x00, 0x03, 0x6f, 0xfa, 0x41,
    0x00, 0x00, 0x00, 0x00, 0x00, 0x00, 0x00, 0x4b,
    0xff, 0xff, 0xff, 0xff, 0xc5, 0x00, 0x00, 0x00,
    0x00, 0x00, 0x1b, 0xff, 0xff, 0xff, 0xff, 0xff,
    0xff, 0xc1, 0x00, 0x00, 0x00, 0x01, 0xdf, 0xff,
    0xff, 0xff, 0xff, 0xff, 0xff, 0xfd, 0x10, 0x00,
    0x00, 0x0c, 0xff, 0xff, 0xe8, 0x4f, 0xf9, 0x9e,
    0xff, 0xff, 0xc0, 0x00, 0x00, 0x5f, 0xff, 0xfb,
    0x10, 0x0f, 0xf7, 0x01, 0xcf, 0xff, 0xf6, 0x00,
    0x00, 0xdf, 0xff, 0xc0, 0x00, 0x0f, 0xf7, 0x00,
    0x1e, 0xff, 0xfd, 0x00, 0x02, 0xff, 0xff, 0x30,
    0x00, 0x0f, 0xf7, 0x00, 0x06, 0xff, 0xff, 0x30,
    0x06, 0xff, 0xfd, 0x00, 0x00, 0x0f, 0xf7, 0x00,
    0x01, 0xff, 0xff, 0x70, 0x07, 0xff, 0xfb, 0x00,
    0x00, 0x0f, 0xf7, 0x00, 0x00, 0xbb, 0x86, 0x20,
    0x08, 0xff, 0xfb, 0x00, 0x00, 0x0f, 0xf7, 0x00,
    0x00, 0x00, 0x00, 0x00, 0x07, 0xff, 0xfd, 0x00,
    0x00, 0x0f, 0xf7, 0x00, 0x00, 0x00, 0x00, 0x00,
    0x05, 0xff, 0xff, 0x20, 0x00, 0x0f, 0xf7, 0x00,
    0x00, 0x00, 0x00, 0x00, 0x01, 0xff, 0xff, 0xb0,
    0x00, 0x0f, 0xf7, 0x00, 0x00, 0x00, 0x00, 0x00,
    0x00, 0xbf, 0xff, 0xfa, 0x00, 0x0f, 0xf7, 0x00,
    0x00, 0x00, 0x00, 0x00, 0x00, 0x2f, 0xff, 0xff,
    0xe7, 0x1f, 0xf7, 0x00, 0x00, 0x00, 0x00, 0x00,
    0x00, 0x05, 0xff, 0xff, 0xff, 0xff, 0xf9, 0x10,
    0x00, 0x00, 0x00, 0x00, 0x00, 0x00, 0x5f, 0xff,
    0xff, 0xff, 0xff, 0xfc, 0x72, 0x00, 0x00, 0x00,
    0x00, 0x00, 0x01, 0xaf, 0xff, 0xff, 0xff, 0xff,
    0xff, 0x91, 0x00, 0x00, 0x00, 0x00, 0x00, 0x02,
    0x8d, 0xff, 0xff, 0xff, 0xff, 0xfe, 0x30, 0x00,
    0x00, 0x00, 0x00, 0x00, 0x00, 0x2f, 0xff, 0xff,
    0xff, 0xff, 0xf3, 0x00, 0x00, 0x00, 0x00, 0x00,
    0x00, 0x0f, 0xf7, 0x4b, 0xff, 0xff, 0xfe, 0x00,
    0x00, 0x00, 0x00, 0x00, 0x00, 0x0f, 0xf7, 0x00,
    0x3d, 0xff, 0xff, 0x70, 0x00, 0x00, 0x00, 0x00,
    0x00, 0x0f, 0xf7, 0x00, 0x01, 0xef, 0xff, 0xe0,
    0x00, 0x00, 0x00, 0x00, 0x00, 0x0f, 0xf7, 0x00,
    0x00, 0x6f, 0xff, 0xf2, 0x00, 0x00, 0x00, 0x00,
    0x00, 0x0f, 0xf7, 0x00, 0x00, 0x1f, 0xff, 0xf5,
    0x00, 0x36, 0x90, 0x00, 0x00, 0x0f, 0xf7, 0x00,
    0x00, 0x0e, 0xff, 0xf6, 0x3f, 0xff, 0xf2, 0x00,
    0x00, 0x0f, 0xf7, 0x00, 0x00, 0x0e, 0xff, 0xf6,
    0x1f, 0xff, 0xf6, 0x00, 0x00, 0x0f, 0xf7, 0x00,
    0x00, 0x0f, 0xff, 0xf5, 0x0e, 0xff, 0xfb, 0x00,
    0x00, 0x0f, 0xf7, 0x00, 0x00, 0x3f, 0xff, 0xf2,
    0x0a, 0xff, 0xff, 0x20, 0x00, 0x0f, 0xf7, 0x00,
    0x00, 0xaf, 0xff, 0xe0, 0x04, 0xff, 0xff, 0xc0,
    0x00, 0x0f, 0xf7, 0x00, 0x04, 0xff, 0xff, 0x80,
    0x00, 0xcf, 0xff, 0xfa, 0x00, 0x0f, 0xf7, 0x00,
    0x4f, 0xff, 0xff, 0x10, 0x00, 0x2f, 0xff, 0xff,
    0xd6, 0x2f, 0xf7, 0x3a, 0xff, 0xff, 0xf6, 0x00,
    0x00, 0x05, 0xff, 0xff, 0xff, 0xff, 0xff, 0xff,
    0xff, 0xff, 0x90, 0x00, 0x00, 0x00, 0x4e, 0xff,
    0xff, 0xff, 0xff, 0xff, 0xff, 0xf8, 0x00, 0x00,
    0x00, 0x00, 0x01, 0x8e, 0xff, 0xff, 0xff, 0xff,
    0xfb, 0x20, 0x00, 0x00, 0x00, 0x00, 0x00, 0x00,
    0x26, 0x9f, 0xfb, 0x64, 0x00, 0x00, 0x00, 0x00,
    0x00, 0x00, 0x00, 0x00, 0x00, 0x0f, 0xf7, 0x00,
    0x00, 0x00, 0x00, 0x00, 0x00, 0x00, 0x00, 0x00,
    0x00, 0x0f, 0xf7, 0x00, 0x00, 0x00, 0x00, 0x00,
    0x00, 0x00, 0x00, 0x00, 0x00, 0x0f, 0xf7, 0x00,
    0x00, 0x00, 0x00, 0x00, 0x00, 0x00, 0x00, 0x00,
    0x00, 0x0f, 0xf7, 0x00, 0x00, 0x00, 0x00, 0x00,

    /* U+0025 "%" */
    0x00, 0x00, 0x01, 0x57, 0x75, 0x10, 0x00, 0x00,
    0x00, 0x00, 0x00, 0x00, 0x00, 0x18, 0x88, 0x10,
    0x00, 0x00, 0x00, 0x00, 0x00, 0x8f, 0xff, 0xff,
    0xf9, 0x10, 0x00, 0x00, 0x00, 0x00, 0x00, 0x00,
    0x8f, 0xfd, 0x00, 0x00, 0x00, 0x00, 0x00, 0x0c,
    0xff, 0xff, 0xff, 0xff, 0xd1, 0x00, 0x00, 0x00,
    0x00, 0x00, 0x01, 0xff, 0xf5, 0x00, 0x00, 0x00,
    0x00, 0x00, 0x9f, 0xff, 0xe9, 0x8c, 0xff, 0xfc,
    0x00, 0x00, 0x00, 0x00, 0x00, 0x08, 0xff, 0xd0,
    0x00, 0x00, 0x00, 0x00, 0x02, 0xff, 0xfc, 0x10,
    0x00, 0x9f, 0xff, 0x60, 0x00, 0x00, 0x00, 0x00,
    0x1f, 0xff, 0x50, 0x00, 0x00, 0x00, 0x00, 0x08,
    0xff, 0xf2, 0x00, 0x00, 0x0d, 0xff, 0xd0, 0x00,
    0x00, 0x00, 0x00, 0x8f, 0xfd, 0x00, 0x00, 0x00,
    0x00, 0x00, 0x0d, 0xff, 0xd0, 0x00, 0x00, 0x08,
    0xff, 0xf1, 0x00, 0x00, 0x00, 0x01, 0xff, 0xf5,
    0x00, 0x00, 0x00, 0x00, 0x00, 0x0f, 0xff, 0xa0,
    0x00, 0x00, 0x05, 0xff, 0xf5, 0x00, 0x00, 0x00,
    0x08, 0xff, 0xd0, 0x00, 0x00, 0x00, 0x00, 0x00,
    0x2f, 0xff, 0x80, 0x00, 0x00, 0x03, 0xff, 0xf6,
    0x00, 0x00, 0x00, 0x1f, 0xff, 0x50, 0x00, 0x00,
    0x00, 0x00, 0x00, 0x3f, 0xff, 0x70, 0x00, 0x00,
    0x03, 0xff, 0xf7, 0x00, 0x00, 0x00, 0x9f, 0xfd,
    0x00, 0x00, 0x00, 0x00, 0x00, 0x00, 0x2f, 0xff,
    0x70, 0x00, 0x00, 0x03, 0xff, 0xf6, 0x00, 0x00,
    0x01, 0xff, 0xf5, 0x00, 0x00, 0x00, 0x00, 0x00,
    0x00, 0x1f, 0xff, 0x80, 0x00, 0x00, 0x04, 0xff,
    0xf5, 0x00, 0x00, 0x09, 0xff, 0xd0, 0x00, 0x00,
    0x00, 0x00, 0x00, 0x00, 0x0e, 0xff, 0xa0, 0x00,
    0x00, 0x06, 0xff, 0xf3, 0x00, 0x00, 0x1f, 0xff,
    0x50, 0x00, 0x00, 0x00, 0x00, 0x00, 0x00, 0x0b,
    0xff, 0xe0, 0x00, 0x00, 0x0b, 0xff, 0xf0, 0x00,
    0x00, 0x9f, 0xfd, 0x00, 0x00, 0x00, 0x00, 0x00,
    0x00, 0x00, 0x05, 0xff, 0xf6, 0x00, 0x00, 0x2f,
    0xff, 0x90, 0x00, 0x01, 0xff, 0xf5, 0x00, 0x00,
    0x00, 0x00, 0x00, 0x00, 0x00, 0x00, 0xdf, 0xff,
    0x70, 0x04, 0xef, 0xff, 0x20, 0x00, 0x09, 0xff,
    0xd0, 0x00, 0x00, 0x00, 0x00, 0x00, 0x00, 0x00,
    0x00, 0x3f, 0xff, 0xff, 0xff, 0xff, 0xf6, 0x00,
    0x00, 0x1f, 0xff, 0x50, 0x00, 0x00, 0x00, 0x00,
    0x00, 0x00, 0x00, 0x00, 0x04, 0xef, 0xff, 0xff,
    0xff, 0x60, 0x00, 0x00, 0x9f, 0xfd, 0x00, 0x00,
    0x00, 0x00, 0x00, 0x00, 0x00, 0x00, 0x00, 0x00,
    0x18, 0xdf, 0xfd, 0x81, 0x00, 0x00, 0x01, 0xff,
    0xf5, 0x00, 0x00, 0x00, 0x00, 0x00, 0x00, 0x00,
    0x00, 0x00, 0x00, 0x00, 0x00, 0x00, 0x00, 0x00,
    0x00, 0x09, 0xff, 0xd0, 0x00, 0x00, 0x07, 0xce,
    0xfd, 0x93, 0x00, 0x00, 0x00, 0x00, 0x00, 0x00,
    0x00, 0x00, 0x00, 0x00, 0x1f, 0xff, 0x50, 0x00,
    0x02, 0xdf, 0xff, 0xff, 0xff, 0x90, 0x00, 0x00,
    0x00, 0x00, 0x00, 0x00, 0x00, 0x00, 0x00, 0x9f,
    0xfd, 0x00, 0x00, 0x1e, 0xff, 0xff, 0xff, 0xff,
    0xfa, 0x00, 0x00, 0x00, 0x00, 0x00, 0x00, 0x00,
    0x00, 0x01, 0xff, 0xf5, 0x00, 0x00, 0x9f, 0xff,
    0xa1, 0x03, 0xdf, 0xff, 0x50, 0x00, 0x00, 0x00,
    0x00, 0x00, 0x00, 0x00, 0x09, 0xff, 0xd0, 0x00,
    0x01, 0xff, 0xfb, 0x00, 0x00, 0x1e, 0xff, 0xd0,
    0x00, 0x00, 0x00, 0x00, 0x00, 0x00, 0x00, 0x1f,
    0xff, 0x50, 0x00, 0x07, 0xff, 0xf3, 0x00, 0x00,
    0x07, 0xff, 0xf3, 0x00, 0x00, 0x00, 0x00, 0x00,
    0x00, 0x00, 0x9f, 0xfd, 0x00, 0x00, 0x0b, 0xff,
    0xf0, 0x00, 0x00, 0x03, 0xff, 0xf6, 0x00, 0x00,
    0x00, 0x00, 0x00, 0x00, 0x01, 0xff, 0xf5, 0x00,
    0x00, 0x0d, 0xff, 0xc0, 0x00, 0x00, 0x00, 0xff,
    0xf9, 0x00, 0x00, 0x00, 0x00, 0x00, 0x00, 0x09,
    0xff, 0xd0, 0x00, 0x00, 0x0f, 0xff, 0xb0, 0x00,
    0x00, 0x00, 0xff, 0xfa, 0x00, 0x00, 0x00, 0x00,
    0x00, 0x00, 0x1f, 0xff, 0x50, 0x00, 0x00, 0x0f,
    0xff, 0xb0, 0x00, 0x00, 0x00, 0xff, 0xfb, 0x00,
    0x00, 0x00, 0x00, 0x00, 0x00, 0x9f, 0xfd, 0x00,
    0x00, 0x00, 0x0e, 0xff, 0xb0, 0x00, 0x00, 0x00,
    0xff, 0xfa, 0x00, 0x00, 0x00, 0x00, 0x00, 0x01,
    0xff, 0xf5, 0x00, 0x00, 0x00, 0x0d, 0xff, 0xc0,
    0x00, 0x00, 0x01, 0xff, 0xf9, 0x00, 0x00, 0x00,
    0x00, 0x00, 0x09, 0xff, 0xd0, 0x00, 0x00, 0x00,
    0x0a, 0xff, 0xe0, 0x00, 0x00, 0x03, 0xff, 0xf6,
    0x00, 0x00, 0x00, 0x00, 0x00, 0x1f, 0xff, 0x50,
    0x00, 0x00, 0x00, 0x07, 0xff, 0xf3, 0x00, 0x00,
    0x07, 0xff, 0xf2, 0x00, 0x00, 0x00, 0x00, 0x00,
    0x9f, 0xfd, 0x00, 0x00, 0x00, 0x00, 0x01, 0xff,
    0xfb, 0x00, 0x00, 0x1e, 0xff, 0xc0, 0x00, 0x00,
    0x00, 0x00, 0x01, 0xff, 0xf5, 0x00, 0x00, 0x00,
    0x00, 0x00, 0x9f, 0xff, 0xa2, 0x03, 0xdf, 0xff,
    0x40, 0x00, 0x00, 0x00, 0x00, 0x09, 0xff, 0xd0,
    0x00, 0x00, 0x00, 0x00, 0x00, 0x0d, 0xff, 0xff,
    0xff, 0xff, 0xf8, 0x00, 0x00, 0x00, 0x00, 0x00,
    0x2f, 0xff, 0x50, 0x00, 0x00, 0x00, 0x00, 0x00,
    0x01, 0xcf, 0xff, 0xff, 0xff, 0x80, 0x00, 0x00,
    0x00, 0x00, 0x00, 0x9f, 0xfd, 0x00, 0x00, 0x00,
    0x00, 0x00, 0x00, 0x00, 0x05, 0xbe, 0xfd, 0x92,
    0x00, 0x00,

    /* U+0026 "&" */
    0x00, 0x00, 0x00, 0x00, 0x00, 0x26, 0x77, 0x51,
    0x00, 0x00, 0x00, 0x00, 0x00, 0x00, 0x00, 0x00,
    0x00, 0x00, 0x06, 0xdf, 0xff, 0xff, 0xfc, 0x30,
    0x00, 0x00, 0x00, 0x00, 0x00, 0x00, 0x00, 0x00,
    0x1b, 0xff, 0xff, 0xff, 0xff, 0xff, 0x60, 0x00,
    0x00, 0x00, 0x00, 0x00, 0x00, 0x00, 0x0c, 0xff,
    0xff, 0xff, 0xff, 0xff, 0xff, 0x50, 0x00, 0x00,
    0x00, 0x00, 0x00, 0x00, 0x08, 0xff, 0xff, 0xa3,
    0x12, 0x7f, 0xff, 0xfe, 0x10, 0x00, 0x00, 0x00,
    0x00, 0x00, 0x01, 0xff, 0xff, 0x90, 0x00, 0x00,
    0x4f, 0xff, 0xf7, 0x00, 0x00, 0x00, 0x00, 0x00,
    0x00, 0x6f, 0xff, 0xf0, 0x00, 0x00, 0x00, 0xbf,
    0xff, 0xb0, 0x00, 0x00, 0x00, 0x00, 0x00, 0x08,
    0xff, 0xfc, 0x00, 0x00, 0x00, 0x07, 0xff, 0xfd,
    0x00, 0x00, 0x00, 0x00, 0x00, 0x00, 0x9f, 0xff,
    0xc0, 0x00, 0x00, 0x00, 0x7f, 0xff, 0xd0, 0x00,
    0x00, 0x00, 0x00, 0x00, 0x07, 0xff, 0xff, 0x10,
    0x00, 0x00, 0x0a, 0xff, 0xfb, 0x00, 0x00, 0x00,
    0x00, 0x00, 0x00, 0x3f, 0xff, 0xf9, 0x00, 0x00,
    0x01, 0xff, 0xff, 0x60, 0x00, 0x00, 0x00, 0x00,
    0x00, 0x00, 0xdf, 0xff, 0xf5, 0x00, 0x00, 0xbf,
    0xff, 0xe0, 0x00, 0x00, 0x00, 0x00, 0x00, 0x00,
    0x05, 0xff, 0xff, 0xf3, 0x01, 0xcf, 0xff, 0xf4,
    0x00, 0x00, 0x00, 0x00, 0x00, 0x00, 0x00, 0x0a,
    0xff, 0xff, 0xe7, 0xff, 0xff, 0xf6, 0x00, 0x00,
    0x00, 0x00, 0x00, 0x00, 0x00, 0x00, 0x0d, 0xff,
    0xff, 0xff, 0xff, 0xf5, 0x00, 0x00, 0x00, 0x00,
    0x00, 0x00, 0x00, 0x00, 0x00, 0x2f, 0xff, 0xff,
    0xff, 0xc2, 0x00, 0x00, 0x00, 0x00, 0x00, 0x00,
    0x00, 0x00, 0x00, 0x2a, 0xff, 0xff, 0xff, 0xa0,
    0x00, 0x00, 0x00, 0x00, 0x00, 0x00, 0x00, 0x00,
    0x00, 0x7f, 0xff, 0xff, 0xff, 0xff, 0x40, 0x00,
    0x00, 0x00, 0x00, 0x00, 0x00, 0x00, 0x01, 0xcf,
    0xff, 0xff, 0xef, 0xff, 0xfe, 0x10, 0x00, 0x00,
    0x00, 0x00, 0x00, 0x00, 0x01, 0xdf, 0xff, 0xfe,
    0x51, 0xef, 0xff, 0xfc, 0x00, 0x00, 0x05, 0x30,
    0x00, 0x00, 0x00, 0xdf, 0xff, 0xfb, 0x10, 0x03,
    0xff, 0xff, 0xf9, 0x00, 0x00, 0xff, 0xfc, 0x40,
    0x00, 0x8f, 0xff, 0xfa, 0x00, 0x00, 0x05, 0xff,
    0xff, 0xf5, 0x00, 0x5f, 0xff, 0xf4, 0x00, 0x1f,
    0xff, 0xfd, 0x00, 0x00, 0x00, 0x08, 0xff, 0xff,
    0xf2, 0x0a, 0xff, 0xff, 0x00, 0x07, 0xff, 0xff,
    0x40, 0x00, 0x00, 0x00, 0x0b, 0xff, 0xff, 0xd2,
    0xff, 0xff, 0xa0, 0x00, 0xbf, 0xff, 0xd0, 0x00,
    0x00, 0x00, 0x00, 0x1e, 0xff, 0xff, 0xef, 0xff,
    0xf4, 0x00, 0x0e, 0xff, 0xfa, 0x00, 0x00, 0x00,
    0x00, 0x00, 0x3f, 0xff, 0xff, 0xff, 0xfd, 0x00,
    0x00, 0xef, 0xff, 0xa0, 0x00, 0x00, 0x00, 0x00,
    0x00, 0x5f, 0xff, 0xff, 0xff, 0x60, 0x00, 0x0d,
    0xff, 0xfd, 0x00, 0x00, 0x00, 0x00, 0x00, 0x00,
    0x9f, 0xff, 0xff, 0xc0, 0x00, 0x00, 0xaf, 0xff,
    0xf2, 0x00, 0x00, 0x00, 0x00, 0x00, 0x01, 0xff,
    0xff, 0xfe, 0x10, 0x00, 0x06, 0xff, 0xff, 0xa0,
    0x00, 0x00, 0x00, 0x00, 0x00, 0xbf, 0xff, 0xff,
    0xfc, 0x00, 0x00, 0x0e, 0xff, 0xff, 0x50, 0x00,
    0x00, 0x00, 0x01, 0xbf, 0xff, 0xff, 0xff, 0xfb,
    0x00, 0x00, 0x6f, 0xff, 0xff, 0x60, 0x00, 0x00,
    0x04, 0xdf, 0xff, 0xff, 0xff, 0xff, 0xfb, 0x00,
    0x00, 0xbf, 0xff, 0xff, 0xc7, 0x55, 0x7c, 0xff,
    0xff, 0xfe, 0x28, 0xff, 0xff, 0xfc, 0x10, 0x00,
    0xbf, 0xff, 0xff, 0xff, 0xff, 0xff, 0xff, 0xfd,
    0x20, 0x0a, 0xff, 0xff, 0xfa, 0x00, 0x00, 0x9f,
    0xff, 0xff, 0xff, 0xff, 0xff, 0xf9, 0x00, 0x00,
    0x0a, 0xff, 0xfd, 0x10, 0x00, 0x00, 0x3a, 0xff,
    0xff, 0xff, 0xff, 0xa3, 0x00, 0x00, 0x00, 0x08,
    0xfe, 0x20, 0x00, 0x00, 0x00, 0x00, 0x45, 0x77,
    0x63, 0x00, 0x00, 0x00, 0x00, 0x00, 0x04, 0x40,
    0x00,

    /* U+0027 "'" */
    0xef, 0xff, 0xee, 0xff, 0xfe, 0xef, 0xff, 0xee,
    0xff, 0xfe, 0xef, 0xff, 0xee, 0xff, 0xfe, 0xcf,
    0xff, 0xc9, 0xff, 0xfa, 0x7f, 0xff, 0x74, 0xff,
    0xf4, 0x2f, 0xff, 0x20, 0xff, 0xf0, 0x05, 0x65,
    0x00,

    /* U+0028 "(" */
    0x00, 0x00, 0x00, 0x00, 0x2f, 0xfe, 0x00, 0x00,
    0x00, 0x00, 0x0c, 0xff, 0x60, 0x00, 0x00, 0x00,
    0x07, 0xff, 0xd0, 0x00, 0x00, 0x00, 0x02, 0xff,
    0xf5, 0x00, 0x00, 0x00, 0x00, 0xbf, 0xfc, 0x00,
    0x00, 0x00, 0x00, 0x4f, 0xff, 0x40, 0x00, 0x00,
    0x00, 0x0d, 0xff, 0xc0, 0x00, 0x00, 0x00, 0x05,
    0xff, 0xf5, 0x00, 0x00, 0x00, 0x00, 0xcf, 0xff,
    0x00, 0x00, 0x00, 0x00, 0x4f, 0xff, 0x90, 0x00,
    0x00, 0x00, 0x0a, 0xff, 0xf3, 0x00, 0x00, 0x00,
    0x01, 0xff, 0xfe, 0x00, 0x00, 0x00, 0x00, 0x6f,
    0xff, 0xa0, 0x00, 0x00, 0x00, 0x0b, 0xff, 0xf6,
    0x00, 0x00, 0x00, 0x00, 0xff, 0xff, 0x20, 0x00,
    0x00, 0x00, 0x3f, 0xff, 0xf0, 0x00, 0x00, 0x00,
    0x07, 0xff, 0xfd, 0x00, 0x00, 0x00, 0x00, 0xaf,
    0xff, 0xa0, 0x00, 0x00, 0x00, 0x0c, 0xff, 0xf8,
    0x00, 0x00, 0x00, 0x00, 0xef, 0xff, 0x70, 0x00,
    0x00, 0x00, 0x0f, 0xff, 0xf6, 0x00, 0x00, 0x00,
    0x00, 0xff, 0xff, 0x50, 0x00, 0x00, 0x00, 0x1f,
    0xff, 0xf4, 0x00, 0x00, 0x00, 0x01, 0xff, 0xff,
    0x40, 0x00, 0x00, 0x00, 0x0f, 0xff, 0xf4, 0x00,
    0x00, 0x00, 0x00, 0xff, 0xff, 0x50, 0x00, 0x00,
    0x00, 0x0e, 0xff, 0xf6, 0x00, 0x00, 0x00, 0x00,
    0xcf, 0xff, 0x80, 0x00, 0x00, 0x00, 0x09, 0xff,
    0xfa, 0x00, 0x00, 0x00, 0x00, 0x7f, 0xff, 0xd0,
    0x00, 0x00, 0x00, 0x03, 0xff, 0xff, 0x00, 0x00,
    0x00, 0x00, 0x0f, 0xff, 0xf3, 0x00, 0x00, 0x00,
    0x00, 0xbf, 0xff, 0x70, 0x00, 0x00, 0x00, 0x05,
    0xff, 0xfb, 0x00, 0x00, 0x00, 0x00, 0x0f, 0xff,
    0xf0, 0x00, 0x00, 0x00, 0x00, 0xaf, 0xff, 0x50,
    0x00, 0x00, 0x00, 0x03, 0xff, 0xfa, 0x00, 0x00,
    0x00, 0x00, 0x0c, 0xff, 0xf1, 0x00, 0x00, 0x00,
    0x00, 0x5f, 0xff, 0x70, 0x00, 0x00, 0x00, 0x00,
    0xdf, 0xfd, 0x00, 0x00, 0x00, 0x00, 0x05, 0xff,
    0xf4, 0x00, 0x00, 0x00, 0x00, 0x0c, 0xff, 0xc0,
    0x00, 0x00, 0x00, 0x00, 0x2f, 0xff, 0x40, 0x00,
    0x00, 0x00, 0x00, 0x8f, 0xfc, 0x00, 0x00, 0x00,
    0x00, 0x00, 0xdf, 0xf6, 0x00, 0x00, 0x00, 0x00,
    0x02, 0xff, 0xe0,

    /* U+0029 ")" */
    0x0c, 0xff, 0x40, 0x00, 0x00, 0x00, 0x00, 0x4f,
    0xfe, 0x10, 0x00, 0x00, 0x00, 0x00, 0xbf, 0xfa,
    0x00, 0x00, 0x00, 0x00, 0x02, 0xff, 0xf4, 0x00,
    0x00, 0x00, 0x00, 0x0a, 0xff, 0xd0, 0x00, 0x00,
    0x00, 0x00, 0x2f, 0xff, 0x70, 0x00, 0x00, 0x00,
    0x00, 0xaf, 0xff, 0x00, 0x00, 0x00, 0x00, 0x03,
    0xff, 0xf7, 0x00, 0x00, 0x00, 0x00, 0x0d, 0xff,
    0xe0, 0x00, 0x00, 0x00, 0x00, 0x7f, 0xff, 0x60,
    0x00, 0x00, 0x00, 0x01, 0xff, 0xfd, 0x00, 0x00,
    0x00, 0x00, 0x0c, 0xff, 0xf3, 0x00, 0x00, 0x00,
    0x00, 0x8f, 0xff, 0x90, 0x00, 0x00, 0x00, 0x04,
    0xff, 0xfd, 0x00, 0x00, 0x00, 0x00, 0x0f, 0xff,
    0xf2, 0x00, 0x00, 0x00, 0x00, 0xdf, 0xff, 0x60,
    0x00, 0x00, 0x00, 0x0a, 0xff, 0xf9, 0x00, 0x00,
    0x00, 0x00, 0x7f, 0xff, 0xc0, 0x00, 0x00, 0x00,
    0x05, 0xff, 0xfe, 0x00, 0x00, 0x00, 0x00, 0x4f,
    0xff, 0xf0, 0x00, 0x00, 0x00, 0x02, 0xff, 0xff,
    0x20, 0x00, 0x00, 0x00, 0x2f, 0xff, 0xf3, 0x00,
    0x00, 0x00, 0x01, 0xff, 0xff, 0x30, 0x00, 0x00,
    0x00, 0x1f, 0xff, 0xf3, 0x00, 0x00, 0x00, 0x02,
    0xff, 0xff, 0x20, 0x00, 0x00, 0x00, 0x2f, 0xff,
    0xf2, 0x00, 0x00, 0x00, 0x04, 0xff, 0xff, 0x00,
    0x00, 0x00, 0x00, 0x6f, 0xff, 0xe0, 0x00, 0x00,
    0x00, 0x07, 0xff, 0xfc, 0x00, 0x00, 0x00, 0x00,
    0xaf, 0xff, 0x90, 0x00, 0x00, 0x00, 0x0d, 0xff,
    0xf5, 0x00, 0x00, 0x00, 0x00, 0xff, 0xff, 0x10,
    0x00, 0x00, 0x00, 0x4f, 0xff, 0xd0, 0x00, 0x00,
    0x00, 0x09, 0xff, 0xf8, 0x00, 0x00, 0x00, 0x00,
    0xdf, 0xff, 0x20, 0x00, 0x00, 0x00, 0x2f, 0xff,
    0xc0, 0x00, 0x00, 0x00, 0x08, 0xff, 0xf6, 0x00,
    0x00, 0x00, 0x00, 0xdf, 0xfe, 0x00, 0x00, 0x00,
    0x00, 0x4f, 0xff, 0x70, 0x00, 0x00, 0x00, 0x0b,
    0xff, 0xe0, 0x00, 0x00, 0x00, 0x02, 0xff, 0xf7,
    0x00, 0x00, 0x00, 0x00, 0xaf, 0xfd, 0x00, 0x00,
    0x00, 0x00, 0x2f, 0xff, 0x40, 0x00, 0x00, 0x00,
    0x0a, 0xff, 0xb0, 0x00, 0x00, 0x00, 0x03, 0xff,
    0xe1, 0x00, 0x00, 0x00, 0x00, 0xcf, 0xf4, 0x00,
    0x00, 0x00, 0x00,

    /* U+002A "*" */
    0x00, 0x00, 0x00, 0x7f, 0xfe, 0x00, 0x00, 0x00,
    0x00, 0x00, 0x00, 0x6f, 0xfd, 0x00, 0x00, 0x00,
    0x00, 0x00, 0x00, 0x5f, 0xfc, 0x00, 0x00, 0x00,
    0x02, 0x00, 0x00, 0x3f, 0xfa, 0x00, 0x00, 0x30,
    0x0b, 0xfa, 0x30, 0x2f, 0xf9, 0x01, 0x7d, 0xf3,
    0x0f, 0xff, 0xfc, 0x5f, 0xf9, 0x9f, 0xff, 0xf8,
    0x5f, 0xff, 0xff, 0xff, 0xff, 0xff, 0xff, 0xfd,
    0x04, 0x8c, 0xff, 0xff, 0xff, 0xff, 0xfc, 0x73,
    0x00, 0x00, 0x04, 0xff, 0xff, 0x92, 0x00, 0x00,
    0x00, 0x00, 0x0c, 0xff, 0xff, 0xf4, 0x00, 0x00,
    0x00, 0x00, 0xaf, 0xfc, 0x6f, 0xff, 0x30, 0x00,
    0x00, 0x08, 0xff, 0xf4, 0x0d, 0xff, 0xe1, 0x00,
    0x00, 0x4f, 0xff, 0xb0, 0x03, 0xff, 0xfc, 0x00,
    0x00, 0x1b, 0xff, 0x20, 0x00, 0x9f, 0xf6, 0x00,
    0x00, 0x00, 0x76, 0x00, 0x00, 0x0b, 0x20, 0x00,

    /* U+002B "+" */
    0x00, 0x00, 0x00, 0x00, 0x00, 0x33, 0x33, 0x00,
    0x00, 0x00, 0x00, 0x00, 0x00, 0x00, 0x00, 0x00,
    0x00, 0xff, 0xff, 0x00, 0x00, 0x00, 0x00, 0x00,
    0x00, 0x00, 0x00, 0x00, 0x00, 0xff, 0xff, 0x00,
    0x00, 0x00, 0x00, 0x00, 0x00, 0x00, 0x00, 0x00,
    0x00, 0xff, 0xff, 0x00, 0x00, 0x00, 0x00, 0x00,
    0x00, 0x00, 0x00, 0x00, 0x00, 0xff, 0xff, 0x00,
    0x00, 0x00, 0x00, 0x00, 0x00, 0x00, 0x00, 0x00,
    0x00, 0xff, 0xff, 0x00, 0x00, 0x00, 0x00, 0x00,
    0x00, 0x00, 0x00, 0x00, 0x00, 0xff, 0xff, 0x00,
    0x00, 0x00, 0x00, 0x00, 0x00, 0x00, 0x00, 0x00,
    0x00, 0xff, 0xff, 0x00, 0x00, 0x00, 0x00, 0x00,
    0x00, 0x00, 0x00, 0x00, 0x00, 0xff, 0xff, 0x00,
    0x00, 0x00, 0x00, 0x00, 0x00, 0x00, 0x00, 0x00,
    0x00, 0xff, 0xff, 0x00, 0x00, 0x00, 0x00, 0x00,
    0x5f, 0xff, 0xff, 0xff, 0xff, 0xff, 0xff, 0xff,
    0xff, 0xff, 0xff, 0xf5, 0x5f, 0xff, 0xff, 0xff,
    0xff, 0xff, 0xff, 0xff, 0xff, 0xff, 0xff, 0xf5,
    0x5f, 0xff, 0xff, 0xff, 0xff, 0xff, 0xff, 0xff,
    0xff, 0xff, 0xff, 0xf5, 0x5f, 0xff, 0xff, 0xff,
    0xff, 0xff, 0xff, 0xff, 0xff, 0xff, 0xff, 0xf5,
    0x00, 0x00, 0x00, 0x00, 0x00, 0xff, 0xff, 0x00,
    0x00, 0x00, 0x00, 0x00, 0x00, 0x00, 0x00, 0x00,
    0x00, 0xff, 0xff, 0x00, 0x00, 0x00, 0x00, 0x00,
    0x00, 0x00, 0x00, 0x00, 0x00, 0xff, 0xff, 0x00,
    0x00, 0x00, 0x00, 0x00, 0x00, 0x00, 0x00, 0x00,
    0x00, 0xff, 0xff, 0x00, 0x00, 0x00, 0x00, 0x00,
    0x00, 0x00, 0x00, 0x00, 0x00, 0xff, 0xff, 0x00,
    0x00, 0x00, 0x00, 0x00, 0x00, 0x00, 0x00, 0x00,
    0x00, 0xff, 0xff, 0x00, 0x00, 0x00, 0x00, 0x00,
    0x00, 0x00, 0x00, 0x00, 0x00, 0xff, 0xff, 0x00,
    0x00, 0x00, 0x00, 0x00, 0x00, 0x00, 0x00, 0x00,
    0x00, 0xff, 0xff, 0x00, 0x00, 0x00, 0x00, 0x00,
    0x00, 0x00, 0x00, 0x00, 0x00, 0xff, 0xff, 0x00,
    0x00, 0x00, 0x00, 0x00, 0x00, 0x00, 0x00, 0x00,
    0x00, 0xff, 0xff, 0x00, 0x00, 0x00, 0x00, 0x00,

    /* U+002C "," */
    0x0a, 0xee, 0xee, 0x10, 0xbf, 0xff, 0xf1, 0x0b,
    0xff, 0xff, 0x10, 0xbf, 0xff, 0xf1, 0x0b, 0xff,
    0xff, 0x10, 0x00, 0x6f, 0xf0, 0x00, 0x08, 0xff,
    0x00, 0x00, 0xcf, 0xd0, 0x00, 0x3f, 0xf8, 0x00,
    0x3e, 0xff, 0x10, 0x0b, 0xff, 0x40, 0x00, 0x2b,
    0x20, 0x00,

    /* U+002D "-" */
    0x25, 0x55, 0x55, 0x55, 0x55, 0x55, 0x52, 0x7f,
    0xff, 0xff, 0xff, 0xff, 0xff, 0xf7, 0x7f, 0xff,
    0xff, 0xff, 0xff, 0xff, 0xf7, 0x7f, 0xff, 0xff,
    0xff, 0xff, 0xff, 0xf7, 0x7f, 0xff, 0xff, 0xff,
    0xff, 0xff, 0xf7,

    /* U+002E "." */
    0x9e, 0xee, 0xe2, 0xaf, 0xff, 0xf2, 0xaf, 0xff,
    0xf2, 0xaf, 0xff, 0xf2, 0xaf, 0xff, 0xf2,

    /* U+002F "/" */
    0x00, 0x00, 0x00, 0x00, 0x00, 0x88, 0x82, 0x00,
    0x00, 0x00, 0x00, 0x04, 0xff, 0xf1, 0x00, 0x00,
    0x00, 0x00, 0x09, 0xff, 0xc0, 0x00, 0x00, 0x00,
    0x00, 0x0d, 0xff, 0x80, 0x00, 0x00, 0x00, 0x00,
    0x1f, 0xff, 0x40, 0x00, 0x00, 0x00, 0x00, 0x6f,
    0xff, 0x00, 0x00, 0x00, 0x00, 0x00, 0xaf, 0xfb,
    0x00, 0x00, 0x00, 0x00, 0x00, 0xef, 0xf6, 0x00,
    0x00, 0x00, 0x00, 0x03, 0xff, 0xf2, 0x00, 0x00,
    0x00, 0x00, 0x07, 0xff, 0xe0, 0x00, 0x00, 0x00,
    0x00, 0x0c, 0xff, 0x90, 0x00, 0x00, 0x00, 0x00,
    0x0f, 0xff, 0x50, 0x00, 0x00, 0x00, 0x00, 0x4f,
    0xff, 0x10, 0x00, 0x00, 0x00, 0x00, 0x9f, 0xfc,
    0x00, 0x00, 0x00, 0x00, 0x00, 0xdf, 0xf8, 0x00,
    0x00, 0x00, 0x00, 0x02, 0xff, 0xf4, 0x00, 0x00,
    0x00, 0x00, 0x06, 0xff, 0xf0, 0x00, 0x00, 0x00,
    0x00, 0x0a, 0xff, 0xb0, 0x00, 0x00, 0x00, 0x00,
    0x0e, 0xff, 0x70, 0x00, 0x00, 0x00, 0x00, 0x3f,
    0xff, 0x20, 0x00, 0x00, 0x00, 0x00, 0x7f, 0xfe,
    0x00, 0x00, 0x00, 0x00, 0x00, 0xcf, 0xfa, 0x00,
    0x00, 0x00, 0x00, 0x00, 0xff, 0xf5, 0x00, 0x00,
    0x00, 0x00, 0x05, 0xff, 0xf1, 0x00, 0x00, 0x00,
    0x00, 0x09, 0xff, 0xc0, 0x00, 0x00, 0x00, 0x00,
    0x0d, 0xff, 0x80, 0x00, 0x00, 0x00, 0x00, 0x2f,
    0xff, 0x40, 0x00, 0x00, 0x00, 0x00, 0x6f, 0xff,
    0x00, 0x00, 0x00, 0x00, 0x00, 0xaf, 0xfb, 0x00,
    0x00, 0x00, 0x00, 0x00, 0xff, 0xf7, 0x00, 0x00,
    0x00, 0x00, 0x03, 0xff, 0xf2, 0x00, 0x00, 0x00,
    0x00, 0x08, 0xff, 0xe0, 0x00, 0x00, 0x00, 0x00,
    0x0c, 0xff, 0xa0, 0x00, 0x00, 0x00, 0x00, 0x0f,
    0xff, 0x50, 0x00, 0x00, 0x00, 0x00, 0x5f, 0xff,
    0x10, 0x00, 0x00, 0x00, 0x00, 0x9f, 0xfd, 0x00,
    0x00, 0x00, 0x00, 0x00, 0xdf, 0xf8, 0x00, 0x00,
    0x00, 0x00, 0x00,

    /* U+0030 "0" */
    0x00, 0x00, 0x00, 0x05, 0xad, 0xff, 0xec, 0x82,
    0x00, 0x00, 0x00, 0x00, 0x00, 0x00, 0x5e, 0xff,
    0xff, 0xff, 0xff, 0xf8, 0x00, 0x00, 0x00, 0x00,
    0x00, 0x7f, 0xff, 0xff, 0xff, 0xff, 0xff, 0xfc,
    0x10, 0x00, 0x00, 0x00, 0x6f, 0xff, 0xff, 0xda,
    0x9c, 0xff, 0xff, 0xfc, 0x00, 0x00, 0x00, 0x2f,
    0xff, 0xfd, 0x40, 0x00, 0x02, 0xbf, 0xff, 0xf8,
    0x00, 0x00, 0x0b, 0xff, 0xfe, 0x10, 0x00, 0x00,
    0x00, 0xaf, 0xff, 0xf1, 0x00, 0x03, 0xff, 0xff,
    0x40, 0x00, 0x00, 0x00, 0x00, 0xdf, 0xff, 0x90,
    0x00, 0x9f, 0xff, 0xc0, 0x00, 0x00, 0x00, 0x00,
    0x05, 0xff, 0xfe, 0x00, 0x0e, 0xff, 0xf6, 0x00,
    0x00, 0x00, 0x00, 0x00, 0x0e, 0xff, 0xf4, 0x03,
    0xff, 0xff, 0x10, 0x00, 0x00, 0x00, 0x00, 0x00,
    0xaf, 0xff, 0x90, 0x6f, 0xff, 0xe0, 0x00, 0x00,
    0x00, 0x00, 0x00, 0x07, 0xff, 0xfd, 0x09, 0xff,
    0xfb, 0x00, 0x00, 0x00, 0x00, 0x00, 0x00, 0x5f,
    0xff, 0xf0, 0xbf, 0xff, 0x90, 0x00, 0x00, 0x00,
    0x00, 0x00, 0x02, 0xff, 0xff, 0x2c, 0xff, 0xf7,
    0x00, 0x00, 0x00, 0x00, 0x00, 0x00, 0x1f, 0xff,
    0xf3, 0xef, 0xff, 0x60, 0x00, 0x00, 0x00, 0x00,
    0x00, 0x00, 0xff, 0xff, 0x4f, 0xff, 0xf5, 0x00,
    0x00, 0x00, 0x00, 0x00, 0x00, 0x0f, 0xff, 0xf5,
    0xff, 0xff, 0x50, 0x00, 0x00, 0x00, 0x00, 0x00,
    0x00, 0xff, 0xff, 0x6f, 0xff, 0xf5, 0x00, 0x00,
    0x00, 0x00, 0x00, 0x00, 0x0f, 0xff, 0xf6, 0xff,
    0xff, 0x50, 0x00, 0x00, 0x00, 0x00, 0x00, 0x00,
    0xff, 0xff, 0x6f, 0xff, 0xf5, 0x00, 0x00, 0x00,
    0x00, 0x00, 0x00, 0x0f, 0xff, 0xf5, 0xef, 0xff,
    0x60, 0x00, 0x00, 0x00, 0x00, 0x00, 0x00, 0xff,
    0xff, 0x5d, 0xff, 0xf7, 0x00, 0x00, 0x00, 0x00,
    0x00, 0x00, 0x0f, 0xff, 0xf4, 0xcf, 0xff, 0x80,
    0x00, 0x00, 0x00, 0x00, 0x00, 0x02, 0xff, 0xff,
    0x2a, 0xff, 0xfa, 0x00, 0x00, 0x00, 0x00, 0x00,
    0x00, 0x3f, 0xff, 0xf0, 0x7f, 0xff, 0xc0, 0x00,
    0x00, 0x00, 0x00, 0x00, 0x06, 0xff, 0xfe, 0x04,
    0xff, 0xff, 0x00, 0x00, 0x00, 0x00, 0x00, 0x00,
    0x9f, 0xff, 0xb0, 0x1f, 0xff, 0xf3, 0x00, 0x00,
    0x00, 0x00, 0x00, 0x0c, 0xff, 0xf7, 0x00, 0xcf,
    0xff, 0x80, 0x00, 0x00, 0x00, 0x00, 0x02, 0xff,
    0xff, 0x20, 0x07, 0xff, 0xfe, 0x00, 0x00, 0x00,
    0x00, 0x00, 0x9f, 0xff, 0xd0, 0x00, 0x1f, 0xff,
    0xf9, 0x00, 0x00, 0x00, 0x00, 0x4f, 0xff, 0xf6,
    0x00, 0x00, 0x8f, 0xff, 0xf8, 0x00, 0x00, 0x00,
    0x3e, 0xff, 0xfd, 0x00, 0x00, 0x00, 0xdf, 0xff,
    0xfc, 0x51, 0x13, 0x9f, 0xff, 0xff, 0x30, 0x00,
    0x00, 0x02, 0xef, 0xff, 0xff, 0xff, 0xff, 0xff,
    0xff, 0x60, 0x00, 0x00, 0x00, 0x02, 0xcf, 0xff,
    0xff, 0xff, 0xff, 0xff, 0x50, 0x00, 0x00, 0x00,
    0x00, 0x00, 0x6d, 0xff, 0xff, 0xff, 0xf9, 0x20,
    0x00, 0x00, 0x00, 0x00, 0x00, 0x00, 0x02, 0x56,
    0x76, 0x40, 0x00, 0x00, 0x00, 0x00,

    /* U+0031 "1" */
    0x00, 0x00, 0x00, 0x00, 0x02, 0xff, 0xe0, 0x00,
    0x00, 0x00, 0x00, 0xbf, 0xfe, 0x00, 0x00, 0x00,
    0x00, 0x8f, 0xff, 0xe0, 0x00, 0x00, 0x00, 0x6f,
    0xff, 0xfe, 0x00, 0x00, 0x00, 0x6f, 0xff, 0xff,
    0xe0, 0x00, 0x00, 0x9f, 0xff, 0xff, 0xfe, 0x00,
    0x02, 0xcf, 0xff, 0xff, 0xff, 0xe0, 0x08, 0xff,
    0xff, 0xff, 0xff, 0xfe, 0x5e, 0xff, 0xff, 0xfb,
    0x6f, 0xff, 0xec, 0xff, 0xff, 0xf7, 0x05, 0xff,
    0xfe, 0xcf, 0xff, 0xc2, 0x00, 0x5f, 0xff, 0xec,
    0xfd, 0x50, 0x00, 0x05, 0xff, 0xfe, 0x85, 0x00,
    0x00, 0x00, 0x5f, 0xff, 0xe0, 0x00, 0x00, 0x00,
    0x05, 0xff, 0xfe, 0x00, 0x00, 0x00, 0x00, 0x5f,
    0xff, 0xe0, 0x00, 0x00, 0x00, 0x05, 0xff, 0xfe,
    0x00, 0x00, 0x00, 0x00, 0x5f, 0xff, 0xe0, 0x00,
    0x00, 0x00, 0x05, 0xff, 0xfe, 0x00, 0x00, 0x00,
    0x00, 0x5f, 0xff, 0xe0, 0x00, 0x00, 0x00, 0x05,
    0xff, 0xfe, 0x00, 0x00, 0x00, 0x00, 0x5f, 0xff,
    0xe0, 0x00, 0x00, 0x00, 0x05, 0xff, 0xfe, 0x00,
    0x00, 0x00, 0x00, 0x5f, 0xff, 0xe0, 0x00, 0x00,
    0x00, 0x05, 0xff, 0xfe, 0x00, 0x00, 0x00, 0x00,
    0x5f, 0xff, 0xe0, 0x00, 0x00, 0x00, 0x05, 0xff,
    0xfe, 0x00, 0x00, 0x00, 0x00, 0x5f, 0xff, 0xe0,
    0x00, 0x00, 0x00, 0x05, 0xff, 0xfe, 0x00, 0x00,
    0x00, 0x00, 0x5f, 0xff, 0xe0, 0x00, 0x00, 0x00,
    0x05, 0xff, 0xfe, 0x00, 0x00, 0x00, 0x00, 0x5f,
    0xff, 0xe0, 0x00, 0x00, 0x00, 0x05, 0xff, 0xfe,
    0x00, 0x00, 0x00, 0x00, 0x5f, 0xff, 0xe0, 0x00,
    0x00, 0x00, 0x05, 0xff, 0xfe, 0x00, 0x00, 0x00,
    0x00, 0x5f, 0xff, 0xe0,

    /* U+0032 "2" */
    0x00, 0x00, 0x00, 0x02, 0x7b, 0xde, 0xfe, 0xda,
    0x60, 0x00, 0x00, 0x00, 0x00, 0x00, 0x01, 0xaf,
    0xff, 0xff, 0xff, 0xff, 0xfe, 0x70, 0x00, 0x00,
    0x00, 0x00, 0x4e, 0xff, 0xff, 0xff, 0xff, 0xff,
    0xff, 0xfc, 0x10, 0x00, 0x00, 0x04, 0xff, 0xff,
    0xff, 0xca, 0x9a, 0xef, 0xff, 0xff, 0xc0, 0x00,
    0x00, 0x0e, 0xff, 0xff, 0x91, 0x00, 0x00, 0x04,
    0xdf, 0xff, 0xf9, 0x00, 0x00, 0x8f, 0xff, 0xf6,
    0x00, 0x00, 0x00, 0x00, 0x1c, 0xff, 0xff, 0x30,
    0x00, 0xef, 0xff, 0xa0, 0x00, 0x00, 0x00, 0x00,
    0x01, 0xff, 0xff, 0x90, 0x04, 0xff, 0xff, 0x20,
    0x00, 0x00, 0x00, 0x00, 0x00, 0x9f, 0xff, 0xd0,
    0x07, 0xff, 0xfd, 0x00, 0x00, 0x00, 0x00, 0x00,
    0x00, 0x5f, 0xff, 0xf0, 0x0a, 0xff, 0xfa, 0x00,
    0x00, 0x00, 0x00, 0x00, 0x00, 0x3f, 0xff, 0xf1,
    0x01, 0x35, 0x65, 0x00, 0x00, 0x00, 0x00, 0x00,
    0x00, 0x5f, 0xff, 0xf0, 0x00, 0x00, 0x00, 0x00,
    0x00, 0x00, 0x00, 0x00, 0x00, 0x8f, 0xff, 0xe0,
    0x00, 0x00, 0x00, 0x00, 0x00, 0x00, 0x00, 0x00,
    0x00, 0xef, 0xff, 0xa0, 0x00, 0x00, 0x00, 0x00,
    0x00, 0x00, 0x00, 0x00, 0x06, 0xff, 0xff, 0x50,
    0x00, 0x00, 0x00, 0x00, 0x00, 0x00, 0x00, 0x00,
    0x1e, 0xff, 0xfe, 0x00, 0x00, 0x00, 0x00, 0x00,
    0x00, 0x00, 0x00, 0x00, 0xcf, 0xff, 0xf5, 0x00,
    0x00, 0x00, 0x00, 0x00, 0x00, 0x00, 0x00, 0x0a,
    0xff, 0xff, 0xa0, 0x00, 0x00, 0x00, 0x00, 0x00,
    0x00, 0x00, 0x00, 0xaf, 0xff, 0xfd, 0x00, 0x00,
    0x00, 0x00, 0x00, 0x00, 0x00, 0x00, 0x0a, 0xff,
    0xff, 0xe2, 0x00, 0x00, 0x00, 0x00, 0x00, 0x00,
    0x00, 0x00, 0xbf, 0xff, 0xfe, 0x20, 0x00, 0x00,
    0x00, 0x00, 0x00, 0x00, 0x00, 0x1c, 0xff, 0xff,
    0xe2, 0x00, 0x00, 0x00, 0x00, 0x00, 0x00, 0x00,
    0x02, 0xdf, 0xff, 0xfd, 0x10, 0x00, 0x00, 0x00,
    0x00, 0x00, 0x00, 0x00, 0x4e, 0xff, 0xff, 0xc1,
    0x00, 0x00, 0x00, 0x00, 0x00, 0x00, 0x00, 0x05,
    0xff, 0xff, 0xfa, 0x00, 0x00, 0x00, 0x00, 0x00,
    0x00, 0x00, 0x00, 0x7f, 0xff, 0xff, 0x80, 0x00,
    0x00, 0x00, 0x00, 0x00, 0x00, 0x00, 0x07, 0xff,
    0xff, 0xf6, 0x00, 0x00, 0x00, 0x00, 0x00, 0x00,
    0x00, 0x00, 0x7f, 0xff, 0xff, 0x40, 0x00, 0x00,
    0x00, 0x00, 0x00, 0x00, 0x00, 0x05, 0xff, 0xff,
    0xe3, 0x00, 0x00, 0x00, 0x00, 0x00, 0x00, 0x00,
    0x00, 0x2f, 0xff, 0xff, 0x30, 0x00, 0x00, 0x00,
    0x00, 0x00, 0x00, 0x00, 0x00, 0xcf, 0xff, 0xf4,
    0x00, 0x00, 0x00, 0x00, 0x00, 0x00, 0x00, 0x00,
    0x05, 0xff, 0xff, 0xa2, 0x22, 0x22, 0x22, 0x22,
    0x22, 0x22, 0x22, 0x20, 0x0d, 0xff, 0xff, 0xff,
    0xff, 0xff, 0xff, 0xff, 0xff, 0xff, 0xff, 0xf2,
    0x2f, 0xff, 0xff, 0xff, 0xff, 0xff, 0xff, 0xff,
    0xff, 0xff, 0xff, 0xf2, 0x6f, 0xff, 0xff, 0xff,
    0xff, 0xff, 0xff, 0xff, 0xff, 0xff, 0xff, 0xf2,
    0x8f, 0xff, 0xff, 0xff, 0xff, 0xff, 0xff, 0xff,
    0xff, 0xff, 0xff, 0xf2,

    /* U+0033 "3" */
    0x00, 0x00, 0x00, 0x28, 0xce, 0xff, 0xda, 0x60,
    0x00, 0x00, 0x00, 0x00, 0x00, 0x01, 0xbf, 0xff,
    0xff, 0xff, 0xff, 0xe7, 0x00, 0x00, 0x00, 0x00,
    0x03, 0xef, 0xff, 0xff, 0xff, 0xff, 0xff, 0xfc,
    0x10, 0x00, 0x00, 0x02, 0xff, 0xff, 0xff, 0xb9,
    0x9c, 0xff, 0xff, 0xfc, 0x00, 0x00, 0x00, 0xdf,
    0xff, 0xf8, 0x00, 0x00, 0x02, 0xbf, 0xff, 0xf8,
    0x00, 0x00, 0x6f, 0xff, 0xf6, 0x00, 0x00, 0x00,
    0x00, 0xbf, 0xff, 0xf1, 0x00, 0x0d, 0xff, 0xfb,
    0x00, 0x00, 0x00, 0x00, 0x01, 0xff, 0xff, 0x60,
    0x02, 0xff, 0xff, 0x40, 0x00, 0x00, 0x00, 0x00,
    0x0b, 0xff, 0xfa, 0x00, 0x6f, 0xff, 0xe0, 0x00,
    0x00, 0x00, 0x00, 0x00, 0x8f, 0xff, 0xc0, 0x00,
    0x36, 0x98, 0x00, 0x00, 0x00, 0x00, 0x00, 0x08,
    0xff, 0xfc, 0x00, 0x00, 0x00, 0x00, 0x00, 0x00,
    0x00, 0x00, 0x00, 0xbf, 0xff, 0xa0, 0x00, 0x00,
    0x00, 0x00, 0x00, 0x00, 0x00, 0x00, 0x1f, 0xff,
    0xf6, 0x00, 0x00, 0x00, 0x00, 0x00, 0x00, 0x00,
    0x00, 0x0b, 0xff, 0xfe, 0x00, 0x00, 0x00, 0x00,
    0x00, 0x00, 0x00, 0x00, 0x3c, 0xff, 0xff, 0x50,
    0x00, 0x00, 0x00, 0x00, 0x00, 0x04, 0x57, 0xcf,
    0xff, 0xff, 0x70, 0x00, 0x00, 0x00, 0x00, 0x00,
    0x04, 0xff, 0xff, 0xff, 0xfd, 0x40, 0x00, 0x00,
    0x00, 0x00, 0x00, 0x00, 0x6f, 0xff, 0xff, 0xff,
    0xc7, 0x00, 0x00, 0x00, 0x00, 0x00, 0x00, 0x08,
    0xff, 0xff, 0xff, 0xff, 0xfe, 0x40, 0x00, 0x00,
    0x00, 0x00, 0x00, 0x33, 0x10, 0x15, 0xbf, 0xff,
    0xff, 0x50, 0x00, 0x00, 0x00, 0x00, 0x00, 0x00,
    0x00, 0x00, 0x6f, 0xff, 0xff, 0x20, 0x00, 0x00,
    0x00, 0x00, 0x00, 0x00, 0x00, 0x00, 0x5f, 0xff,
    0xfa, 0x00, 0x00, 0x00, 0x00, 0x00, 0x00, 0x00,
    0x00, 0x00, 0xbf, 0xff, 0xf1, 0x00, 0x00, 0x00,
    0x00, 0x00, 0x00, 0x00, 0x00, 0x04, 0xff, 0xff,
    0x40, 0x00, 0x00, 0x00, 0x00, 0x00, 0x00, 0x00,
    0x00, 0x1f, 0xff, 0xf7, 0x00, 0x00, 0x00, 0x00,
    0x00, 0x00, 0x00, 0x00, 0x00, 0xff, 0xff, 0x75,
    0x79, 0xc4, 0x00, 0x00, 0x00, 0x00, 0x00, 0x00,
    0x0f, 0xff, 0xf6, 0xdf, 0xff, 0x90, 0x00, 0x00,
    0x00, 0x00, 0x00, 0x02, 0xff, 0xff, 0x5a, 0xff,
    0xfe, 0x00, 0x00, 0x00, 0x00, 0x00, 0x00, 0x7f,
    0xff, 0xf1, 0x5f, 0xff, 0xf5, 0x00, 0x00, 0x00,
    0x00, 0x00, 0x1e, 0xff, 0xfc, 0x00, 0xef, 0xff,
    0xe1, 0x00, 0x00, 0x00, 0x00, 0x0b, 0xff, 0xff,
    0x50, 0x06, 0xff, 0xff, 0xd1, 0x00, 0x00, 0x00,
    0x1b, 0xff, 0xff, 0xc0, 0x00, 0x0b, 0xff, 0xff,
    0xf8, 0x31, 0x13, 0x8f, 0xff, 0xff, 0xd1, 0x00,
    0x00, 0x0c, 0xff, 0xff, 0xff, 0xff, 0xff, 0xff,
    0xff, 0xd2, 0x00, 0x00, 0x00, 0x09, 0xff, 0xff,
    0xff, 0xff, 0xff, 0xff, 0xa1, 0x00, 0x00, 0x00,
    0x00, 0x03, 0xaf, 0xff, 0xff, 0xff, 0xfb, 0x30,
    0x00, 0x00, 0x00, 0x00, 0x00, 0x00, 0x04, 0x67,
    0x76, 0x40, 0x00, 0x00, 0x00, 0x00,

    /* U+0034 "4" */
    0x00, 0x00, 0x00, 0x00, 0x00, 0x00, 0x00, 0x01,
    0xef, 0xfb, 0x00, 0x00, 0x00, 0x00, 0x00, 0x00,
    0x00, 0x00, 0x00, 0x00, 0xbf, 0xff, 0xb0, 0x00,
    0x00, 0x00, 0x00, 0x00, 0x00, 0x00, 0x00, 0x00,
    0x6f, 0xff, 0xfb, 0x00, 0x00, 0x00, 0x00, 0x00,
    0x00, 0x00, 0x00, 0x00, 0x2f, 0xff, 0xff, 0xb0,
    0x00, 0x00, 0x00, 0x00, 0x00, 0x00, 0x00, 0x00,
    0x0c, 0xff, 0xff, 0xfb, 0x00, 0x00, 0x00, 0x00,
    0x00, 0x00, 0x00, 0x00, 0x07, 0xff, 0xff, 0xff,
    0xb0, 0x00, 0x00, 0x00, 0x00, 0x00, 0x00, 0x00,
    0x02, 0xff, 0xff, 0xff, 0xfb, 0x00, 0x00, 0x00,
    0x00, 0x00, 0x00, 0x00, 0x00, 0xcf, 0xff, 0xaf,
    0xff, 0xb0, 0x00, 0x00, 0x00, 0x00, 0x00, 0x00,
    0x00, 0x8f, 0xff, 0x87, 0xff, 0xfb, 0x00, 0x00,
    0x00, 0x00, 0x00, 0x00, 0x00, 0x3f, 0xff, 0xd0,
    0x7f, 0xff, 0xb0, 0x00, 0x00, 0x00, 0x00, 0x00,
    0x00, 0x0d, 0xff, 0xf2, 0x07, 0xff, 0xfb, 0x00,
    0x00, 0x00, 0x00, 0x00, 0x00, 0x08, 0xff, 0xf7,
    0x00, 0x7f, 0xff, 0xb0, 0x00, 0x00, 0x00, 0x00,
    0x00, 0x03, 0xff, 0xfc, 0x00, 0x07, 0xff, 0xfb,
    0x00, 0x00, 0x00, 0x00, 0x00, 0x00, 0xdf, 0xff,
    0x20, 0x00, 0x7f, 0xff, 0xb0, 0x00, 0x00, 0x00,
    0x00, 0x00, 0x9f, 0xff, 0x70, 0x00, 0x07, 0xff,
    0xfb, 0x00, 0x00, 0x00, 0x00, 0x00, 0x4f, 0xff,
    0xc0, 0x00, 0x00, 0x7f, 0xff, 0xb0, 0x00, 0x00,
    0x00, 0x00, 0x1e, 0xff, 0xf2, 0x00, 0x00, 0x07,
    0xff, 0xfb, 0x00, 0x00, 0x00, 0x00, 0x0a, 0xff,
    0xf7, 0x00, 0x00, 0x00, 0x7f, 0xff, 0xb0, 0x00,
    0x00, 0x00, 0x05, 0xff, 0xfc, 0x00, 0x00, 0x00,
    0x07, 0xff, 0xfb, 0x00, 0x00, 0x00, 0x01, 0xef,
    0xff, 0x20, 0x00, 0x00, 0x00, 0x7f, 0xff, 0xb0,
    0x00, 0x00, 0x00, 0xaf, 0xff, 0x70, 0x00, 0x00,
    0x00, 0x07, 0xff, 0xfb, 0x00, 0x00, 0x00, 0x5f,
    0xff, 0xc0, 0x00, 0x00, 0x00, 0x00, 0x7f, 0xff,
    0xb0, 0x00, 0x00, 0x1f, 0xff, 0xf2, 0x00, 0x00,
    0x00, 0x00, 0x07, 0xff, 0xfb, 0x00, 0x00, 0x06,
    0xff, 0xff, 0xff, 0xff, 0xff, 0xff, 0xff, 0xff,
    0xff, 0xff, 0xff, 0xf6, 0x6f, 0xff, 0xff, 0xff,
    0xff, 0xff, 0xff, 0xff, 0xff, 0xff, 0xff, 0xff,
    0x66, 0xff, 0xff, 0xff, 0xff, 0xff, 0xff, 0xff,
    0xff, 0xff, 0xff, 0xff, 0xf6, 0x5f, 0xff, 0xff,
    0xff, 0xff, 0xff, 0xff, 0xff, 0xff, 0xff, 0xff,
    0xff, 0x50, 0x00, 0x00, 0x00, 0x00, 0x00, 0x00,
    0x00, 0x7f, 0xff, 0xb0, 0x00, 0x00, 0x00, 0x00,
    0x00, 0x00, 0x00, 0x00, 0x00, 0x07, 0xff, 0xfb,
    0x00, 0x00, 0x00, 0x00, 0x00, 0x00, 0x00, 0x00,
    0x00, 0x00, 0x7f, 0xff, 0xb0, 0x00, 0x00, 0x00,
    0x00, 0x00, 0x00, 0x00, 0x00, 0x00, 0x07, 0xff,
    0xfb, 0x00, 0x00, 0x00, 0x00, 0x00, 0x00, 0x00,
    0x00, 0x00, 0x00, 0x7f, 0xff, 0xb0, 0x00, 0x00,
    0x00, 0x00, 0x00, 0x00, 0x00, 0x00, 0x00, 0x07,
    0xff, 0xfb, 0x00, 0x00, 0x00, 0x00, 0x00, 0x00,
    0x00, 0x00, 0x00, 0x00, 0x7f, 0xff, 0xb0, 0x00,
    0x00, 0x00, 0x00, 0x00, 0x00, 0x00, 0x00, 0x00,
    0x07, 0xff, 0xfb, 0x00, 0x00, 0x00,

    /* U+0035 "5" */
    0x00, 0x00, 0xff, 0xff, 0xff, 0xff, 0xff, 0xff,
    0xff, 0xff, 0xf2, 0x00, 0x00, 0x3f, 0xff, 0xff,
    0xff, 0xff, 0xff, 0xff, 0xff, 0xff, 0x20, 0x00,
    0x05, 0xff, 0xff, 0xff, 0xff, 0xff, 0xff, 0xff,
    0xff, 0xf2, 0x00, 0x00, 0x8f, 0xff, 0xff, 0xff,
    0xff, 0xff, 0xff, 0xff, 0xff, 0x20, 0x00, 0x0b,
    0xff, 0xf7, 0x22, 0x22, 0x22, 0x22, 0x22, 0x22,
    0x20, 0x00, 0x00, 0xef, 0xff, 0x30, 0x00, 0x00,
    0x00, 0x00, 0x00, 0x00, 0x00, 0x00, 0x1f, 0xff,
    0xf0, 0x00, 0x00, 0x00, 0x00, 0x00, 0x00, 0x00,
    0x00, 0x04, 0xff, 0xfd, 0x00, 0x00, 0x00, 0x00,
    0x00, 0x00, 0x00, 0x00, 0x00, 0x7f, 0xff, 0xa0,
    0x00, 0x00, 0x00, 0x00, 0x00, 0x00, 0x00, 0x00,
    0x09, 0xff, 0xf7, 0x00, 0x00, 0x00, 0x00, 0x00,
    0x00, 0x00, 0x00, 0x00, 0xcf, 0xff, 0x40, 0x00,
    0x00, 0x00, 0x00, 0x00, 0x00, 0x00, 0x00, 0x0f,
    0xff, 0xf1, 0x00, 0x00, 0x00, 0x00, 0x00, 0x00,
    0x00, 0x00, 0x02, 0xff, 0xfe, 0x00, 0x5a, 0xdf,
    0xfd, 0xb6, 0x10, 0x00, 0x00, 0x00, 0x5f, 0xff,
    0xb5, 0xef, 0xff, 0xff, 0xff, 0xff, 0x80, 0x00,
    0x00, 0x08, 0xff, 0xff, 0xff, 0xff, 0xff, 0xff,
    0xff, 0xff, 0xc1, 0x00, 0x00, 0xbf, 0xff, 0xff,
    0xff, 0xfd, 0xdf, 0xff, 0xff, 0xff, 0xe1, 0x00,
    0x0e, 0xff, 0xff, 0xfa, 0x30, 0x00, 0x03, 0x9f,
    0xff, 0xff, 0xc0, 0x00, 0xff, 0xff, 0xe4, 0x00,
    0x00, 0x00, 0x00, 0x4e, 0xff, 0xff, 0x60, 0x1b,
    0xdf, 0xf3, 0x00, 0x00, 0x00, 0x00, 0x00, 0x4f,
    0xff, 0xfd, 0x00, 0x00, 0x01, 0x00, 0x00, 0x00,
    0x00, 0x00, 0x00, 0x9f, 0xff, 0xf3, 0x00, 0x00,
    0x00, 0x00, 0x00, 0x00, 0x00, 0x00, 0x03, 0xff,
    0xff, 0x70, 0x00, 0x00, 0x00, 0x00, 0x00, 0x00,
    0x00, 0x00, 0x0e, 0xff, 0xfa, 0x00, 0x00, 0x00,
    0x00, 0x00, 0x00, 0x00, 0x00, 0x00, 0xcf, 0xff,
    0xb0, 0x00, 0x00, 0x00, 0x00, 0x00, 0x00, 0x00,
    0x00, 0x0b, 0xff, 0xfc, 0x00, 0x00, 0x00, 0x00,
    0x00, 0x00, 0x00, 0x00, 0x00, 0xcf, 0xff, 0xa2,
    0x45, 0x73, 0x00, 0x00, 0x00, 0x00, 0x00, 0x00,
    0x0e, 0xff, 0xf9, 0xef, 0xff, 0xa0, 0x00, 0x00,
    0x00, 0x00, 0x00, 0x01, 0xff, 0xff, 0x5b, 0xff,
    0xfe, 0x00, 0x00, 0x00, 0x00, 0x00, 0x00, 0x7f,
    0xff, 0xf1, 0x6f, 0xff, 0xf5, 0x00, 0x00, 0x00,
    0x00, 0x00, 0x1e, 0xff, 0xfb, 0x01, 0xff, 0xff,
    0xe1, 0x00, 0x00, 0x00, 0x00, 0x0b, 0xff, 0xff,
    0x30, 0x08, 0xff, 0xff, 0xc1, 0x00, 0x00, 0x00,
    0x1b, 0xff, 0xff, 0x90, 0x00, 0x0d, 0xff, 0xff,
    0xf8, 0x31, 0x13, 0x7e, 0xff, 0xff, 0xd0, 0x00,
    0x00, 0x1d, 0xff, 0xff, 0xff, 0xff, 0xff, 0xff,
    0xff, 0xd1, 0x00, 0x00, 0x00, 0x1a, 0xff, 0xff,
    0xff, 0xff, 0xff, 0xff, 0xa1, 0x00, 0x00, 0x00,
    0x00, 0x04, 0xbf, 0xff, 0xff, 0xff, 0xfb, 0x40,
    0x00, 0x00, 0x00, 0x00, 0x00, 0x00, 0x04, 0x67,
    0x76, 0x40, 0x00, 0x00, 0x00, 0x00,

    /* U+0036 "6" */
    0x00, 0x00, 0x00, 0x00, 0x16, 0xbd, 0xef, 0xec,
    0x82, 0x00, 0x00, 0x00, 0x00, 0x00, 0x00, 0x08,
    0xff, 0xff, 0xff, 0xff, 0xff, 0x90, 0x00, 0x00,
    0x00, 0x00, 0x02, 0xdf, 0xff, 0xff, 0xff, 0xff,
    0xff, 0xfd, 0x10, 0x00, 0x00, 0x00, 0x2e, 0xff,
    0xff, 0xfb, 0x89, 0xcf, 0xff, 0xff, 0xd0, 0x00,
    0x00, 0x00, 0xdf, 0xff, 0xf9, 0x00, 0x00, 0x02,
    0xcf, 0xff, 0xf8, 0x00, 0x00, 0x08, 0xff, 0xff,
    0x60, 0x00, 0x00, 0x00, 0x0c, 0xff, 0xff, 0x10,
    0x00, 0x1f, 0xff, 0xf8, 0x00, 0x00, 0x00, 0x00,
    0x02, 0xff, 0xff, 0x60, 0x00, 0x7f, 0xff, 0xd0,
    0x00, 0x00, 0x00, 0x00, 0x00, 0xbf, 0xff, 0xa0,
    0x00, 0xdf, 0xff, 0x60, 0x00, 0x00, 0x00, 0x00,
    0x00, 0x6d, 0xcb, 0x80, 0x02, 0xff, 0xff, 0x00,
    0x00, 0x00, 0x00, 0x00, 0x00, 0x00, 0x00, 0x00,
    0x06, 0xff, 0xfb, 0x00, 0x00, 0x00, 0x00, 0x00,
    0x00, 0x00, 0x00, 0x00, 0x09, 0xff, 0xf7, 0x00,
    0x00, 0x00, 0x00, 0x00, 0x00, 0x00, 0x00, 0x00,
    0x0c, 0xff, 0xf4, 0x00, 0x00, 0x59, 0xbc, 0xa8,
    0x30, 0x00, 0x00, 0x00, 0x0e, 0xff, 0xf3, 0x00,
    0x7e, 0xff, 0xff, 0xff, 0xfd, 0x40, 0x00, 0x00,
    0x0f, 0xff, 0xf1, 0x1c, 0xff, 0xff, 0xff, 0xff,
    0xff, 0xf8, 0x00, 0x00, 0x1f, 0xff, 0xf2, 0xdf,
    0xff, 0xff, 0xff, 0xff, 0xff, 0xff, 0x90, 0x00,
    0x2f, 0xff, 0xfb, 0xff, 0xfb, 0x51, 0x01, 0x5b,
    0xff, 0xff, 0xf6, 0x00, 0x2f, 0xff, 0xff, 0xff,
    0x50, 0x00, 0x00, 0x00, 0x6f, 0xff, 0xff, 0x10,
    0x2f, 0xff, 0xff, 0xf5, 0x00, 0x00, 0x00, 0x00,
    0x06, 0xff, 0xff, 0x80, 0x2f, 0xff, 0xff, 0xa0,
    0x00, 0x00, 0x00, 0x00, 0x00, 0xcf, 0xff, 0xe0,
    0x2f, 0xff, 0xff, 0x20, 0x00, 0x00, 0x00, 0x00,
    0x00, 0x5f, 0xff, 0xf2, 0x1f, 0xff, 0xfe, 0x00,
    0x00, 0x00, 0x00, 0x00, 0x00, 0x1f, 0xff, 0xf5,
    0x0f, 0xff, 0xfb, 0x00, 0x00, 0x00, 0x00, 0x00,
    0x00, 0x0e, 0xff, 0xf6, 0x0e, 0xff, 0xfa, 0x00,
    0x00, 0x00, 0x00, 0x00, 0x00, 0x0d, 0xff, 0xf7,
    0x0b, 0xff, 0xfc, 0x00, 0x00, 0x00, 0x00, 0x00,
    0x00, 0x0d, 0xff, 0xf7, 0x08, 0xff, 0xfd, 0x00,
    0x00, 0x00, 0x00, 0x00, 0x00, 0x0f, 0xff, 0xf5,
    0x05, 0xff, 0xff, 0x20, 0x00, 0x00, 0x00, 0x00,
    0x00, 0x2f, 0xff, 0xf2, 0x00, 0xff, 0xff, 0x70,
    0x00, 0x00, 0x00, 0x00, 0x00, 0x6f, 0xff, 0xe0,
    0x00, 0xaf, 0xff, 0xe1, 0x00, 0x00, 0x00, 0x00,
    0x00, 0xdf, 0xff, 0x90, 0x00, 0x3f, 0xff, 0xfa,
    0x00, 0x00, 0x00, 0x00, 0x08, 0xff, 0xff, 0x20,
    0x00, 0x0a, 0xff, 0xff, 0xa0, 0x00, 0x00, 0x00,
    0x8f, 0xff, 0xf9, 0x00, 0x00, 0x00, 0xdf, 0xff,
    0xfe, 0x72, 0x01, 0x5c, 0xff, 0xff, 0xe1, 0x00,
    0x00, 0x00, 0x1d, 0xff, 0xff, 0xff, 0xff, 0xff,
    0xff, 0xfe, 0x20, 0x00, 0x00, 0x00, 0x01, 0xaf,
    0xff, 0xff, 0xff, 0xff, 0xff, 0xc2, 0x00, 0x00,
    0x00, 0x00, 0x00, 0x03, 0xbf, 0xff, 0xff, 0xff,
    0xd6, 0x00, 0x00, 0x00, 0x00, 0x00, 0x00, 0x00,
    0x00, 0x46, 0x77, 0x52, 0x00, 0x00, 0x00, 0x00,

    /* U+0037 "7" */
    0xbf, 0xff, 0xff, 0xff, 0xff, 0xff, 0xff, 0xff,
    0xff, 0xff, 0xff, 0x8b, 0xff, 0xff, 0xff, 0xff,
    0xff, 0xff, 0xff, 0xff, 0xff, 0xff, 0xf8, 0xbf,
    0xff, 0xff, 0xff, 0xff, 0xff, 0xff, 0xff, 0xff,
    0xff, 0xff, 0x8b, 0xff, 0xff, 0xff, 0xff, 0xff,
    0xff, 0xff, 0xff, 0xff, 0xff, 0xf5, 0x12, 0x22,
    0x22, 0x22, 0x22, 0x22, 0x22, 0x22, 0x5f, 0xff,
    0xf8, 0x00, 0x00, 0x00, 0x00, 0x00, 0x00, 0x00,
    0x00, 0x1e, 0xff, 0xfb, 0x00, 0x00, 0x00, 0x00,
    0x00, 0x00, 0x00, 0x00, 0x0b, 0xff, 0xfe, 0x10,
    0x00, 0x00, 0x00, 0x00, 0x00, 0x00, 0x00, 0x06,
    0xff, 0xff, 0x40, 0x00, 0x00, 0x00, 0x00, 0x00,
    0x00, 0x00, 0x02, 0xff, 0xff, 0xa0, 0x00, 0x00,
    0x00, 0x00, 0x00, 0x00, 0x00, 0x00, 0xbf, 0xff,
    0xe1, 0x00, 0x00, 0x00, 0x00, 0x00, 0x00, 0x00,
    0x00, 0x5f, 0xff, 0xf6, 0x00, 0x00, 0x00, 0x00,
    0x00, 0x00, 0x00, 0x00, 0x0d, 0xff, 0xfd, 0x00,
    0x00, 0x00, 0x00, 0x00, 0x00, 0x00, 0x00, 0x07,
    0xff, 0xff, 0x40, 0x00, 0x00, 0x00, 0x00, 0x00,
    0x00, 0x00, 0x00, 0xef, 0xff, 0xb0, 0x00, 0x00,
    0x00, 0x00, 0x00, 0x00, 0x00, 0x00, 0x7f, 0xff,
    0xf3, 0x00, 0x00, 0x00, 0x00, 0x00, 0x00, 0x00,
    0x00, 0x0e, 0xff, 0xfb, 0x00, 0x00, 0x00, 0x00,
    0x00, 0x00, 0x00, 0x00, 0x06, 0xff, 0xff, 0x40,
    0x00, 0x00, 0x00, 0x00, 0x00, 0x00, 0x00, 0x00,
    0xdf, 0xff, 0xd0, 0x00, 0x00, 0x00, 0x00, 0x00,
    0x00, 0x00, 0x00, 0x3f, 0xff, 0xf6, 0x00, 0x00,
    0x00, 0x00, 0x00, 0x00, 0x00, 0x00, 0x0a, 0xff,
    0xff, 0x00, 0x00, 0x00, 0x00, 0x00, 0x00, 0x00,
    0x00, 0x00, 0xff, 0xff, 0x90, 0x00, 0x00, 0x00,
    0x00, 0x00, 0x00, 0x00, 0x00, 0x5f, 0xff, 0xf3,
    0x00, 0x00, 0x00, 0x00, 0x00, 0x00, 0x00, 0x00,
    0x0a, 0xff, 0xfe, 0x00, 0x00, 0x00, 0x00, 0x00,
    0x00, 0x00, 0x00, 0x00, 0xef, 0xff, 0x90, 0x00,
    0x00, 0x00, 0x00, 0x00, 0x00, 0x00, 0x00, 0x3f,
    0xff, 0xf4, 0x00, 0x00, 0x00, 0x00, 0x00, 0x00,
    0x00, 0x00, 0x07, 0xff, 0xff, 0x00, 0x00, 0x00,
    0x00, 0x00, 0x00, 0x00, 0x00, 0x00, 0xbf, 0xff,
    0xc0, 0x00, 0x00, 0x00, 0x00, 0x00, 0x00, 0x00,
    0x00, 0x0e, 0xff, 0xf8, 0x00, 0x00, 0x00, 0x00,
    0x00, 0x00, 0x00, 0x00, 0x02, 0xff, 0xff, 0x40,
    0x00, 0x00, 0x00, 0x00, 0x00, 0x00, 0x00, 0x00,
    0x5f, 0xff, 0xf1, 0x00, 0x00, 0x00, 0x00, 0x00,
    0x00, 0x00, 0x00, 0x07, 0xff, 0xfe, 0x00, 0x00,
    0x00, 0x00, 0x00, 0x00, 0x00, 0x00, 0x00, 0xaf,
    0xff, 0xd0, 0x00, 0x00, 0x00, 0x00, 0x00, 0x00,
    0x00, 0x00, 0x0c, 0xff, 0xfb, 0x00, 0x00, 0x00,
    0x00, 0x00, 0x00, 0x00, 0x00, 0x00, 0xdf, 0xff,
    0x90, 0x00, 0x00, 0x00, 0x00, 0x00, 0x00, 0x00,
    0x00, 0x0e, 0xff, 0xf7, 0x00, 0x00, 0x00, 0x00,
    0x00, 0x00, 0x00,

    /* U+0038 "8" */
    0x00, 0x00, 0x00, 0x01, 0x6b, 0xdf, 0xfe, 0xc8,
    0x30, 0x00, 0x00, 0x00, 0x00, 0x00, 0x00, 0x8f,
    0xff, 0xff, 0xff, 0xff, 0xfc, 0x20, 0x00, 0x00,
    0x00, 0x00, 0x1c, 0xff, 0xff, 0xff, 0xff, 0xff,
    0xff, 0xf5, 0x00, 0x00, 0x00, 0x00, 0xbf, 0xff,
    0xff, 0xc9, 0x8a, 0xef, 0xff, 0xff, 0x40, 0x00,
    0x00, 0x07, 0xff, 0xff, 0xc2, 0x00, 0x00, 0x08,
    0xff, 0xff, 0xe0, 0x00, 0x00, 0x0f, 0xff, 0xfc,
    0x00, 0x00, 0x00, 0x00, 0x6f, 0xff, 0xf7, 0x00,
    0x00, 0x4f, 0xff, 0xf2, 0x00, 0x00, 0x00, 0x00,
    0x0b, 0xff, 0xfd, 0x00, 0x00, 0x8f, 0xff, 0xc0,
    0x00, 0x00, 0x00, 0x00, 0x05, 0xff, 0xff, 0x00,
    0x00, 0xaf, 0xff, 0xa0, 0x00, 0x00, 0x00, 0x00,
    0x03, 0xff, 0xff, 0x20, 0x00, 0xaf, 0xff, 0xb0,
    0x00, 0x00, 0x00, 0x00, 0x03, 0xff, 0xff, 0x20,
    0x00, 0x8f, 0xff, 0xe0, 0x00, 0x00, 0x00, 0x00,
    0x07, 0xff, 0xff, 0x00, 0x00, 0x4f, 0xff, 0xf6,
    0x00, 0x00, 0x00, 0x00, 0x0e, 0xff, 0xfb, 0x00,
    0x00, 0x0d, 0xff, 0xff, 0x40, 0x00, 0x00, 0x00,
    0xbf, 0xff, 0xf3, 0x00, 0x00, 0x03, 0xff, 0xff,
    0xf9, 0x30, 0x01, 0x6d, 0xff, 0xff, 0x70, 0x00,
    0x00, 0x00, 0x4f, 0xff, 0xff, 0xff, 0xff, 0xff,
    0xff, 0xe5, 0x00, 0x00, 0x00, 0x00, 0x01, 0x9f,
    0xff, 0xff, 0xff, 0xff, 0xfa, 0x10, 0x00, 0x00,
    0x00, 0x00, 0x02, 0x9f, 0xff, 0xff, 0xff, 0xff,
    0xff, 0xc3, 0x00, 0x00, 0x00, 0x00, 0x9f, 0xff,
    0xff, 0xb9, 0x8a, 0xef, 0xff, 0xff, 0x70, 0x00,
    0x00, 0x0b, 0xff, 0xff, 0x81, 0x00, 0x00, 0x05,
    0xef, 0xff, 0xf7, 0x00, 0x00, 0x8f, 0xff, 0xf5,
    0x00, 0x00, 0x00, 0x00, 0x1c, 0xff, 0xff, 0x20,
    0x02, 0xff, 0xff, 0x80, 0x00, 0x00, 0x00, 0x00,
    0x01, 0xef, 0xff, 0xb0, 0x08, 0xff, 0xfe, 0x00,
    0x00, 0x00, 0x00, 0x00, 0x00, 0x7f, 0xff, 0xf1,
    0x0c, 0xff, 0xf9, 0x00, 0x00, 0x00, 0x00, 0x00,
    0x00, 0x1f, 0xff, 0xf5, 0x0f, 0xff, 0xf6, 0x00,
    0x00, 0x00, 0x00, 0x00, 0x00, 0x0d, 0xff, 0xf8,
    0x0f, 0xff, 0xf4, 0x00, 0x00, 0x00, 0x00, 0x00,
    0x00, 0x0b, 0xff, 0xf9, 0x0f, 0xff, 0xf6, 0x00,
    0x00, 0x00, 0x00, 0x00, 0x00, 0x0c, 0xff, 0xf8,
    0x0e, 0xff, 0xf8, 0x00, 0x00, 0x00, 0x00, 0x00,
    0x00, 0x0e, 0xff, 0xf6, 0x0b, 0xff, 0xfd, 0x00,
    0x00, 0x00, 0x00, 0x00, 0x00, 0x2f, 0xff, 0xf3,
    0x06, 0xff, 0xff, 0x40, 0x00, 0x00, 0x00, 0x00,
    0x00, 0xaf, 0xff, 0xe0, 0x01, 0xff, 0xff, 0xe1,
    0x00, 0x00, 0x00, 0x00, 0x05, 0xff, 0xff, 0x80,
    0x00, 0x7f, 0xff, 0xfd, 0x20, 0x00, 0x00, 0x00,
    0x5f, 0xff, 0xfe, 0x00, 0x00, 0x0b, 0xff, 0xff,
    0xfa, 0x42, 0x02, 0x5c, 0xff, 0xff, 0xf3, 0x00,
    0x00, 0x01, 0xcf, 0xff, 0xff, 0xff, 0xff, 0xff,
    0xff, 0xff, 0x50, 0x00, 0x00, 0x00, 0x09, 0xff,
    0xff, 0xff, 0xff, 0xff, 0xff, 0xe3, 0x00, 0x00,
    0x00, 0x00, 0x00, 0x2a, 0xff, 0xff, 0xff, 0xff,
    0xd6, 0x00, 0x00, 0x00, 0x00, 0x00, 0x00, 0x00,
    0x03, 0x57, 0x76, 0x51, 0x00, 0x00, 0x00, 0x00,

    /* U+0039 "9" */
    0x00, 0x00, 0x00, 0x27, 0xce, 0xff, 0xda, 0x50,
    0x00, 0x00, 0x00, 0x00, 0x00, 0x01, 0xaf, 0xff,
    0xff, 0xff, 0xff, 0xe6, 0x00, 0x00, 0x00, 0x00,
    0x03, 0xef, 0xff, 0xff, 0xff, 0xff, 0xff, 0xfb,
    0x10, 0x00, 0x00, 0x03, 0xff, 0xff, 0xff, 0xda,
    0x9b, 0xff, 0xff, 0xfc, 0x00, 0x00, 0x01, 0xdf,
    0xff, 0xfd, 0x40, 0x00, 0x00, 0x8f, 0xff, 0xfa,
    0x00, 0x00, 0x8f, 0xff, 0xfb, 0x00, 0x00, 0x00,
    0x00, 0x4f, 0xff, 0xf5, 0x00, 0x1f, 0xff, 0xfd,
    0x00, 0x00, 0x00, 0x00, 0x00, 0x7f, 0xff, 0xd0,
    0x06, 0xff, 0xff, 0x40, 0x00, 0x00, 0x00, 0x00,
    0x00, 0xef, 0xff, 0x40, 0xaf, 0xff, 0xd0, 0x00,
    0x00, 0x00, 0x00, 0x00, 0x08, 0xff, 0xfa, 0x0d,
    0xff, 0xf9, 0x00, 0x00, 0x00, 0x00, 0x00, 0x00,
    0x4f, 0xff, 0xe0, 0xef, 0xff, 0x60, 0x00, 0x00,
    0x00, 0x00, 0x00, 0x02, 0xff, 0xff, 0x1f, 0xff,
    0xf5, 0x00, 0x00, 0x00, 0x00, 0x00, 0x00, 0x1f,
    0xff, 0xf4, 0xff, 0xff, 0x60, 0x00, 0x00, 0x00,
    0x00, 0x00, 0x02, 0xff, 0xff, 0x5d, 0xff, 0xf7,
    0x00, 0x00, 0x00, 0x00, 0x00, 0x00, 0x4f, 0xff,
    0xf7, 0xbf, 0xff, 0xb0, 0x00, 0x00, 0x00, 0x00,
    0x00, 0x08, 0xff, 0xff, 0x87, 0xff, 0xff, 0x20,
    0x00, 0x00, 0x00, 0x00, 0x00, 0xef, 0xff, 0xf8,
    0x2f, 0xff, 0xfc, 0x00, 0x00, 0x00, 0x00, 0x00,
    0x8f, 0xff, 0xff, 0x90, 0xaf, 0xff, 0xfa, 0x00,
    0x00, 0x00, 0x00, 0x6f, 0xff, 0xff, 0xf9, 0x02,
    0xff, 0xff, 0xfd, 0x50, 0x00, 0x03, 0xaf, 0xff,
    0xdf, 0xff, 0x80, 0x05, 0xff, 0xff, 0xff, 0xfd,
    0xde, 0xff, 0xff, 0x7a, 0xff, 0xf8, 0x00, 0x05,
    0xff, 0xff, 0xff, 0xff, 0xff, 0xff, 0x80, 0xaf,
    0xff, 0x70, 0x00, 0x03, 0xcf, 0xff, 0xff, 0xff,
    0xfe, 0x40, 0x0b, 0xff, 0xf5, 0x00, 0x00, 0x00,
    0x49, 0xdf, 0xfe, 0xb6, 0x00, 0x00, 0xef, 0xff,
    0x40, 0x00, 0x00, 0x00, 0x00, 0x00, 0x00, 0x00,
    0x00, 0x1f, 0xff, 0xf1, 0x00, 0x00, 0x00, 0x00,
    0x00, 0x00, 0x00, 0x00, 0x04, 0xff, 0xfe, 0x00,
    0x00, 0x00, 0x00, 0x00, 0x00, 0x00, 0x00, 0x00,
    0x8f, 0xff, 0xb0, 0x14, 0x67, 0x60, 0x00, 0x00,
    0x00, 0x00, 0x00, 0x0d, 0xff, 0xf6, 0x03, 0xff,
    0xfe, 0x00, 0x00, 0x00, 0x00, 0x00, 0x03, 0xff,
    0xff, 0x10, 0x0f, 0xff, 0xf4, 0x00, 0x00, 0x00,
    0x00, 0x00, 0xcf, 0xff, 0xb0, 0x00, 0xbf, 0xff,
    0xc0, 0x00, 0x00, 0x00, 0x00, 0x7f, 0xff, 0xf3,
    0x00, 0x04, 0xff, 0xff, 0x80, 0x00, 0x00, 0x00,
    0x8f, 0xff, 0xf9, 0x00, 0x00, 0x0b, 0xff, 0xff,
    0xc5, 0x10, 0x26, 0xdf, 0xff, 0xfd, 0x00, 0x00,
    0x00, 0x1d, 0xff, 0xff, 0xff, 0xff, 0xff, 0xff,
    0xfd, 0x10, 0x00, 0x00, 0x00, 0x2c, 0xff, 0xff,
    0xff, 0xff, 0xff, 0xfa, 0x10, 0x00, 0x00, 0x00,
    0x00, 0x06, 0xdf, 0xff, 0xff, 0xff, 0xb4, 0x00,
    0x00, 0x00, 0x00, 0x00, 0x00, 0x00, 0x25, 0x77,
    0x64, 0x10, 0x00, 0x00, 0x00, 0x00,

    /* U+003A ":" */
    0xaf, 0xff, 0xf2, 0xaf, 0xff, 0xf2, 0xaf, 0xff,
    0xf2, 0xaf, 0xff, 0xf2, 0x9e, 0xee, 0xe2, 0x00,
    0x00, 0x00, 0x00, 0x00, 0x00, 0x00, 0x00, 0x00,
    0x00, 0x00, 0x00, 0x00, 0x00, 0x00, 0x00, 0x00,
    0x00, 0x00, 0x00, 0x00, 0x00, 0x00, 0x00, 0x00,
    0x00, 0x00, 0x00, 0x00, 0x00, 0x00, 0x00, 0x00,
    0x00, 0x00, 0x00, 0x00, 0x00, 0x00, 0x00, 0x00,
    0x00, 0x00, 0x00, 0x00, 0x9e, 0xee, 0xe2, 0xaf,
    0xff, 0xf2, 0xaf, 0xff, 0xf2, 0xaf, 0xff, 0xf2,
    0xaf, 0xff, 0xf2,

    /* U+003B ";" */
    0x0b, 0xff, 0xff, 0x10, 0xbf, 0xff, 0xf1, 0x0b,
    0xff, 0xff, 0x10, 0xbf, 0xff, 0xf1, 0x0a, 0xee,
    0xee, 0x10, 0x00, 0x00, 0x00, 0x00, 0x00, 0x00,
    0x00, 0x00, 0x00, 0x00, 0x00, 0x00, 0x00, 0x00,
    0x00, 0x00, 0x00, 0x00, 0x00, 0x00, 0x00, 0x00,
    0x00, 0x00, 0x00, 0x00, 0x00, 0x00, 0x00, 0x00,
    0x00, 0x00, 0x00, 0x00, 0x00, 0x00, 0x00, 0x00,
    0x00, 0x00, 0x00, 0x00, 0x00, 0x00, 0x00, 0x00,
    0x00, 0x00, 0x00, 0x00, 0x00, 0x00, 0x0a, 0xee,
    0xee, 0x10, 0xbf, 0xff, 0xf1, 0x0b, 0xff, 0xff,
    0x10, 0xbf, 0xff, 0xf1, 0x0b, 0xff, 0xff, 0x10,
    0x00, 0x6f, 0xf0, 0x00, 0x08, 0xff, 0x00, 0x00,
    0xcf, 0xd0, 0x00, 0x3f, 0xf8, 0x00, 0x3e, 0xff,
    0x10, 0x0b, 0xff, 0x40, 0x00, 0x2b, 0x20, 0x00,

    /* U+003C "<" */
    0x00, 0x00, 0x00, 0x00, 0x00, 0x00, 0x00, 0x00,
    0x00, 0x00, 0x00, 0x00, 0x00, 0x00, 0x00, 0x00,
    0x00, 0x00, 0x00, 0x00, 0x00, 0x00, 0x05, 0xc6,
    0x00, 0x00, 0x00, 0x00, 0x00, 0x00, 0x00, 0x00,
    0x00, 0x18, 0xef, 0xf6, 0x00, 0x00, 0x00, 0x00,
    0x00, 0x00, 0x00, 0x00, 0x3a, 0xff, 0xff, 0xf6,
    0x00, 0x00, 0x00, 0x00, 0x00, 0x00, 0x00, 0x5c,
    0xff, 0xff, 0xff, 0xf6, 0x00, 0x00, 0x00, 0x00,
    0x00, 0x01, 0x7e, 0xff, 0xff, 0xff, 0xfe, 0x71,
    0x00, 0x00, 0x00, 0x00, 0x03, 0xaf, 0xff, 0xff,
    0xff, 0xfb, 0x40, 0x00, 0x00, 0x00, 0x00, 0x05,
    0xcf, 0xff, 0xff, 0xff, 0xf9, 0x20, 0x00, 0x00,
    0x00, 0x00, 0x17, 0xef, 0xff, 0xff, 0xff, 0xd6,
    0x00, 0x00, 0x00, 0x00, 0x00, 0x29, 0xff, 0xff,
    0xff, 0xff, 0xa3, 0x00, 0x00, 0x00, 0x00, 0x00,
    0x2c, 0xff, 0xff, 0xff, 0xfe, 0x81, 0x00, 0x00,
    0x00, 0x00, 0x00, 0x00, 0x6f, 0xff, 0xff, 0xfc,
    0x50, 0x00, 0x00, 0x00, 0x00, 0x00, 0x00, 0x00,
    0x6f, 0xff, 0xfd, 0x30, 0x00, 0x00, 0x00, 0x00,
    0x00, 0x00, 0x00, 0x00, 0x6f, 0xff, 0xff, 0xd6,
    0x00, 0x00, 0x00, 0x00, 0x00, 0x00, 0x00, 0x00,
    0x4f, 0xff, 0xff, 0xff, 0xf9, 0x20, 0x00, 0x00,
    0x00, 0x00, 0x00, 0x00, 0x01, 0x7e, 0xff, 0xff,
    0xff, 0xfb, 0x40, 0x00, 0x00, 0x00, 0x00, 0x00,
    0x00, 0x00, 0x5c, 0xff, 0xff, 0xff, 0xfd, 0x71,
    0x00, 0x00, 0x00, 0x00, 0x00, 0x00, 0x00, 0x3a,
    0xff, 0xff, 0xff, 0xff, 0x93, 0x00, 0x00, 0x00,
    0x00, 0x00, 0x00, 0x00, 0x18, 0xef, 0xff, 0xff,
    0xff, 0xc5, 0x00, 0x00, 0x00, 0x00, 0x00, 0x00,
    0x00, 0x06, 0xdf, 0xff, 0xff, 0xff, 0xe8, 0x10,
    0x00, 0x00, 0x00, 0x00, 0x00, 0x00, 0x04, 0xbf,
    0xff, 0xff, 0xff, 0xf4, 0x00, 0x00, 0x00, 0x00,
    0x00, 0x00, 0x00, 0x02, 0x9f, 0xff, 0xff, 0xf6,
    0x00, 0x00, 0x00, 0x00, 0x00, 0x00, 0x00, 0x00,
    0x01, 0x7e, 0xff, 0xf6, 0x00, 0x00, 0x00, 0x00,
    0x00, 0x00, 0x00, 0x00, 0x00, 0x00, 0x5c, 0xf6,
    0x00, 0x00, 0x00, 0x00, 0x00, 0x00, 0x00, 0x00,
    0x00, 0x00, 0x00, 0x33,

    /* U+003D "=" */
    0x5f, 0xff, 0xff, 0xff, 0xff, 0xff, 0xff, 0xff,
    0xff, 0xff, 0xff, 0xf5, 0x5f, 0xff, 0xff, 0xff,
    0xff, 0xff, 0xff, 0xff, 0xff, 0xff, 0xff, 0xf5,
    0x5f, 0xff, 0xff, 0xff, 0xff, 0xff, 0xff, 0xff,
    0xff, 0xff, 0xff, 0xf5, 0x5f, 0xff, 0xff, 0xff,
    0xff, 0xff, 0xff, 0xff, 0xff, 0xff, 0xff, 0xf5,
    0x00, 0x00, 0x00, 0x00, 0x00, 0x00, 0x00, 0x00,
    0x00, 0x00, 0x00, 0x00, 0x00, 0x00, 0x00, 0x00,
    0x00, 0x00, 0x00, 0x00, 0x00, 0x00, 0x00, 0x00,
    0x00, 0x00, 0x00, 0x00, 0x00, 0x00, 0x00, 0x00,
    0x00, 0x00, 0x00, 0x00, 0x00, 0x00, 0x00, 0x00,
    0x00, 0x00, 0x00, 0x00, 0x00, 0x00, 0x00, 0x00,
    0x00, 0x00, 0x00, 0x00, 0x00, 0x00, 0x00, 0x00,
    0x00, 0x00, 0x00, 0x00, 0x00, 0x00, 0x00, 0x00,
    0x00, 0x00, 0x00, 0x00, 0x00, 0x00, 0x00, 0x00,
    0x00, 0x00, 0x00, 0x00, 0x00, 0x00, 0x00, 0x00,
    0x00, 0x00, 0x00, 0x00, 0x5f, 0xff, 0xff, 0xff,
    0xff, 0xff, 0xff, 0xff, 0xff, 0xff, 0xff, 0xf5,
    0x5f, 0xff, 0xff, 0xff, 0xff, 0xff, 0xff, 0xff,
    0xff, 0xff, 0xff, 0xf5, 0x5f, 0xff, 0xff, 0xff,
    0xff, 0xff, 0xff, 0xff, 0xff, 0xff, 0xff, 0xf5,
    0x5f, 0xff, 0xff, 0xff, 0xff, 0xff, 0xff, 0xff,
    0xff, 0xff, 0xff, 0xf5,

    /* U+003E ">" */
    0x00, 0x00, 0x00, 0x00, 0x00, 0x00, 0x00, 0x00,
    0x00, 0x00, 0x00, 0x00, 0x6c, 0x60, 0x00, 0x00,
    0x00, 0x00, 0x00, 0x00, 0x00, 0x00, 0x00, 0x00,
    0x6f, 0xfe, 0x81, 0x00, 0x00, 0x00, 0x00, 0x00,
    0x00, 0x00, 0x00, 0x00, 0x6f, 0xff, 0xff, 0xa3,
    0x00, 0x00, 0x00, 0x00, 0x00, 0x00, 0x00, 0x00,
    0x6f, 0xff, 0xff, 0xff, 0xc5, 0x00, 0x00, 0x00,
    0x00, 0x00, 0x00, 0x00, 0x17, 0xdf, 0xff, 0xff,
    0xff, 0xe7, 0x10, 0x00, 0x00, 0x00, 0x00, 0x00,
    0x00, 0x04, 0xbf, 0xff, 0xff, 0xff, 0xfa, 0x30,
    0x00, 0x00, 0x00, 0x00, 0x00, 0x00, 0x02, 0x9f,
    0xff, 0xff, 0xff, 0xfc, 0x50, 0x00, 0x00, 0x00,
    0x00, 0x00, 0x00, 0x00, 0x6d, 0xff, 0xff, 0xff,
    0xfe, 0x71, 0x00, 0x00, 0x00, 0x00, 0x00, 0x00,
    0x00, 0x3a, 0xff, 0xff, 0xff, 0xff, 0x93, 0x00,
    0x00, 0x00, 0x00, 0x00, 0x00, 0x00, 0x18, 0xef,
    0xff, 0xff, 0xff, 0xc2, 0x00, 0x00, 0x00, 0x00,
    0x00, 0x00, 0x00, 0x05, 0xcf, 0xff, 0xff, 0xf6,
    0x00, 0x00, 0x00, 0x00, 0x00, 0x00, 0x00, 0x00,
    0x03, 0xdf, 0xff, 0xf6, 0x00, 0x00, 0x00, 0x00,
    0x00, 0x00, 0x00, 0x00, 0x6d, 0xff, 0xff, 0xf6,
    0x00, 0x00, 0x00, 0x00, 0x00, 0x00, 0x02, 0x9f,
    0xff, 0xff, 0xff, 0xf4, 0x00, 0x00, 0x00, 0x00,
    0x00, 0x04, 0xbf, 0xff, 0xff, 0xff, 0xe7, 0x10,
    0x00, 0x00, 0x00, 0x00, 0x17, 0xdf, 0xff, 0xff,
    0xff, 0xc5, 0x00, 0x00, 0x00, 0x00, 0x00, 0x39,
    0xff, 0xff, 0xff, 0xff, 0xa3, 0x00, 0x00, 0x00,
    0x00, 0x00, 0x5c, 0xff, 0xff, 0xff, 0xfe, 0x81,
    0x00, 0x00, 0x00, 0x00, 0x01, 0x7e, 0xff, 0xff,
    0xff, 0xfd, 0x60, 0x00, 0x00, 0x00, 0x00, 0x00,
    0x4f, 0xff, 0xff, 0xff, 0xfb, 0x40, 0x00, 0x00,
    0x00, 0x00, 0x00, 0x00, 0x6f, 0xff, 0xff, 0xf9,
    0x20, 0x00, 0x00, 0x00, 0x00, 0x00, 0x00, 0x00,
    0x6f, 0xff, 0xe7, 0x10, 0x00, 0x00, 0x00, 0x00,
    0x00, 0x00, 0x00, 0x00, 0x6f, 0xc5, 0x00, 0x00,
    0x00, 0x00, 0x00, 0x00, 0x00, 0x00, 0x00, 0x00,
    0x33, 0x00, 0x00, 0x00, 0x00, 0x00, 0x00, 0x00,
    0x00, 0x00, 0x00, 0x00,

    /* U+003F "?" */
    0x00, 0x00, 0x00, 0x00, 0x35, 0x77, 0x65, 0x10,
    0x00, 0x00, 0x00, 0x00, 0x00, 0x00, 0x3a, 0xff,
    0xff, 0xff, 0xff, 0xd7, 0x00, 0x00, 0x00, 0x00,
    0x00, 0x8f, 0xff, 0xff, 0xff, 0xff, 0xff, 0xfe,
    0x40, 0x00, 0x00, 0x00, 0xbf, 0xff, 0xff, 0xff,
    0xff, 0xff, 0xff, 0xff, 0x70, 0x00, 0x00, 0xaf,
    0xff, 0xff, 0xa4, 0x11, 0x26, 0xdf, 0xff, 0xff,
    0x50, 0x00, 0x4f, 0xff, 0xfe, 0x30, 0x00, 0x00,
    0x00, 0x8f, 0xff, 0xff, 0x10, 0x0c, 0xff, 0xff,
    0x30, 0x00, 0x00, 0x00, 0x00, 0x7f, 0xff, 0xf8,
    0x02, 0xff, 0xff, 0x90, 0x00, 0x00, 0x00, 0x00,
    0x00, 0xcf, 0xff, 0xe0, 0x7f, 0xff, 0xf2, 0x00,
    0x00, 0x00, 0x00, 0x00, 0x05, 0xff, 0xff, 0x2b,
    0xff, 0xfc, 0x00, 0x00, 0x00, 0x00, 0x00, 0x00,
    0x2f, 0xff, 0xf3, 0x8c, 0xdf, 0x90, 0x00, 0x00,
    0x00, 0x00, 0x00, 0x01, 0xff, 0xff, 0x40, 0x00,
    0x00, 0x00, 0x00, 0x00, 0x00, 0x00, 0x00, 0x3f,
    0xff, 0xf2, 0x00, 0x00, 0x00, 0x00, 0x00, 0x00,
    0x00, 0x00, 0x08, 0xff, 0xfe, 0x00, 0x00, 0x00,
    0x00, 0x00, 0x00, 0x00, 0x00, 0x02, 0xff, 0xff,
    0x80, 0x00, 0x00, 0x00, 0x00, 0x00, 0x00, 0x00,
    0x01, 0xef, 0xff, 0xf1, 0x00, 0x00, 0x00, 0x00,
    0x00, 0x00, 0x00, 0x02, 0xef, 0xff, 0xf5, 0x00,
    0x00, 0x00, 0x00, 0x00, 0x00, 0x00, 0x03, 0xef,
    0xff, 0xf8, 0x00, 0x00, 0x00, 0x00, 0x00, 0x00,
    0x00, 0x03, 0xff, 0xff, 0xf9, 0x00, 0x00, 0x00,
    0x00, 0x00, 0x00, 0x00, 0x03, 0xff, 0xff, 0xf8,
    0x00, 0x00, 0x00, 0x00, 0x00, 0x00, 0x00, 0x01,
    0xef, 0xff, 0xf7, 0x00, 0x00, 0x00, 0x00, 0x00,
    0x00, 0x00, 0x00, 0xaf, 0xff, 0xf7, 0x00, 0x00,
    0x00, 0x00, 0x00, 0x00, 0x00, 0x00, 0x2f, 0xff,
    0xf8, 0x00, 0x00, 0x00, 0x00, 0x00, 0x00, 0x00,
    0x00, 0x07, 0xff, 0xfe, 0x00, 0x00, 0x00, 0x00,
    0x00, 0x00, 0x00, 0x00, 0x00, 0xbf, 0xff, 0x80,
    0x00, 0x00, 0x00, 0x00, 0x00, 0x00, 0x00, 0x00,
    0x0d, 0xff, 0xf5, 0x00, 0x00, 0x00, 0x00, 0x00,
    0x00, 0x00, 0x00, 0x00, 0xef, 0xff, 0x30, 0x00,
    0x00, 0x00, 0x00, 0x00, 0x00, 0x00, 0x00, 0x0f,
    0xff, 0xf2, 0x00, 0x00, 0x00, 0x00, 0x00, 0x00,
    0x00, 0x00, 0x00, 0x56, 0x66, 0x00, 0x00, 0x00,
    0x00, 0x00, 0x00, 0x00, 0x00, 0x00, 0x00, 0x00,
    0x00, 0x00, 0x00, 0x00, 0x00, 0x00, 0x00, 0x00,
    0x00, 0x00, 0x00, 0x00, 0x00, 0x00, 0x00, 0x00,
    0x00, 0x00, 0x00, 0x00, 0x00, 0x00, 0x00, 0x00,
    0x00, 0x00, 0x00, 0x00, 0x00, 0x00, 0x00, 0x00,
    0x02, 0xee, 0xee, 0x80, 0x00, 0x00, 0x00, 0x00,
    0x00, 0x00, 0x00, 0x00, 0x3f, 0xff, 0xf9, 0x00,
    0x00, 0x00, 0x00, 0x00, 0x00, 0x00, 0x00, 0x03,
    0xff, 0xff, 0x90, 0x00, 0x00, 0x00, 0x00, 0x00,
    0x00, 0x00, 0x00, 0x3f, 0xff, 0xf9, 0x00, 0x00,
    0x00, 0x00, 0x00, 0x00, 0x00, 0x00, 0x03, 0xff,
    0xff, 0x90, 0x00, 0x00, 0x00, 0x00,

    /* U+0040 "@" */
    0x00, 0x00, 0x00, 0x00, 0x00, 0x00, 0x00, 0x00,
    0x00, 0x02, 0x45, 0x67, 0x76, 0x53, 0x00, 0x00,
    0x00, 0x00, 0x00, 0x00, 0x00, 0x00, 0x00, 0x00,
    0x00, 0x00, 0x00, 0x00, 0x00, 0x00, 0x27, 0xcf,
    0xff, 0xff, 0xff, 0xff, 0xff, 0xd8, 0x40, 0x00,
    0x00, 0x00, 0x00, 0x00, 0x00, 0x00, 0x00, 0x00,
    0x00, 0x00, 0x00, 0x05, 0xcf, 0xff, 0xff, 0xff,
    0xff, 0xff, 0xff, 0xff, 0xff, 0xd6, 0x00, 0x00,
    0x00, 0x00, 0x00, 0x00, 0x00, 0x00, 0x00, 0x00,
    0x00, 0x4d, 0xff, 0xff, 0xff, 0xff, 0xff, 0xff,
    0xff, 0xff, 0xff, 0xff, 0xfe, 0x50, 0x00, 0x00,
    0x00, 0x00, 0x00, 0x00, 0x00, 0x00, 0x00, 0x9f,
    0xff, 0xff, 0xfe, 0xa7, 0x42, 0x10, 0x01, 0x36,
    0x9e, 0xff, 0xff, 0xff, 0xa0, 0x00, 0x00, 0x00,
    0x00, 0x00, 0x00, 0x00, 0x02, 0xcf, 0xff, 0xff,
    0xa4, 0x00, 0x00, 0x00, 0x00, 0x00, 0x00, 0x03,
    0xaf, 0xff, 0xff, 0xd1, 0x00, 0x00, 0x00, 0x00,
    0x00, 0x00, 0x02, 0xef, 0xff, 0xfb, 0x20, 0x00,
    0x00, 0x00, 0x00, 0x00, 0x00, 0x00, 0x00, 0x2b,
    0xff, 0xff, 0xd1, 0x00, 0x00, 0x00, 0x00, 0x00,
    0x01, 0xdf, 0xff, 0xe5, 0x00, 0x00, 0x00, 0x00,
    0x00, 0x00, 0x00, 0x00, 0x00, 0x00, 0x06, 0xff,
    0xff, 0xc0, 0x00, 0x00, 0x00, 0x00, 0x00, 0xcf,
    0xff, 0xd2, 0x00, 0x00, 0x00, 0x00, 0x00, 0x00,
    0x00, 0x00, 0x00, 0x00, 0x00, 0x03, 0xef, 0xff,
    0x80, 0x00, 0x00, 0x00, 0x00, 0x8f, 0xff, 0xd1,
    0x00, 0x00, 0x00, 0x00, 0x00, 0x00, 0x00, 0x00,
    0x00, 0x00, 0x00, 0x00, 0x03, 0xff, 0xff, 0x30,
    0x00, 0x00, 0x00, 0x3f, 0xff, 0xe1, 0x00, 0x00,
    0x00, 0x00, 0x02, 0x67, 0x64, 0x00, 0x00, 0x00,
    0x00, 0x00, 0x00, 0x05, 0xff, 0xfc, 0x00, 0x00,
    0x00, 0x0d, 0xff, 0xf3, 0x00, 0x00, 0x00, 0x00,
    0x5d, 0xff, 0xff, 0xfe, 0x70, 0x00, 0x8f, 0xff,
    0xa0, 0x00, 0x0a, 0xff, 0xf3, 0x00, 0x00, 0x05,
    0xff, 0xf8, 0x00, 0x00, 0x00, 0x02, 0xcf, 0xff,
    0xff, 0xff, 0xff, 0xb0, 0x0b, 0xff, 0xf7, 0x00,
    0x00, 0x2f, 0xff, 0xa0, 0x00, 0x00, 0xdf, 0xfe,
    0x00, 0x00, 0x00, 0x04, 0xff, 0xff, 0xff, 0xff,
    0xff, 0xff, 0xc0, 0xef, 0xff, 0x30, 0x00, 0x00,
    0xbf, 0xff, 0x00, 0x00, 0x4f, 0xff, 0x60, 0x00,
    0x00, 0x03, 0xff, 0xff, 0xfb, 0x42, 0x14, 0xbf,
    0xff, 0xaf, 0xff, 0xf0, 0x00, 0x00, 0x05, 0xff,
    0xf4, 0x00, 0x0a, 0xff, 0xe0, 0x00, 0x00, 0x01,
    0xef, 0xff, 0xf5, 0x00, 0x00, 0x00, 0x7f, 0xff,
    0xff, 0xfc, 0x00, 0x00, 0x00, 0x0f, 0xff, 0x70,
    0x01, 0xff, 0xf8, 0x00, 0x00, 0x00, 0xbf, 0xff,
    0xf4, 0x00, 0x00, 0x00, 0x00, 0xaf, 0xff, 0xff,
    0x90, 0x00, 0x00, 0x00, 0xdf, 0xfa, 0x00, 0x5f,
    0xff, 0x30, 0x00, 0x00, 0x4f, 0xff, 0xf7, 0x00,
    0x00, 0x00, 0x00, 0x02, 0xff, 0xff, 0xf6, 0x00,
    0x00, 0x00, 0x0b, 0xff, 0xc0, 0x09, 0xff, 0xe0,
    0x00, 0x00, 0x0c, 0xff, 0xfd, 0x00, 0x00, 0x00,
    0x00, 0x00, 0x0d, 0xff, 0xff, 0x20, 0x00, 0x00,
    0x00, 0xaf, 0xfc, 0x00, 0xdf, 0xfa, 0x00, 0x00,
    0x03, 0xff, 0xff, 0x50, 0x00, 0x00, 0x00, 0x00,
    0x00, 0xaf, 0xff, 0xf0, 0x00, 0x00, 0x00, 0x0a,
    0xff, 0xd0, 0x0f, 0xff, 0x70, 0x00, 0x00, 0x9f,
    0xff, 0xe0, 0x00, 0x00, 0x00, 0x00, 0x00, 0x09,
    0xff, 0xfb, 0x00, 0x00, 0x00, 0x00, 0xbf, 0xfc,
    0x02, 0xff, 0xf4, 0x00, 0x00, 0x0e, 0xff, 0xf9,
    0x00, 0x00, 0x00, 0x00, 0x00, 0x00, 0xaf, 0xff,
    0x80, 0x00, 0x00, 0x00, 0x0e, 0xff, 0xa0, 0x4f,
    0xff, 0x30, 0x00, 0x02, 0xff, 0xff, 0x50, 0x00,
    0x00, 0x00, 0x00, 0x00, 0x0b, 0xff, 0xf4, 0x00,
    0x00, 0x00, 0x01, 0xff, 0xf8, 0x05, 0xff, 0xf2,
    0x00, 0x00, 0x5f, 0xff, 0xf1, 0x00, 0x00, 0x00,
    0x00, 0x00, 0x00, 0xef, 0xff, 0x10, 0x00, 0x00,
    0x00, 0x6f, 0xff, 0x40, 0x5f, 0xff, 0x10, 0x00,
    0x06, 0xff, 0xff, 0x00, 0x00, 0x00, 0x00, 0x00,
    0x00, 0x2f, 0xff, 0xe0, 0x00, 0x00, 0x00, 0x0c,
    0xff, 0xf0, 0x05, 0xff, 0xf2, 0x00, 0x00, 0x7f,
    0xff, 0xe0, 0x00, 0x00, 0x00, 0x00, 0x00, 0x07,
    0xff, 0xfa, 0x00, 0x00, 0x00, 0x03, 0xff, 0xfa,
    0x00, 0x5f, 0xff, 0x20, 0x00, 0x06, 0xff, 0xfe,
    0x00, 0x00, 0x00, 0x00, 0x00, 0x00, 0xdf, 0xff,
    0x70, 0x00, 0x00, 0x00, 0xbf, 0xff, 0x30, 0x04,
    0xff, 0xf4, 0x00, 0x00, 0x4f, 0xff, 0xf0, 0x00,
    0x00, 0x00, 0x00, 0x00, 0x5f, 0xff, 0xf3, 0x00,
    0x00, 0x00, 0x6f, 0xff, 0xb0, 0x00, 0x2f, 0xff,
    0x60, 0x00, 0x01, 0xff, 0xff, 0x40, 0x00, 0x00,
    0x00, 0x00, 0x1e, 0xff, 0xff, 0x00, 0x00, 0x00,
    0x3f, 0xff, 0xf2, 0x00, 0x00, 0xff, 0xf9, 0x00,
    0x00, 0x0d, 0xff, 0xfa, 0x00, 0x00, 0x00, 0x00,
    0x0b, 0xff, 0xff, 0xd0, 0x00, 0x00, 0x3e, 0xff,
    0xf6, 0x00, 0x00, 0x0c, 0xff, 0xd0, 0x00, 0x00,
    0x7f, 0xff, 0xf4, 0x00, 0x00, 0x00, 0x0b, 0xff,
    0xff, 0xfb, 0x00, 0x00, 0x5f, 0xff, 0xfa, 0x00,
    0x00, 0x00, 0x8f, 0xff, 0x20, 0x00, 0x00, 0xef,
    0xff, 0xf5, 0x00, 0x00, 0x4d, 0xff, 0xff, 0xff,
    0xf4, 0x04, 0xbf, 0xff, 0xfc, 0x00, 0x00, 0x00,
    0x04, 0xff, 0xf8, 0x00, 0x00, 0x05, 0xff, 0xff,
    0xfd, 0x9a, 0xdf, 0xff, 0xbb, 0xff, 0xff, 0xff,
    0xff, 0xff, 0xfb, 0x00, 0x00, 0x00, 0x00, 0x0e,
    0xff, 0xe0, 0x00, 0x00, 0x08, 0xff, 0xff, 0xff,
    0xff, 0xff, 0xa0, 0x8f, 0xff, 0xff, 0xff, 0xff,
    0xf9, 0x00, 0x00, 0x00, 0x00, 0x00, 0x8f, 0xff,
    0x70, 0x00, 0x00, 0x06, 0xff, 0xff, 0xff, 0xff,
    0x60, 0x01, 0xef, 0xff, 0xff, 0xff, 0xd4, 0x00,
    0x00, 0x00, 0x00, 0x00, 0x01, 0xff, 0xff, 0x20,
    0x00, 0x00, 0x01, 0x8d, 0xff, 0xd8, 0x10, 0x00,
    0x02, 0xae, 0xff, 0xd9, 0x40, 0x00, 0x00, 0x03,
    0x88, 0x87, 0x00, 0x08, 0xff, 0xfc, 0x00, 0x00,
    0x00, 0x00, 0x00, 0x00, 0x00, 0x00, 0x00, 0x00,
    0x00, 0x00, 0x00, 0x00, 0x00, 0x01, 0xef, 0xff,
    0x60, 0x00, 0x0d, 0xff, 0xfb, 0x00, 0x00, 0x00,
    0x00, 0x00, 0x00, 0x00, 0x00, 0x00, 0x00, 0x00,
    0x00, 0x00, 0x00, 0x01, 0xdf, 0xff, 0xc0, 0x00,
    0x00, 0x3f, 0xff, 0xfb, 0x10, 0x00, 0x00, 0x00,
    0x00, 0x00, 0x00, 0x00, 0x00, 0x00, 0x00, 0x00,
    0x00, 0x02, 0xdf, 0xff, 0xe1, 0x00, 0x00, 0x00,
    0x5f, 0xff, 0xfe, 0x40, 0x00, 0x00, 0x00, 0x00,
    0x00, 0x00, 0x00, 0x00, 0x00, 0x00, 0x00, 0x06,
    0xff, 0xff, 0xe2, 0x00, 0x00, 0x00, 0x00, 0x5f,
    0xff, 0xff, 0xb3, 0x00, 0x00, 0x00, 0x00, 0x00,
    0x00, 0x00, 0x00, 0x00, 0x00, 0x3c, 0xff, 0xff,
    0xe3, 0x00, 0x00, 0x00, 0x00, 0x00, 0x4e, 0xff,
    0xff, 0xfc, 0x61, 0x00, 0x00, 0x00, 0x00, 0x00,
    0x00, 0x00, 0x05, 0xcf, 0xff, 0xff, 0xd2, 0x00,
    0x00, 0x00, 0x00, 0x00, 0x00, 0x1b, 0xff, 0xff,
    0xff, 0xfd, 0x96, 0x42, 0x11, 0x01, 0x23, 0x58,
    0xbf, 0xff, 0xff, 0xff, 0x90, 0x00, 0x00, 0x00,
    0x00, 0x00, 0x00, 0x00, 0x05, 0xdf, 0xff, 0xff,
    0xff, 0xff, 0xff, 0xff, 0xff, 0xff, 0xff, 0xff,
    0xff, 0xfc, 0x30, 0x00, 0x00, 0x00, 0x00, 0x00,
    0x00, 0x00, 0x00, 0x00, 0x5b, 0xff, 0xff, 0xff,
    0xff, 0xff, 0xff, 0xff, 0xff, 0xff, 0xff, 0xb4,
    0x00, 0x00, 0x00, 0x00, 0x00, 0x00, 0x00, 0x00,
    0x00, 0x00, 0x00, 0x01, 0x59, 0xdf, 0xff, 0xff,
    0xff, 0xff, 0xff, 0xfe, 0xb6, 0x10, 0x00, 0x00,
    0x00, 0x00, 0x00, 0x00, 0x00, 0x00, 0x00, 0x00,
    0x00, 0x00, 0x00, 0x00, 0x02, 0x46, 0x77, 0x77,
    0x65, 0x31, 0x00, 0x00, 0x00, 0x00, 0x00, 0x00,
    0x00, 0x00,

    /* U+0041 "A" */
    0x00, 0x00, 0x00, 0x00, 0x00, 0x00, 0x01, 0xff,
    0xff, 0xf3, 0x00, 0x00, 0x00, 0x00, 0x00, 0x00,
    0x00, 0x00, 0x00, 0x00, 0x00, 0x00, 0x00, 0x07,
    0xff, 0xff, 0xfa, 0x00, 0x00, 0x00, 0x00, 0x00,
    0x00, 0x00, 0x00, 0x00, 0x00, 0x00, 0x00, 0x00,
    0x0d, 0xff, 0xff, 0xff, 0x10, 0x00, 0x00, 0x00,
    0x00, 0x00, 0x00, 0x00, 0x00, 0x00, 0x00, 0x00,
    0x00, 0x3f, 0xff, 0xff, 0xff, 0x60, 0x00, 0x00,
    0x00, 0x00, 0x00, 0x00, 0x00, 0x00, 0x00, 0x00,
    0x00, 0x00, 0x9f, 0xff, 0x8f, 0xff, 0xd0, 0x00,
    0x00, 0x00, 0x00, 0x00, 0x00, 0x00, 0x00, 0x00,
    0x00, 0x00, 0x00, 0xef, 0xff, 0x0e, 0xff, 0xf3,
    0x00, 0x00, 0x00, 0x00, 0x00, 0x00, 0x00, 0x00,
    0x00, 0x00, 0x00, 0x05, 0xff, 0xfc, 0x09, 0xff,
    0xfa, 0x00, 0x00, 0x00, 0x00, 0x00, 0x00, 0x00,
    0x00, 0x00, 0x00, 0x00, 0x0b, 0xff, 0xf7, 0x04,
    0xff, 0xff, 0x10, 0x00, 0x00, 0x00, 0x00, 0x00,
    0x00, 0x00, 0x00, 0x00, 0x00, 0x1f, 0xff, 0xf2,
    0x00, 0xef, 0xff, 0x70, 0x00, 0x00, 0x00, 0x00,
    0x00, 0x00, 0x00, 0x00, 0x00, 0x00, 0x7f, 0xff,
    0xd0, 0x00, 0x8f, 0xff, 0xd0, 0x00, 0x00, 0x00,
    0x00, 0x00, 0x00, 0x00, 0x00, 0x00, 0x00, 0xdf,
    0xff, 0x70, 0x00, 0x2f, 0xff, 0xf3, 0x00, 0x00,
    0x00, 0x00, 0x00, 0x00, 0x00, 0x00, 0x00, 0x03,
    0xff, 0xff, 0x10, 0x00, 0x0c, 0xff, 0xfa, 0x00,
    0x00, 0x00, 0x00, 0x00, 0x00, 0x00, 0x00, 0x00,
    0x09, 0xff, 0xfb, 0x00, 0x00, 0x06, 0xff, 0xff,
    0x10, 0x00, 0x00, 0x00, 0x00, 0x00, 0x00, 0x00,
    0x00, 0x0e, 0xff, 0xf5, 0x00, 0x00, 0x01, 0xff,
    0xff, 0x70, 0x00, 0x00, 0x00, 0x00, 0x00, 0x00,
    0x00, 0x00, 0x5f, 0xff, 0xf0, 0x00, 0x00, 0x00,
    0xaf, 0xff, 0xd0, 0x00, 0x00, 0x00, 0x00, 0x00,
    0x00, 0x00, 0x00, 0xbf, 0xff, 0x90, 0x00, 0x00,
    0x00, 0x4f, 0xff, 0xf4, 0x00, 0x00, 0x00, 0x00,
    0x00, 0x00, 0x00, 0x01, 0xff, 0xff, 0x30, 0x00,
    0x00, 0x00, 0x0e, 0xff, 0xfa, 0x00, 0x00, 0x00,
    0x00, 0x00, 0x00, 0x00, 0x07, 0xff, 0xfd, 0x00,
    0x00, 0x00, 0x00, 0x08, 0xff, 0xff, 0x10, 0x00,
    0x00, 0x00, 0x00, 0x00, 0x00, 0x0d, 0xff, 0xf7,
    0x00, 0x00, 0x00, 0x00, 0x02, 0xff, 0xff, 0x70,
    0x00, 0x00, 0x00, 0x00, 0x00, 0x00, 0x3f, 0xff,
    0xf1, 0x00, 0x00, 0x00, 0x00, 0x00, 0xcf, 0xff,
    0xd0, 0x00, 0x00, 0x00, 0x00, 0x00, 0x00, 0x9f,
    0xff, 0xfc, 0xcc, 0xcc, 0xcc, 0xcc, 0xcc, 0xef,
    0xff, 0xf4, 0x00, 0x00, 0x00, 0x00, 0x00, 0x00,
    0xff, 0xff, 0xff, 0xff, 0xff, 0xff, 0xff, 0xff,
    0xff, 0xff, 0xfa, 0x00, 0x00, 0x00, 0x00, 0x00,
    0x05, 0xff, 0xff, 0xff, 0xff, 0xff, 0xff, 0xff,
    0xff, 0xff, 0xff, 0xff, 0x10, 0x00, 0x00, 0x00,
    0x00, 0x0b, 0xff, 0xff, 0xff, 0xff, 0xff, 0xff,
    0xff, 0xff, 0xff, 0xff, 0xff, 0x70, 0x00, 0x00,
    0x00, 0x00, 0x1f, 0xff, 0xf5, 0x00, 0x00, 0x00,
    0x00, 0x00, 0x00, 0x00, 0xef, 0xff, 0xd0, 0x00,
    0x00, 0x00, 0x00, 0x7f, 0xff, 0xf0, 0x00, 0x00,
    0x00, 0x00, 0x00, 0x00, 0x00, 0x8f, 0xff, 0xf4,
    0x00, 0x00, 0x00, 0x00, 0xdf, 0xff, 0xa0, 0x00,
    0x00, 0x00, 0x00, 0x00, 0x00, 0x00, 0x2f, 0xff,
    0xfa, 0x00, 0x00, 0x00, 0x04, 0xff, 0xff, 0x50,
    0x00, 0x00, 0x00, 0x00, 0x00, 0x00, 0x00, 0x0d,
    0xff, 0xff, 0x10, 0x00, 0x00, 0x0a, 0xff, 0xff,
    0x00, 0x00, 0x00, 0x00, 0x00, 0x00, 0x00, 0x00,
    0x07, 0xff, 0xff, 0x70, 0x00, 0x00, 0x0f, 0xff,
    0xfa, 0x00, 0x00, 0x00, 0x00, 0x00, 0x00, 0x00,
    0x00, 0x01, 0xff, 0xff, 0xd0, 0x00, 0x00, 0x6f,
    0xff, 0xf4, 0x00, 0x00, 0x00, 0x00, 0x00, 0x00,
    0x00, 0x00, 0x00, 0xbf, 0xff, 0xf4, 0x00, 0x00,
    0xcf, 0xff, 0xe0, 0x00, 0x00, 0x00, 0x00, 0x00,
    0x00, 0x00, 0x00, 0x00, 0x5f, 0xff, 0xfa, 0x00,
    0x02, 0xff, 0xff, 0x90, 0x00, 0x00, 0x00, 0x00,
    0x00, 0x00, 0x00, 0x00, 0x00, 0x0f, 0xff, 0xff,
    0x10, 0x08, 0xff, 0xff, 0x40, 0x00, 0x00, 0x00,
    0x00, 0x00, 0x00, 0x00, 0x00, 0x00, 0x0a, 0xff,
    0xff, 0x70, 0x0e, 0xff, 0xfe, 0x00, 0x00, 0x00,
    0x00, 0x00, 0x00, 0x00, 0x00, 0x00, 0x00, 0x04,
    0xff, 0xff, 0xe0,

    /* U+0042 "B" */
    0x7f, 0xff, 0xff, 0xff, 0xff, 0xff, 0xff, 0xfe,
    0xc9, 0x50, 0x00, 0x00, 0x00, 0x07, 0xff, 0xff,
    0xff, 0xff, 0xff, 0xff, 0xff, 0xff, 0xff, 0xf7,
    0x00, 0x00, 0x00, 0x7f, 0xff, 0xff, 0xff, 0xff,
    0xff, 0xff, 0xff, 0xff, 0xff, 0xfc, 0x10, 0x00,
    0x07, 0xff, 0xff, 0xff, 0xff, 0xff, 0xff, 0xff,
    0xff, 0xff, 0xff, 0xfc, 0x00, 0x00, 0x7f, 0xff,
    0xf3, 0x22, 0x22, 0x22, 0x22, 0x35, 0x7d, 0xff,
    0xff, 0xf8, 0x00, 0x07, 0xff, 0xff, 0x10, 0x00,
    0x00, 0x00, 0x00, 0x00, 0x06, 0xff, 0xff, 0xf1,
    0x00, 0x7f, 0xff, 0xf1, 0x00, 0x00, 0x00, 0x00,
    0x00, 0x00, 0x08, 0xff, 0xff, 0x60, 0x07, 0xff,
    0xff, 0x10, 0x00, 0x00, 0x00, 0x00, 0x00, 0x00,
    0x1f, 0xff, 0xfa, 0x00, 0x7f, 0xff, 0xf1, 0x00,
    0x00, 0x00, 0x00, 0x00, 0x00, 0x00, 0xcf, 0xff,
    0xc0, 0x07, 0xff, 0xff, 0x10, 0x00, 0x00, 0x00,
    0x00, 0x00, 0x00, 0x0b, 0xff, 0xfc, 0x00, 0x7f,
    0xff, 0xf1, 0x00, 0x00, 0x00, 0x00, 0x00, 0x00,
    0x00, 0xcf, 0xff, 0xa0, 0x07, 0xff, 0xff, 0x10,
    0x00, 0x00, 0x00, 0x00, 0x00, 0x00, 0x0f, 0xff,
    0xf6, 0x00, 0x7f, 0xff, 0xf1, 0x00, 0x00, 0x00,
    0x00, 0x00, 0x00, 0x08, 0xff, 0xff, 0x00, 0x07,
    0xff, 0xff, 0x10, 0x00, 0x00, 0x00, 0x00, 0x00,
    0x07, 0xff, 0xff, 0x70, 0x00, 0x7f, 0xff, 0xf3,
    0x22, 0x22, 0x22, 0x22, 0x34, 0x7d, 0xff, 0xff,
    0xa0, 0x00, 0x07, 0xff, 0xff, 0xff, 0xff, 0xff,
    0xff, 0xff, 0xff, 0xff, 0xff, 0x90, 0x00, 0x00,
    0x7f, 0xff, 0xff, 0xff, 0xff, 0xff, 0xff, 0xff,
    0xff, 0xff, 0x80, 0x00, 0x00, 0x07, 0xff, 0xff,
    0xff, 0xff, 0xff, 0xff, 0xff, 0xff, 0xff, 0xff,
    0xd5, 0x00, 0x00, 0x7f, 0xff, 0xff, 0xff, 0xff,
    0xff, 0xff, 0xff, 0xff, 0xff, 0xff, 0xf9, 0x00,
    0x07, 0xff, 0xff, 0x10, 0x00, 0x00, 0x00, 0x00,
    0x13, 0x7c, 0xff, 0xff, 0xf9, 0x00, 0x7f, 0xff,
    0xf1, 0x00, 0x00, 0x00, 0x00, 0x00, 0x00, 0x05,
    0xff, 0xff, 0xf4, 0x07, 0xff, 0xff, 0x10, 0x00,
    0x00, 0x00, 0x00, 0x00, 0x00, 0x05, 0xff, 0xff,
    0xc0, 0x7f, 0xff, 0xf1, 0x00, 0x00, 0x00, 0x00,
    0x00, 0x00, 0x00, 0x0c, 0xff, 0xff, 0x27, 0xff,
    0xff, 0x10, 0x00, 0x00, 0x00, 0x00, 0x00, 0x00,
    0x00, 0x7f, 0xff, 0xf5, 0x7f, 0xff, 0xf1, 0x00,
    0x00, 0x00, 0x00, 0x00, 0x00, 0x00, 0x04, 0xff,
    0xff, 0x67, 0xff, 0xff, 0x10, 0x00, 0x00, 0x00,
    0x00, 0x00, 0x00, 0x00, 0x5f, 0xff, 0xf6, 0x7f,
    0xff, 0xf1, 0x00, 0x00, 0x00, 0x00, 0x00, 0x00,
    0x00, 0x07, 0xff, 0xff, 0x57, 0xff, 0xff, 0x10,
    0x00, 0x00, 0x00, 0x00, 0x00, 0x00, 0x00, 0xcf,
    0xff, 0xf2, 0x7f, 0xff, 0xf1, 0x00, 0x00, 0x00,
    0x00, 0x00, 0x00, 0x00, 0x6f, 0xff, 0xfd, 0x07,
    0xff, 0xff, 0x10, 0x00, 0x00, 0x00, 0x00, 0x00,
    0x00, 0x6f, 0xff, 0xff, 0x60, 0x7f, 0xff, 0xf3,
    0x22, 0x22, 0x22, 0x22, 0x22, 0x48, 0xdf, 0xff,
    0xff, 0xc0, 0x07, 0xff, 0xff, 0xff, 0xff, 0xff,
    0xff, 0xff, 0xff, 0xff, 0xff, 0xff, 0xe2, 0x00,
    0x7f, 0xff, 0xff, 0xff, 0xff, 0xff, 0xff, 0xff,
    0xff, 0xff, 0xff, 0xe3, 0x00, 0x07, 0xff, 0xff,
    0xff, 0xff, 0xff, 0xff, 0xff, 0xff, 0xff, 0xfe,
    0x80, 0x00, 0x00, 0x7f, 0xff, 0xff, 0xff, 0xff,
    0xff, 0xff, 0xff, 0xdb, 0x94, 0x00, 0x00, 0x00,
    0x00,

    /* U+0043 "C" */
    0x00, 0x00, 0x00, 0x00, 0x00, 0x00, 0x03, 0x56,
    0x77, 0x53, 0x00, 0x00, 0x00, 0x00, 0x00, 0x00,
    0x00, 0x00, 0x00, 0x00, 0x06, 0xbf, 0xff, 0xff,
    0xff, 0xff, 0xc5, 0x00, 0x00, 0x00, 0x00, 0x00,
    0x00, 0x00, 0x00, 0x7e, 0xff, 0xff, 0xff, 0xff,
    0xff, 0xff, 0xfe, 0x50, 0x00, 0x00, 0x00, 0x00,
    0x00, 0x03, 0xdf, 0xff, 0xff, 0xff, 0xff, 0xff,
    0xff, 0xff, 0xff, 0x90, 0x00, 0x00, 0x00, 0x00,
    0x05, 0xff, 0xff, 0xff, 0xfd, 0xa8, 0x88, 0xae,
    0xff, 0xff, 0xff, 0xb0, 0x00, 0x00, 0x00, 0x05,
    0xff, 0xff, 0xff, 0x81, 0x00, 0x00, 0x00, 0x04,
    0xcf, 0xff, 0xff, 0x90, 0x00, 0x00, 0x02, 0xff,
    0xff, 0xfb, 0x10, 0x00, 0x00, 0x00, 0x00, 0x00,
    0x7f, 0xff, 0xff, 0x40, 0x00, 0x00, 0xcf, 0xff,
    0xfa, 0x00, 0x00, 0x00, 0x00, 0x00, 0x00, 0x00,
    0x7f, 0xff, 0xfd, 0x00, 0x00, 0x6f, 0xff, 0xfb,
    0x00, 0x00, 0x00, 0x00, 0x00, 0x00, 0x00, 0x00,
    0xcf, 0xff, 0xf6, 0x00, 0x0d, 0xff, 0xff, 0x20,
    0x00, 0x00, 0x00, 0x00, 0x00, 0x00, 0x00, 0x03,
    0xff, 0xff, 0xc0, 0x04, 0xff, 0xff, 0x90, 0x00,
    0x00, 0x00, 0x00, 0x00, 0x00, 0x00, 0x00, 0x0c,
    0xff, 0xfd, 0x00, 0xaf, 0xff, 0xf3, 0x00, 0x00,
    0x00, 0x00, 0x00, 0x00, 0x00, 0x00, 0x00, 0x48,
    0x41, 0x00, 0x0e, 0xff, 0xfe, 0x00, 0x00, 0x00,
    0x00, 0x00, 0x00, 0x00, 0x00, 0x00, 0x00, 0x00,
    0x00, 0x02, 0xff, 0xff, 0x90, 0x00, 0x00, 0x00,
    0x00, 0x00, 0x00, 0x00, 0x00, 0x00, 0x00, 0x00,
    0x00, 0x4f, 0xff, 0xf6, 0x00, 0x00, 0x00, 0x00,
    0x00, 0x00, 0x00, 0x00, 0x00, 0x00, 0x00, 0x00,
    0x07, 0xff, 0xff, 0x40, 0x00, 0x00, 0x00, 0x00,
    0x00, 0x00, 0x00, 0x00, 0x00, 0x00, 0x00, 0x00,
    0x8f, 0xff, 0xf2, 0x00, 0x00, 0x00, 0x00, 0x00,
    0x00, 0x00, 0x00, 0x00, 0x00, 0x00, 0x00, 0x09,
    0xff, 0xff, 0x10, 0x00, 0x00, 0x00, 0x00, 0x00,
    0x00, 0x00, 0x00, 0x00, 0x00, 0x00, 0x00, 0x9f,
    0xff, 0xf1, 0x00, 0x00, 0x00, 0x00, 0x00, 0x00,
    0x00, 0x00, 0x00, 0x00, 0x00, 0x00, 0x08, 0xff,
    0xff, 0x10, 0x00, 0x00, 0x00, 0x00, 0x00, 0x00,
    0x00, 0x00, 0x00, 0x00, 0x00, 0x00, 0x8f, 0xff,
    0xf2, 0x00, 0x00, 0x00, 0x00, 0x00, 0x00, 0x00,
    0x00, 0x00, 0x00, 0x00, 0x00, 0x06, 0xff, 0xff,
    0x40, 0x00, 0x00, 0x00, 0x00, 0x00, 0x00, 0x00,
    0x00, 0x00, 0x00, 0x00, 0x00, 0x3f, 0xff, 0xf6,
    0x00, 0x00, 0x00, 0x00, 0x00, 0x00, 0x00, 0x00,
    0x00, 0x00, 0x00, 0x00, 0x00, 0xff, 0xff, 0xa0,
    0x00, 0x00, 0x00, 0x00, 0x00, 0x00, 0x00, 0x00,
    0x00, 0x03, 0x00, 0x00, 0x0c, 0xff, 0xfe, 0x00,
    0x00, 0x00, 0x00, 0x00, 0x00, 0x00, 0x00, 0x00,
    0x00, 0xff, 0xb7, 0x20, 0x8f, 0xff, 0xf3, 0x00,
    0x00, 0x00, 0x00, 0x00, 0x00, 0x00, 0x00, 0x00,
    0x4f, 0xff, 0xf8, 0x02, 0xff, 0xff, 0x90, 0x00,
    0x00, 0x00, 0x00, 0x00, 0x00, 0x00, 0x00, 0x0b,
    0xff, 0xff, 0x30, 0x0d, 0xff, 0xff, 0x20, 0x00,
    0x00, 0x00, 0x00, 0x00, 0x00, 0x00, 0x02, 0xff,
    0xff, 0xe0, 0x00, 0x5f, 0xff, 0xfb, 0x00, 0x00,
    0x00, 0x00, 0x00, 0x00, 0x00, 0x00, 0xcf, 0xff,
    0xf6, 0x00, 0x00, 0xdf, 0xff, 0xf9, 0x00, 0x00,
    0x00, 0x00, 0x00, 0x00, 0x00, 0x9f, 0xff, 0xfe,
    0x00, 0x00, 0x03, 0xff, 0xff, 0xfb, 0x10, 0x00,
    0x00, 0x00, 0x00, 0x00, 0x9f, 0xff, 0xff, 0x50,
    0x00, 0x00, 0x07, 0xff, 0xff, 0xff, 0x71, 0x00,
    0x00, 0x00, 0x06, 0xdf, 0xff, 0xff, 0x90, 0x00,
    0x00, 0x00, 0x08, 0xff, 0xff, 0xff, 0xfc, 0x98,
    0x79, 0xbf, 0xff, 0xff, 0xff, 0xa0, 0x00, 0x00,
    0x00, 0x00, 0x07, 0xff, 0xff, 0xff, 0xff, 0xff,
    0xff, 0xff, 0xff, 0xff, 0x90, 0x00, 0x00, 0x00,
    0x00, 0x00, 0x03, 0xcf, 0xff, 0xff, 0xff, 0xff,
    0xff, 0xff, 0xfd, 0x40, 0x00, 0x00, 0x00, 0x00,
    0x00, 0x00, 0x00, 0x39, 0xef, 0xff, 0xff, 0xff,
    0xff, 0xb5, 0x00, 0x00, 0x00, 0x00, 0x00, 0x00,
    0x00, 0x00, 0x00, 0x00, 0x14, 0x67, 0x76, 0x53,
    0x00, 0x00, 0x00, 0x00, 0x00, 0x00,

    /* U+0044 "D" */
    0x4f, 0xff, 0xff, 0xff, 0xff, 0xff, 0xff, 0xfe,
    0xdb, 0x84, 0x00, 0x00, 0x00, 0x00, 0x00, 0x4f,
    0xff, 0xff, 0xff, 0xff, 0xff, 0xff, 0xff, 0xff,
    0xff, 0xe7, 0x00, 0x00, 0x00, 0x00, 0x4f, 0xff,
    0xff, 0xff, 0xff, 0xff, 0xff, 0xff, 0xff, 0xff,
    0xff, 0xd2, 0x00, 0x00, 0x00, 0x4f, 0xff, 0xff,
    0xff, 0xff, 0xff, 0xff, 0xff, 0xff, 0xff, 0xff,
    0xff, 0x40, 0x00, 0x00, 0x4f, 0xff, 0xf5, 0x22,
    0x22, 0x22, 0x22, 0x34, 0x69, 0xef, 0xff, 0xff,
    0xf3, 0x00, 0x00, 0x4f, 0xff, 0xf4, 0x00, 0x00,
    0x00, 0x00, 0x00, 0x00, 0x07, 0xff, 0xff, 0xfd,
    0x00, 0x00, 0x4f, 0xff, 0xf4, 0x00, 0x00, 0x00,
    0x00, 0x00, 0x00, 0x00, 0x3f, 0xff, 0xff, 0x90,
    0x00, 0x4f, 0xff, 0xf4, 0x00, 0x00, 0x00, 0x00,
    0x00, 0x00, 0x00, 0x04, 0xff, 0xff, 0xf2, 0x00,
    0x4f, 0xff, 0xf4, 0x00, 0x00, 0x00, 0x00, 0x00,
    0x00, 0x00, 0x00, 0x9f, 0xff, 0xf8, 0x00, 0x4f,
    0xff, 0xf4, 0x00, 0x00, 0x00, 0x00, 0x00, 0x00,
    0x00, 0x00, 0x1f, 0xff, 0xfe, 0x00, 0x4f, 0xff,
    0xf4, 0x00, 0x00, 0x00, 0x00, 0x00, 0x00, 0x00,
    0x00, 0x09, 0xff, 0xff, 0x30, 0x4f, 0xff, 0xf4,
    0x00, 0x00, 0x00, 0x00, 0x00, 0x00, 0x00, 0x00,
    0x04, 0xff, 0xff, 0x70, 0x4f, 0xff, 0xf4, 0x00,
    0x00, 0x00, 0x00, 0x00, 0x00, 0x00, 0x00, 0x00,
    0xff, 0xff, 0xb0, 0x4f, 0xff, 0xf4, 0x00, 0x00,
    0x00, 0x00, 0x00, 0x00, 0x00, 0x00, 0x00, 0xdf,
    0xff, 0xd0, 0x4f, 0xff, 0xf4, 0x00, 0x00, 0x00,
    0x00, 0x00, 0x00, 0x00, 0x00, 0x00, 0xbf, 0xff,
    0xf0, 0x4f, 0xff, 0xf4, 0x00, 0x00, 0x00, 0x00,
    0x00, 0x00, 0x00, 0x00, 0x00, 0xaf, 0xff, 0xf0,
    0x4f, 0xff, 0xf4, 0x00, 0x00, 0x00, 0x00, 0x00,
    0x00, 0x00, 0x00, 0x00, 0x9f, 0xff, 0xf1, 0x4f,
    0xff, 0xf4, 0x00, 0x00, 0x00, 0x00, 0x00, 0x00,
    0x00, 0x00, 0x00, 0x9f, 0xff, 0xf1, 0x4f, 0xff,
    0xf4, 0x00, 0x00, 0x00, 0x00, 0x00, 0x00, 0x00,
    0x00, 0x00, 0x9f, 0xff, 0xf0, 0x4f, 0xff, 0xf4,
    0x00, 0x00, 0x00, 0x00, 0x00, 0x00, 0x00, 0x00,
    0x00, 0xaf, 0xff, 0xf0, 0x4f, 0xff, 0xf4, 0x00,
    0x00, 0x00, 0x00, 0x00, 0x00, 0x00, 0x00, 0x00,
    0xcf, 0xff, 0xe0, 0x4f, 0xff, 0xf4, 0x00, 0x00,
    0x00, 0x00, 0x00, 0x00, 0x00, 0x00, 0x00, 0xef,
    0xff, 0xc0, 0x4f, 0xff, 0xf4, 0x00, 0x00, 0x00,
    0x00, 0x00, 0x00, 0x00, 0x00, 0x01, 0xff, 0xff,
    0x90, 0x4f, 0xff, 0xf4, 0x00, 0x00, 0x00, 0x00,
    0x00, 0x00, 0x00, 0x00, 0x05, 0xff, 0xff, 0x50,
    0x4f, 0xff, 0xf4, 0x00, 0x00, 0x00, 0x00, 0x00,
    0x00, 0x00, 0x00, 0x0a, 0xff, 0xff, 0x20, 0x4f,
    0xff, 0xf4, 0x00, 0x00, 0x00, 0x00, 0x00, 0x00,
    0x00, 0x00, 0x1f, 0xff, 0xfd, 0x00, 0x4f, 0xff,
    0xf4, 0x00, 0x00, 0x00, 0x00, 0x00, 0x00, 0x00,
    0x00, 0x9f, 0xff, 0xf6, 0x00, 0x4f, 0xff, 0xf4,
    0x00, 0x00, 0x00, 0x00, 0x00, 0x00, 0x00, 0x04,
    0xff, 0xff, 0xe0, 0x00, 0x4f, 0xff, 0xf4, 0x00,
    0x00, 0x00, 0x00, 0x00, 0x00, 0x00, 0x3e, 0xff,
    0xff, 0x70, 0x00, 0x4f, 0xff, 0xf4, 0x00, 0x00,
    0x00, 0x00, 0x00, 0x00, 0x18, 0xff, 0xff, 0xfc,
    0x00, 0x00, 0x4f, 0xff, 0xf5, 0x22, 0x22, 0x22,
    0x22, 0x34, 0x7a, 0xff, 0xff, 0xff, 0xe1, 0x00,
    0x00, 0x4f, 0xff, 0xff, 0xff, 0xff, 0xff, 0xff,
    0xff, 0xff, 0xff, 0xff, 0xfe, 0x20, 0x00, 0x00,
    0x4f, 0xff, 0xff, 0xff, 0xff, 0xff, 0xff, 0xff,
    0xff, 0xff, 0xff, 0xc1, 0x00, 0x00, 0x00, 0x4f,
    0xff, 0xff, 0xff, 0xff, 0xff, 0xff, 0xff, 0xff,
    0xff, 0xc5, 0x00, 0x00, 0x00, 0x00, 0x4f, 0xff,
    0xff, 0xff, 0xff, 0xff, 0xff, 0xee, 0xc9, 0x61,
    0x00, 0x00, 0x00, 0x00, 0x00,

    /* U+0045 "E" */
    0x3f, 0xff, 0xff, 0xff, 0xff, 0xff, 0xff, 0xff,
    0xff, 0xff, 0xff, 0xff, 0xfa, 0x03, 0xff, 0xff,
    0xff, 0xff, 0xff, 0xff, 0xff, 0xff, 0xff, 0xff,
    0xff, 0xff, 0xa0, 0x3f, 0xff, 0xff, 0xff, 0xff,
    0xff, 0xff, 0xff, 0xff, 0xff, 0xff, 0xff, 0xfa,
    0x03, 0xff, 0xff, 0xff, 0xff, 0xff, 0xff, 0xff,
    0xff, 0xff, 0xff, 0xff, 0xff, 0xa0, 0x3f, 0xff,
    0xf6, 0x22, 0x22, 0x22, 0x22, 0x22, 0x22, 0x22,
    0x22, 0x22, 0x21, 0x03, 0xff, 0xff, 0x50, 0x00,
    0x00, 0x00, 0x00, 0x00, 0x00, 0x00, 0x00, 0x00,
    0x00, 0x3f, 0xff, 0xf5, 0x00, 0x00, 0x00, 0x00,
    0x00, 0x00, 0x00, 0x00, 0x00, 0x00, 0x03, 0xff,
    0xff, 0x50, 0x00, 0x00, 0x00, 0x00, 0x00, 0x00,
    0x00, 0x00, 0x00, 0x00, 0x3f, 0xff, 0xf5, 0x00,
    0x00, 0x00, 0x00, 0x00, 0x00, 0x00, 0x00, 0x00,
    0x00, 0x03, 0xff, 0xff, 0x50, 0x00, 0x00, 0x00,
    0x00, 0x00, 0x00, 0x00, 0x00, 0x00, 0x00, 0x3f,
    0xff, 0xf5, 0x00, 0x00, 0x00, 0x00, 0x00, 0x00,
    0x00, 0x00, 0x00, 0x00, 0x03, 0xff, 0xff, 0x50,
    0x00, 0x00, 0x00, 0x00, 0x00, 0x00, 0x00, 0x00,
    0x00, 0x00, 0x3f, 0xff, 0xf5, 0x00, 0x00, 0x00,
    0x00, 0x00, 0x00, 0x00, 0x00, 0x00, 0x00, 0x03,
    0xff, 0xff, 0x50, 0x00, 0x00, 0x00, 0x00, 0x00,
    0x00, 0x00, 0x00, 0x00, 0x00, 0x3f, 0xff, 0xf6,
    0x11, 0x11, 0x11, 0x11, 0x11, 0x11, 0x11, 0x11,
    0x11, 0x00, 0x03, 0xff, 0xff, 0xff, 0xff, 0xff,
    0xff, 0xff, 0xff, 0xff, 0xff, 0xff, 0xf5, 0x00,
    0x3f, 0xff, 0xff, 0xff, 0xff, 0xff, 0xff, 0xff,
    0xff, 0xff, 0xff, 0xff, 0x50, 0x03, 0xff, 0xff,
    0xff, 0xff, 0xff, 0xff, 0xff, 0xff, 0xff, 0xff,
    0xff, 0xf5, 0x00, 0x3f, 0xff, 0xff, 0xff, 0xff,
    0xff, 0xff, 0xff, 0xff, 0xff, 0xff, 0xff, 0x50,
    0x03, 0xff, 0xff, 0x50, 0x00, 0x00, 0x00, 0x00,
    0x00, 0x00, 0x00, 0x00, 0x00, 0x00, 0x3f, 0xff,
    0xf5, 0x00, 0x00, 0x00, 0x00, 0x00, 0x00, 0x00,
    0x00, 0x00, 0x00, 0x03, 0xff, 0xff, 0x50, 0x00,
    0x00, 0x00, 0x00, 0x00, 0x00, 0x00, 0x00, 0x00,
    0x00, 0x3f, 0xff, 0xf5, 0x00, 0x00, 0x00, 0x00,
    0x00, 0x00, 0x00, 0x00, 0x00, 0x00, 0x03, 0xff,
    0xff, 0x50, 0x00, 0x00, 0x00, 0x00, 0x00, 0x00,
    0x00, 0x00, 0x00, 0x00, 0x3f, 0xff, 0xf5, 0x00,
    0x00, 0x00, 0x00, 0x00, 0x00, 0x00, 0x00, 0x00,
    0x00, 0x03, 0xff, 0xff, 0x50, 0x00, 0x00, 0x00,
    0x00, 0x00, 0x00, 0x00, 0x00, 0x00, 0x00, 0x3f,
    0xff, 0xf5, 0x00, 0x00, 0x00, 0x00, 0x00, 0x00,
    0x00, 0x00, 0x00, 0x00, 0x03, 0xff, 0xff, 0x50,
    0x00, 0x00, 0x00, 0x00, 0x00, 0x00, 0x00, 0x00,
    0x00, 0x00, 0x3f, 0xff, 0xf5, 0x00, 0x00, 0x00,
    0x00, 0x00, 0x00, 0x00, 0x00, 0x00, 0x00, 0x03,
    0xff, 0xff, 0x50, 0x00, 0x00, 0x00, 0x00, 0x00,
    0x00, 0x00, 0x00, 0x00, 0x00, 0x3f, 0xff, 0xf6,
    0x22, 0x22, 0x22, 0x22, 0x22, 0x22, 0x22, 0x22,
    0x22, 0x22, 0x03, 0xff, 0xff, 0xff, 0xff, 0xff,
    0xff, 0xff, 0xff, 0xff, 0xff, 0xff, 0xff, 0xf7,
    0x3f, 0xff, 0xff, 0xff, 0xff, 0xff, 0xff, 0xff,
    0xff, 0xff, 0xff, 0xff, 0xff, 0x73, 0xff, 0xff,
    0xff, 0xff, 0xff, 0xff, 0xff, 0xff, 0xff, 0xff,
    0xff, 0xff, 0xf7, 0x3f, 0xff, 0xff, 0xff, 0xff,
    0xff, 0xff, 0xff, 0xff, 0xff, 0xff, 0xff, 0xff,
    0x70,

    /* U+0046 "F" */
    0x1f, 0xff, 0xff, 0xff, 0xff, 0xff, 0xff, 0xff,
    0xff, 0xff, 0xff, 0xff, 0x21, 0xff, 0xff, 0xff,
    0xff, 0xff, 0xff, 0xff, 0xff, 0xff, 0xff, 0xff,
    0xf2, 0x1f, 0xff, 0xff, 0xff, 0xff, 0xff, 0xff,
    0xff, 0xff, 0xff, 0xff, 0xff, 0x21, 0xff, 0xff,
    0xff, 0xff, 0xff, 0xff, 0xff, 0xff, 0xff, 0xff,
    0xff, 0xf2, 0x1f, 0xff, 0xf8, 0x22, 0x22, 0x22,
    0x22, 0x22, 0x22, 0x22, 0x22, 0x22, 0x01, 0xff,
    0xff, 0x70, 0x00, 0x00, 0x00, 0x00, 0x00, 0x00,
    0x00, 0x00, 0x00, 0x1f, 0xff, 0xf7, 0x00, 0x00,
    0x00, 0x00, 0x00, 0x00, 0x00, 0x00, 0x00, 0x01,
    0xff, 0xff, 0x70, 0x00, 0x00, 0x00, 0x00, 0x00,
    0x00, 0x00, 0x00, 0x00, 0x1f, 0xff, 0xf7, 0x00,
    0x00, 0x00, 0x00, 0x00, 0x00, 0x00, 0x00, 0x00,
    0x01, 0xff, 0xff, 0x70, 0x00, 0x00, 0x00, 0x00,
    0x00, 0x00, 0x00, 0x00, 0x00, 0x1f, 0xff, 0xf7,
    0x00, 0x00, 0x00, 0x00, 0x00, 0x00, 0x00, 0x00,
    0x00, 0x01, 0xff, 0xff, 0x70, 0x00, 0x00, 0x00,
    0x00, 0x00, 0x00, 0x00, 0x00, 0x00, 0x1f, 0xff,
    0xf7, 0x00, 0x00, 0x00, 0x00, 0x00, 0x00, 0x00,
    0x00, 0x00, 0x01, 0xff, 0xff, 0x70, 0x00, 0x00,
    0x00, 0x00, 0x00, 0x00, 0x00, 0x00, 0x00, 0x1f,
    0xff, 0xf9, 0x22, 0x22, 0x22, 0x22, 0x22, 0x22,
    0x22, 0x21, 0x00, 0x01, 0xff, 0xff, 0xff, 0xff,
    0xff, 0xff, 0xff, 0xff, 0xff, 0xff, 0x90, 0x00,
    0x1f, 0xff, 0xff, 0xff, 0xff, 0xff, 0xff, 0xff,
    0xff, 0xff, 0xf9, 0x00, 0x01, 0xff, 0xff, 0xff,
    0xff, 0xff, 0xff, 0xff, 0xff, 0xff, 0xff, 0x90,
    0x00, 0x1f, 0xff, 0xff, 0xff, 0xff, 0xff, 0xff,
    0xff, 0xff, 0xff, 0xf9, 0x00, 0x01, 0xff, 0xff,
    0x70, 0x00, 0x00, 0x00, 0x00, 0x00, 0x00, 0x00,
    0x00, 0x00, 0x1f, 0xff, 0xf7, 0x00, 0x00, 0x00,
    0x00, 0x00, 0x00, 0x00, 0x00, 0x00, 0x01, 0xff,
    0xff, 0x70, 0x00, 0x00, 0x00, 0x00, 0x00, 0x00,
    0x00, 0x00, 0x00, 0x1f, 0xff, 0xf7, 0x00, 0x00,
    0x00, 0x00, 0x00, 0x00, 0x00, 0x00, 0x00, 0x01,
    0xff, 0xff, 0x70, 0x00, 0x00, 0x00, 0x00, 0x00,
    0x00, 0x00, 0x00, 0x00, 0x1f, 0xff, 0xf7, 0x00,
    0x00, 0x00, 0x00, 0x00, 0x00, 0x00, 0x00, 0x00,
    0x01, 0xff, 0xff, 0x70, 0x00, 0x00, 0x00, 0x00,
    0x00, 0x00, 0x00, 0x00, 0x00, 0x1f, 0xff, 0xf7,
    0x00, 0x00, 0x00, 0x00, 0x00, 0x00, 0x00, 0x00,
    0x00, 0x01, 0xff, 0xff, 0x70, 0x00, 0x00, 0x00,
    0x00, 0x00, 0x00, 0x00, 0x00, 0x00, 0x1f, 0xff,
    0xf7, 0x00, 0x00, 0x00, 0x00, 0x00, 0x00, 0x00,
    0x00, 0x00, 0x01, 0xff, 0xff, 0x70, 0x00, 0x00,
    0x00, 0x00, 0x00, 0x00, 0x00, 0x00, 0x00, 0x1f,
    0xff, 0xf7, 0x00, 0x00, 0x00, 0x00, 0x00, 0x00,
    0x00, 0x00, 0x00, 0x01, 0xff, 0xff, 0x70, 0x00,
    0x00, 0x00, 0x00, 0x00, 0x00, 0x00, 0x00, 0x00,
    0x1f, 0xff, 0xf7, 0x00, 0x00, 0x00, 0x00, 0x00,
    0x00, 0x00, 0x00, 0x00, 0x01, 0xff, 0xff, 0x70,
    0x00, 0x00, 0x00, 0x00, 0x00, 0x00, 0x00, 0x00,
    0x00, 0x1f, 0xff, 0xf7, 0x00, 0x00, 0x00, 0x00,
    0x00, 0x00, 0x00, 0x00, 0x00, 0x00,

    /* U+0047 "G" */
    0x00, 0x00, 0x00, 0x00, 0x00, 0x00, 0x01, 0x35,
    0x67, 0x76, 0x42, 0x00, 0x00, 0x00, 0x00, 0x00,
    0x00, 0x00, 0x00, 0x00, 0x00, 0x02, 0x8d, 0xff,
    0xff, 0xff, 0xff, 0xfe, 0x94, 0x00, 0x00, 0x00,
    0x00, 0x00, 0x00, 0x00, 0x00, 0x3b, 0xff, 0xff,
    0xff, 0xff, 0xff, 0xff, 0xff, 0xfc, 0x40, 0x00,
    0x00, 0x00, 0x00, 0x00, 0x00, 0x9f, 0xff, 0xff,
    0xff, 0xff, 0xff, 0xff, 0xff, 0xff, 0xff, 0x80,
    0x00, 0x00, 0x00, 0x00, 0x01, 0xcf, 0xff, 0xff,
    0xff, 0xda, 0x98, 0x8a, 0xcf, 0xff, 0xff, 0xff,
    0xa0, 0x00, 0x00, 0x00, 0x00, 0xdf, 0xff, 0xff,
    0xe7, 0x20, 0x00, 0x00, 0x00, 0x16, 0xef, 0xff,
    0xff, 0x70, 0x00, 0x00, 0x00, 0xaf, 0xff, 0xff,
    0x70, 0x00, 0x00, 0x00, 0x00, 0x00, 0x00, 0x8f,
    0xff, 0xff, 0x20, 0x00, 0x00, 0x6f, 0xff, 0xff,
    0x40, 0x00, 0x00, 0x00, 0x00, 0x00, 0x00, 0x00,
    0x8f, 0xff, 0xfa, 0x00, 0x00, 0x0e, 0xff, 0xff,
    0x50, 0x00, 0x00, 0x00, 0x00, 0x00, 0x00, 0x00,
    0x00, 0xbf, 0xff, 0xf1, 0x00, 0x07, 0xff, 0xff,
    0x90, 0x00, 0x00, 0x00, 0x00, 0x00, 0x00, 0x00,
    0x00, 0x02, 0xff, 0xff, 0x70, 0x00, 0xdf, 0xff,
    0xf1, 0x00, 0x00, 0x00, 0x00, 0x00, 0x00, 0x00,
    0x00, 0x00, 0x0c, 0xff, 0xfa, 0x00, 0x4f, 0xff,
    0xf8, 0x00, 0x00, 0x00, 0x00, 0x00, 0x00, 0x00,
    0x00, 0x00, 0x00, 0x5a, 0x62, 0x00, 0x09, 0xff,
    0xff, 0x20, 0x00, 0x00, 0x00, 0x00, 0x00, 0x00,
    0x00, 0x00, 0x00, 0x00, 0x00, 0x00, 0x00, 0xdf,
    0xff, 0xe0, 0x00, 0x00, 0x00, 0x00, 0x00, 0x00,
    0x00, 0x00, 0x00, 0x00, 0x00, 0x00, 0x00, 0x0f,
    0xff, 0xfa, 0x00, 0x00, 0x00, 0x00, 0x00, 0x00,
    0x00, 0x00, 0x00, 0x00, 0x00, 0x00, 0x00, 0x03,
    0xff, 0xff, 0x70, 0x00, 0x00, 0x00, 0x00, 0x00,
    0x00, 0x00, 0x00, 0x00, 0x00, 0x00, 0x00, 0x00,
    0x5f, 0xff, 0xf5, 0x00, 0x00, 0x00, 0x00, 0x00,
    0x00, 0x00, 0x00, 0x00, 0x00, 0x00, 0x00, 0x00,
    0x06, 0xff, 0xff, 0x40, 0x00, 0x00, 0x00, 0x00,
    0x00, 0x00, 0x00, 0x00, 0x00, 0x00, 0x00, 0x00,
    0x00, 0x6f, 0xff, 0xf4, 0x00, 0x00, 0x00, 0x00,
    0x00, 0x03, 0xff, 0xff, 0xff, 0xff, 0xff, 0xff,
    0xff, 0x56, 0xff, 0xff, 0x40, 0x00, 0x00, 0x00,
    0x00, 0x00, 0x3f, 0xff, 0xff, 0xff, 0xff, 0xff,
    0xff, 0xf5, 0x5f, 0xff, 0xf5, 0x00, 0x00, 0x00,
    0x00, 0x00, 0x03, 0xff, 0xff, 0xff, 0xff, 0xff,
    0xff, 0xff, 0x54, 0xff, 0xff, 0x70, 0x00, 0x00,
    0x00, 0x00, 0x00, 0x3f, 0xff, 0xff, 0xff, 0xff,
    0xff, 0xff, 0xf5, 0x1f, 0xff, 0xfa, 0x00, 0x00,
    0x00, 0x00, 0x00, 0x00, 0x22, 0x22, 0x22, 0x22,
    0x23, 0xff, 0xff, 0x50, 0xef, 0xff, 0xd0, 0x00,
    0x00, 0x00, 0x00, 0x00, 0x00, 0x00, 0x00, 0x00,
    0x00, 0x1f, 0xff, 0xf5, 0x0a, 0xff, 0xff, 0x20,
    0x00, 0x00, 0x00, 0x00, 0x00, 0x00, 0x00, 0x00,
    0x00, 0x01, 0xff, 0xff, 0x50, 0x5f, 0xff, 0xf8,
    0x00, 0x00, 0x00, 0x00, 0x00, 0x00, 0x00, 0x00,
    0x00, 0x00, 0x1f, 0xff, 0xf5, 0x00, 0xef, 0xff,
    0xf1, 0x00, 0x00, 0x00, 0x00, 0x00, 0x00, 0x00,
    0x00, 0x00, 0x01, 0xff, 0xff, 0x50, 0x08, 0xff,
    0xff, 0xa0, 0x00, 0x00, 0x00, 0x00, 0x00, 0x00,
    0x00, 0x00, 0x00, 0x1f, 0xff, 0xf5, 0x00, 0x1e,
    0xff, 0xff, 0x70, 0x00, 0x00, 0x00, 0x00, 0x00,
    0x00, 0x00, 0x00, 0x02, 0xff, 0xff, 0x50, 0x00,
    0x6f, 0xff, 0xff, 0x70, 0x00, 0x00, 0x00, 0x00,
    0x00, 0x00, 0x00, 0x04, 0xef, 0xff, 0xf5, 0x00,
    0x00, 0xaf, 0xff, 0xff, 0xc2, 0x00, 0x00, 0x00,
    0x00, 0x00, 0x00, 0x3b, 0xff, 0xff, 0xff, 0x50,
    0x00, 0x00, 0xcf, 0xff, 0xff, 0xfb, 0x61, 0x00,
    0x00, 0x00, 0x27, 0xcf, 0xff, 0xff, 0xff, 0xa0,
    0x00, 0x00, 0x00, 0xaf, 0xff, 0xff, 0xff, 0xfe,
    0xcb, 0xbc, 0xef, 0xff, 0xff, 0xff, 0xff, 0x60,
    0x00, 0x00, 0x00, 0x00, 0x6f, 0xff, 0xff, 0xff,
    0xff, 0xff, 0xff, 0xff, 0xff, 0xff, 0xfa, 0x10,
    0x00, 0x00, 0x00, 0x00, 0x00, 0x19, 0xff, 0xff,
    0xff, 0xff, 0xff, 0xff, 0xff, 0xff, 0xa3, 0x00,
    0x00, 0x00, 0x00, 0x00, 0x00, 0x00, 0x01, 0x6b,
    0xff, 0xff, 0xff, 0xff, 0xff, 0xc7, 0x10, 0x00,
    0x00, 0x00, 0x00, 0x00, 0x00, 0x00, 0x00, 0x00,
    0x00, 0x25, 0x67, 0x76, 0x53, 0x00, 0x00, 0x00,
    0x00, 0x00, 0x00,

    /* U+0048 "H" */
    0x2f, 0xff, 0xf6, 0x00, 0x00, 0x00, 0x00, 0x00,
    0x00, 0x00, 0x00, 0x0c, 0xff, 0xfc, 0x2f, 0xff,
    0xf6, 0x00, 0x00, 0x00, 0x00, 0x00, 0x00, 0x00,
    0x00, 0x0c, 0xff, 0xfc, 0x2f, 0xff, 0xf6, 0x00,
    0x00, 0x00, 0x00, 0x00, 0x00, 0x00, 0x00, 0x0c,
    0xff, 0xfc, 0x2f, 0xff, 0xf6, 0x00, 0x00, 0x00,
    0x00, 0x00, 0x00, 0x00, 0x00, 0x0c, 0xff, 0xfc,
    0x2f, 0xff, 0xf6, 0x00, 0x00, 0x00, 0x00, 0x00,
    0x00, 0x00, 0x00, 0x0c, 0xff, 0xfc, 0x2f, 0xff,
    0xf6, 0x00, 0x00, 0x00, 0x00, 0x00, 0x00, 0x00,
    0x00, 0x0c, 0xff, 0xfc, 0x2f, 0xff, 0xf6, 0x00,
    0x00, 0x00, 0x00, 0x00, 0x00, 0x00, 0x00, 0x0c,
    0xff, 0xfc, 0x2f, 0xff, 0xf6, 0x00, 0x00, 0x00,
    0x00, 0x00, 0x00, 0x00, 0x00, 0x0c, 0xff, 0xfc,
    0x2f, 0xff, 0xf6, 0x00, 0x00, 0x00, 0x00, 0x00,
    0x00, 0x00, 0x00, 0x0c, 0xff, 0xfc, 0x2f, 0xff,
    0xf6, 0x00, 0x00, 0x00, 0x00, 0x00, 0x00, 0x00,
    0x00, 0x0c, 0xff, 0xfc, 0x2f, 0xff, 0xf6, 0x00,
    0x00, 0x00, 0x00, 0x00, 0x00, 0x00, 0x00, 0x0c,
    0xff, 0xfc, 0x2f, 0xff, 0xf6, 0x00, 0x00, 0x00,
    0x00, 0x00, 0x00, 0x00, 0x00, 0x0c, 0xff, 0xfc,
    0x2f, 0xff, 0xf6, 0x00, 0x00, 0x00, 0x00, 0x00,
    0x00, 0x00, 0x00, 0x0c, 0xff, 0xfc, 0x2f, 0xff,
    0xf6, 0x00, 0x00, 0x00, 0x00, 0x00, 0x00, 0x00,
    0x00, 0x0c, 0xff, 0xfc, 0x2f, 0xff, 0xff, 0xff,
    0xff, 0xff, 0xff, 0xff, 0xff, 0xff, 0xff, 0xff,
    0xff, 0xfc, 0x2f, 0xff, 0xff, 0xff, 0xff, 0xff,
    0xff, 0xff, 0xff, 0xff, 0xff, 0xff, 0xff, 0xfc,
    0x2f, 0xff, 0xff, 0xff, 0xff, 0xff, 0xff, 0xff,
    0xff, 0xff, 0xff, 0xff, 0xff, 0xfc, 0x2f, 0xff,
    0xff, 0xff, 0xff, 0xff, 0xff, 0xff, 0xff, 0xff,
    0xff, 0xff, 0xff, 0xfc, 0x2f, 0xff, 0xf7, 0x22,
    0x22, 0x22, 0x22, 0x22, 0x22, 0x22, 0x22, 0x2c,
    0xff, 0xfc, 0x2f, 0xff, 0xf6, 0x00, 0x00, 0x00,
    0x00, 0x00, 0x00, 0x00, 0x00, 0x0c, 0xff, 0xfc,
    0x2f, 0xff, 0xf6, 0x00, 0x00, 0x00, 0x00, 0x00,
    0x00, 0x00, 0x00, 0x0c, 0xff, 0xfc, 0x2f, 0xff,
    0xf6, 0x00, 0x00, 0x00, 0x00, 0x00, 0x00, 0x00,
    0x00, 0x0c, 0xff, 0xfc, 0x2f, 0xff, 0xf6, 0x00,
    0x00, 0x00, 0x00, 0x00, 0x00, 0x00, 0x00, 0x0c,
    0xff, 0xfc, 0x2f, 0xff, 0xf6, 0x00, 0x00, 0x00,
    0x00, 0x00, 0x00, 0x00, 0x00, 0x0c, 0xff, 0xfc,
    0x2f, 0xff, 0xf6, 0x00, 0x00, 0x00, 0x00, 0x00,
    0x00, 0x00, 0x00, 0x0c, 0xff, 0xfc, 0x2f, 0xff,
    0xf6, 0x00, 0x00, 0x00, 0x00, 0x00, 0x00, 0x00,
    0x00, 0x0c, 0xff, 0xfc, 0x2f, 0xff, 0xf6, 0x00,
    0x00, 0x00, 0x00, 0x00, 0x00, 0x00, 0x00, 0x0c,
    0xff, 0xfc, 0x2f, 0xff, 0xf6, 0x00, 0x00, 0x00,
    0x00, 0x00, 0x00, 0x00, 0x00, 0x0c, 0xff, 0xfc,
    0x2f, 0xff, 0xf6, 0x00, 0x00, 0x00, 0x00, 0x00,
    0x00, 0x00, 0x00, 0x0c, 0xff, 0xfc, 0x2f, 0xff,
    0xf6, 0x00, 0x00, 0x00, 0x00, 0x00, 0x00, 0x00,
    0x00, 0x0c, 0xff, 0xfc, 0x2f, 0xff, 0xf6, 0x00,
    0x00, 0x00, 0x00, 0x00, 0x00, 0x00, 0x00, 0x0c,
    0xff, 0xfc, 0x2f, 0xff, 0xf6, 0x00, 0x00, 0x00,
    0x00, 0x00, 0x00, 0x00, 0x00, 0x0c, 0xff, 0xfc,
    0x2f, 0xff, 0xf6, 0x00, 0x00, 0x00, 0x00, 0x00,
    0x00, 0x00, 0x00, 0x0c, 0xff, 0xfc, 0x2f, 0xff,
    0xf6, 0x00, 0x00, 0x00, 0x00, 0x00, 0x00, 0x00,
    0x00, 0x0c, 0xff, 0xfc, 0x2f, 0xff, 0xf6, 0x00,
    0x00, 0x00, 0x00, 0x00, 0x00, 0x00, 0x00, 0x0c,
    0xff, 0xfc,

    /* U+0049 "I" */
    0x8f, 0xff, 0xf0, 0x8f, 0xff, 0xf0, 0x8f, 0xff,
    0xf0, 0x8f, 0xff, 0xf0, 0x8f, 0xff, 0xf0, 0x8f,
    0xff, 0xf0, 0x8f, 0xff, 0xf0, 0x8f, 0xff, 0xf0,
    0x8f, 0xff, 0xf0, 0x8f, 0xff, 0xf0, 0x8f, 0xff,
    0xf0, 0x8f, 0xff, 0xf0, 0x8f, 0xff, 0xf0, 0x8f,
    0xff, 0xf0, 0x8f, 0xff, 0xf0, 0x8f, 0xff, 0xf0,
    0x8f, 0xff, 0xf0, 0x8f, 0xff, 0xf0, 0x8f, 0xff,
    0xf0, 0x8f, 0xff, 0xf0, 0x8f, 0xff, 0xf0, 0x8f,
    0xff, 0xf0, 0x8f, 0xff, 0xf0, 0x8f, 0xff, 0xf0,
    0x8f, 0xff, 0xf0, 0x8f, 0xff, 0xf0, 0x8f, 0xff,
    0xf0, 0x8f, 0xff, 0xf0, 0x8f, 0xff, 0xf0, 0x8f,
    0xff, 0xf0, 0x8f, 0xff, 0xf0, 0x8f, 0xff, 0xf0,
    0x8f, 0xff, 0xf0, 0x8f, 0xff, 0xf0, 0x8f, 0xff,
    0xf0,

    /* U+004A "J" */
    0x00, 0x00, 0x00, 0x00, 0x00, 0x00, 0x00, 0x4f,
    0xff, 0xf4, 0x00, 0x00, 0x00, 0x00, 0x00, 0x00,
    0x00, 0x4f, 0xff, 0xf4, 0x00, 0x00, 0x00, 0x00,
    0x00, 0x00, 0x00, 0x4f, 0xff, 0xf4, 0x00, 0x00,
    0x00, 0x00, 0x00, 0x00, 0x00, 0x4f, 0xff, 0xf4,
    0x00, 0x00, 0x00, 0x00, 0x00, 0x00, 0x00, 0x4f,
    0xff, 0xf4, 0x00, 0x00, 0x00, 0x00, 0x00, 0x00,
    0x00, 0x4f, 0xff, 0xf4, 0x00, 0x00, 0x00, 0x00,
    0x00, 0x00, 0x00, 0x4f, 0xff, 0xf4, 0x00, 0x00,
    0x00, 0x00, 0x00, 0x00, 0x00, 0x4f, 0xff, 0xf4,
    0x00, 0x00, 0x00, 0x00, 0x00, 0x00, 0x00, 0x4f,
    0xff, 0xf4, 0x00, 0x00, 0x00, 0x00, 0x00, 0x00,
    0x00, 0x4f, 0xff, 0xf4, 0x00, 0x00, 0x00, 0x00,
    0x00, 0x00, 0x00, 0x4f, 0xff, 0xf4, 0x00, 0x00,
    0x00, 0x00, 0x00, 0x00, 0x00, 0x4f, 0xff, 0xf4,
    0x00, 0x00, 0x00, 0x00, 0x00, 0x00, 0x00, 0x4f,
    0xff, 0xf4, 0x00, 0x00, 0x00, 0x00, 0x00, 0x00,
    0x00, 0x4f, 0xff, 0xf4, 0x00, 0x00, 0x00, 0x00,
    0x00, 0x00, 0x00, 0x4f, 0xff, 0xf4, 0x00, 0x00,
    0x00, 0x00, 0x00, 0x00, 0x00, 0x4f, 0xff, 0xf4,
    0x00, 0x00, 0x00, 0x00, 0x00, 0x00, 0x00, 0x4f,
    0xff, 0xf4, 0x00, 0x00, 0x00, 0x00, 0x00, 0x00,
    0x00, 0x4f, 0xff, 0xf4, 0x00, 0x00, 0x00, 0x00,
    0x00, 0x00, 0x00, 0x4f, 0xff, 0xf4, 0x00, 0x00,
    0x00, 0x00, 0x00, 0x00, 0x00, 0x4f, 0xff, 0xf4,
    0x00, 0x00, 0x00, 0x00, 0x00, 0x00, 0x00, 0x4f,
    0xff, 0xf4, 0x00, 0x00, 0x00, 0x00, 0x00, 0x00,
    0x00, 0x4f, 0xff, 0xf4, 0x00, 0x00, 0x00, 0x00,
    0x00, 0x00, 0x00, 0x4f, 0xff, 0xf4, 0x00, 0x00,
    0x00, 0x00, 0x00, 0x00, 0x00, 0x4f, 0xff, 0xf4,
    0x02, 0x57, 0x40, 0x00, 0x00, 0x00, 0x00, 0x4f,
    0xff, 0xf4, 0x9f, 0xff, 0x90, 0x00, 0x00, 0x00,
    0x00, 0x4f, 0xff, 0xf3, 0x8f, 0xff, 0xb0, 0x00,
    0x00, 0x00, 0x00, 0x6f, 0xff, 0xf2, 0x7f, 0xff,
    0xe0, 0x00, 0x00, 0x00, 0x00, 0x8f, 0xff, 0xf0,
    0x4f, 0xff, 0xf3, 0x00, 0x00, 0x00, 0x00, 0xcf,
    0xff, 0xd0, 0x1f, 0xff, 0xfb, 0x00, 0x00, 0x00,
    0x05, 0xff, 0xff, 0x90, 0x0b, 0xff, 0xff, 0xa1,
    0x00, 0x00, 0x7f, 0xff, 0xff, 0x30, 0x04, 0xff,
    0xff, 0xff, 0xca, 0xce, 0xff, 0xff, 0xfb, 0x00,
    0x00, 0x8f, 0xff, 0xff, 0xff, 0xff, 0xff, 0xff,
    0xe1, 0x00, 0x00, 0x09, 0xff, 0xff, 0xff, 0xff,
    0xff, 0xfd, 0x20, 0x00, 0x00, 0x00, 0x4c, 0xff,
    0xff, 0xff, 0xfd, 0x70, 0x00, 0x00, 0x00, 0x00,
    0x00, 0x15, 0x67, 0x75, 0x20, 0x00, 0x00, 0x00,

    /* U+004B "K" */
    0x7f, 0xff, 0xf1, 0x00, 0x00, 0x00, 0x00, 0x00,
    0x00, 0x00, 0x05, 0xff, 0xff, 0xfb, 0x07, 0xff,
    0xff, 0x10, 0x00, 0x00, 0x00, 0x00, 0x00, 0x00,
    0x05, 0xff, 0xff, 0xfb, 0x00, 0x7f, 0xff, 0xf1,
    0x00, 0x00, 0x00, 0x00, 0x00, 0x00, 0x05, 0xff,
    0xff, 0xfb, 0x00, 0x07, 0xff, 0xff, 0x10, 0x00,
    0x00, 0x00, 0x00, 0x00, 0x05, 0xff, 0xff, 0xfb,
    0x00, 0x00, 0x7f, 0xff, 0xf1, 0x00, 0x00, 0x00,
    0x00, 0x00, 0x05, 0xff, 0xff, 0xfb, 0x00, 0x00,
    0x07, 0xff, 0xff, 0x10, 0x00, 0x00, 0x00, 0x00,
    0x04, 0xff, 0xff, 0xfa, 0x00, 0x00, 0x00, 0x7f,
    0xff, 0xf1, 0x00, 0x00, 0x00, 0x00, 0x04, 0xff,
    0xff, 0xfa, 0x00, 0x00, 0x00, 0x07, 0xff, 0xff,
    0x10, 0x00, 0x00, 0x00, 0x04, 0xff, 0xff, 0xfa,
    0x00, 0x00, 0x00, 0x00, 0x7f, 0xff, 0xf1, 0x00,
    0x00, 0x00, 0x04, 0xff, 0xff, 0xfa, 0x00, 0x00,
    0x00, 0x00, 0x07, 0xff, 0xff, 0x10, 0x00, 0x00,
    0x04, 0xff, 0xff, 0xfa, 0x00, 0x00, 0x00, 0x00,
    0x00, 0x7f, 0xff, 0xf1, 0x00, 0x00, 0x03, 0xff,
    0xff, 0xf9, 0x00, 0x00, 0x00, 0x00, 0x00, 0x07,
    0xff, 0xff, 0x10, 0x00, 0x03, 0xff, 0xff, 0xf9,
    0x00, 0x00, 0x00, 0x00, 0x00, 0x00, 0x7f, 0xff,
    0xf1, 0x00, 0x03, 0xff, 0xff, 0xf9, 0x00, 0x00,
    0x00, 0x00, 0x00, 0x00, 0x07, 0xff, 0xff, 0x10,
    0x03, 0xff, 0xff, 0xf9, 0x00, 0x00, 0x00, 0x00,
    0x00, 0x00, 0x00, 0x7f, 0xff, 0xf1, 0x03, 0xef,
    0xff, 0xff, 0x20, 0x00, 0x00, 0x00, 0x00, 0x00,
    0x00, 0x07, 0xff, 0xff, 0x12, 0xef, 0xff, 0xff,
    0xfc, 0x00, 0x00, 0x00, 0x00, 0x00, 0x00, 0x00,
    0x7f, 0xff, 0xf3, 0xef, 0xff, 0xff, 0xff, 0xf8,
    0x00, 0x00, 0x00, 0x00, 0x00, 0x00, 0x07, 0xff,
    0xff, 0xef, 0xff, 0xf9, 0xff, 0xff, 0xf4, 0x00,
    0x00, 0x00, 0x00, 0x00, 0x00, 0x7f, 0xff, 0xff,
    0xff, 0xf7, 0x07, 0xff, 0xff, 0xe1, 0x00, 0x00,
    0x00, 0x00, 0x00, 0x07, 0xff, 0xff, 0xff, 0xf7,
    0x00, 0x0c, 0xff, 0xff, 0xb0, 0x00, 0x00, 0x00,
    0x00, 0x00, 0x7f, 0xff, 0xff, 0xf7, 0x00, 0x00,
    0x2f, 0xff, 0xff, 0x60, 0x00, 0x00, 0x00, 0x00,
    0x07, 0xff, 0xff, 0xf7, 0x00, 0x00, 0x00, 0x6f,
    0xff, 0xff, 0x30, 0x00, 0x00, 0x00, 0x00, 0x7f,
    0xff, 0xf7, 0x00, 0x00, 0x00, 0x00, 0xbf, 0xff,
    0xfd, 0x00, 0x00, 0x00, 0x00, 0x07, 0xff, 0xff,
    0x10, 0x00, 0x00, 0x00, 0x01, 0xef, 0xff, 0xf9,
    0x00, 0x00, 0x00, 0x00, 0x7f, 0xff, 0xf1, 0x00,
    0x00, 0x00, 0x00, 0x05, 0xff, 0xff, 0xf5, 0x00,
    0x00, 0x00, 0x07, 0xff, 0xff, 0x10, 0x00, 0x00,
    0x00, 0x00, 0x0a, 0xff, 0xff, 0xe1, 0x00, 0x00,
    0x00, 0x7f, 0xff, 0xf1, 0x00, 0x00, 0x00, 0x00,
    0x00, 0x0e, 0xff, 0xff, 0xc0, 0x00, 0x00, 0x07,
    0xff, 0xff, 0x10, 0x00, 0x00, 0x00, 0x00, 0x00,
    0x4f, 0xff, 0xff, 0x70, 0x00, 0x00, 0x7f, 0xff,
    0xf1, 0x00, 0x00, 0x00, 0x00, 0x00, 0x00, 0x9f,
    0xff, 0xff, 0x30, 0x00, 0x07, 0xff, 0xff, 0x10,
    0x00, 0x00, 0x00, 0x00, 0x00, 0x00, 0xdf, 0xff,
    0xfe, 0x10, 0x00, 0x7f, 0xff, 0xf1, 0x00, 0x00,
    0x00, 0x00, 0x00, 0x00, 0x03, 0xff, 0xff, 0xfa,
    0x00, 0x07, 0xff, 0xff, 0x10, 0x00, 0x00, 0x00,
    0x00, 0x00, 0x00, 0x07, 0xff, 0xff, 0xf6, 0x00,
    0x7f, 0xff, 0xf1, 0x00, 0x00, 0x00, 0x00, 0x00,
    0x00, 0x00, 0x0c, 0xff, 0xff, 0xf2, 0x07, 0xff,
    0xff, 0x10, 0x00, 0x00, 0x00, 0x00, 0x00, 0x00,
    0x00, 0x2f, 0xff, 0xff, 0xc0, 0x7f, 0xff, 0xf1,
    0x00, 0x00, 0x00, 0x00, 0x00, 0x00, 0x00, 0x00,
    0x6f, 0xff, 0xff, 0x80,

    /* U+004C "L" */
    0x7f, 0xff, 0xf1, 0x00, 0x00, 0x00, 0x00, 0x00,
    0x00, 0x00, 0x00, 0x7f, 0xff, 0xf1, 0x00, 0x00,
    0x00, 0x00, 0x00, 0x00, 0x00, 0x00, 0x7f, 0xff,
    0xf1, 0x00, 0x00, 0x00, 0x00, 0x00, 0x00, 0x00,
    0x00, 0x7f, 0xff, 0xf1, 0x00, 0x00, 0x00, 0x00,
    0x00, 0x00, 0x00, 0x00, 0x7f, 0xff, 0xf1, 0x00,
    0x00, 0x00, 0x00, 0x00, 0x00, 0x00, 0x00, 0x7f,
    0xff, 0xf1, 0x00, 0x00, 0x00, 0x00, 0x00, 0x00,
    0x00, 0x00, 0x7f, 0xff, 0xf1, 0x00, 0x00, 0x00,
    0x00, 0x00, 0x00, 0x00, 0x00, 0x7f, 0xff, 0xf1,
    0x00, 0x00, 0x00, 0x00, 0x00, 0x00, 0x00, 0x00,
    0x7f, 0xff, 0xf1, 0x00, 0x00, 0x00, 0x00, 0x00,
    0x00, 0x00, 0x00, 0x7f, 0xff, 0xf1, 0x00, 0x00,
    0x00, 0x00, 0x00, 0x00, 0x00, 0x00, 0x7f, 0xff,
    0xf1, 0x00, 0x00, 0x00, 0x00, 0x00, 0x00, 0x00,
    0x00, 0x7f, 0xff, 0xf1, 0x00, 0x00, 0x00, 0x00,
    0x00, 0x00, 0x00, 0x00, 0x7f, 0xff, 0xf1, 0x00,
    0x00, 0x00, 0x00, 0x00, 0x00, 0x00, 0x00, 0x7f,
    0xff, 0xf1, 0x00, 0x00, 0x00, 0x00, 0x00, 0x00,
    0x00, 0x00, 0x7f, 0xff, 0xf1, 0x00, 0x00, 0x00,
    0x00, 0x00, 0x00, 0x00, 0x00, 0x7f, 0xff, 0xf1,
    0x00, 0x00, 0x00, 0x00, 0x00, 0x00, 0x00, 0x00,
    0x7f, 0xff, 0xf1, 0x00, 0x00, 0x00, 0x00, 0x00,
    0x00, 0x00, 0x00, 0x7f, 0xff, 0xf1, 0x00, 0x00,
    0x00, 0x00, 0x00, 0x00, 0x00, 0x00, 0x7f, 0xff,
    0xf1, 0x00, 0x00, 0x00, 0x00, 0x00, 0x00, 0x00,
    0x00, 0x7f, 0xff, 0xf1, 0x00, 0x00, 0x00, 0x00,
    0x00, 0x00, 0x00, 0x00, 0x7f, 0xff, 0xf1, 0x00,
    0x00, 0x00, 0x00, 0x00, 0x00, 0x00, 0x00, 0x7f,
    0xff, 0xf1, 0x00, 0x00, 0x00, 0x00, 0x00, 0x00,
    0x00, 0x00, 0x7f, 0xff, 0xf1, 0x00, 0x00, 0x00,
    0x00, 0x00, 0x00, 0x00, 0x00, 0x7f, 0xff, 0xf1,
    0x00, 0x00, 0x00, 0x00, 0x00, 0x00, 0x00, 0x00,
    0x7f, 0xff, 0xf1, 0x00, 0x00, 0x00, 0x00, 0x00,
    0x00, 0x00, 0x00, 0x7f, 0xff, 0xf1, 0x00, 0x00,
    0x00, 0x00, 0x00, 0x00, 0x00, 0x00, 0x7f, 0xff,
    0xf1, 0x00, 0x00, 0x00, 0x00, 0x00, 0x00, 0x00,
    0x00, 0x7f, 0xff, 0xf1, 0x00, 0x00, 0x00, 0x00,
    0x00, 0x00, 0x00, 0x00, 0x7f, 0xff, 0xf1, 0x00,
    0x00, 0x00, 0x00, 0x00, 0x00, 0x00, 0x00, 0x7f,
    0xff, 0xf1, 0x00, 0x00, 0x00, 0x00, 0x00, 0x00,
    0x00, 0x00, 0x7f, 0xff, 0xf3, 0x22, 0x22, 0x22,
    0x22, 0x22, 0x22, 0x22, 0x22, 0x7f, 0xff, 0xff,
    0xff, 0xff, 0xff, 0xff, 0xff, 0xff, 0xff, 0xff,
    0x7f, 0xff, 0xff, 0xff, 0xff, 0xff, 0xff, 0xff,
    0xff, 0xff, 0xff, 0x7f, 0xff, 0xff, 0xff, 0xff,
    0xff, 0xff, 0xff, 0xff, 0xff, 0xff, 0x7f, 0xff,
    0xff, 0xff, 0xff, 0xff, 0xff, 0xff, 0xff, 0xff,
    0xff,

    /* U+004D "M" */
    0x7f, 0xff, 0xff, 0xf9, 0x00, 0x00, 0x00, 0x00,
    0x00, 0x00, 0x00, 0x00, 0x00, 0x0e, 0xff, 0xff,
    0xf5, 0x7f, 0xff, 0xff, 0xfe, 0x00, 0x00, 0x00,
    0x00, 0x00, 0x00, 0x00, 0x00, 0x00, 0x4f, 0xff,
    0xff, 0xf5, 0x7f, 0xff, 0xff, 0xff, 0x30, 0x00,
    0x00, 0x00, 0x00, 0x00, 0x00, 0x00, 0x00, 0x9f,
    0xff, 0xff, 0xf5, 0x7f, 0xff, 0xff, 0xff, 0x80,
    0x00, 0x00, 0x00, 0x00, 0x00, 0x00, 0x00, 0x00,
    0xef, 0xff, 0xff, 0xf5, 0x7f, 0xff, 0xff, 0xff,
    0xe0, 0x00, 0x00, 0x00, 0x00, 0x00, 0x00, 0x00,
    0x04, 0xff, 0xff, 0xff, 0xf5, 0x7f, 0xff, 0xfe,
    0xff, 0xf3, 0x00, 0x00, 0x00, 0x00, 0x00, 0x00,
    0x00, 0x09, 0xff, 0xff, 0xff, 0xf5, 0x7f, 0xff,
    0xf9, 0xff, 0xf8, 0x00, 0x00, 0x00, 0x00, 0x00,
    0x00, 0x00, 0x0e, 0xff, 0xbf, 0xff, 0xf5, 0x7f,
    0xff, 0xf4, 0xff, 0xfd, 0x00, 0x00, 0x00, 0x00,
    0x00, 0x00, 0x00, 0x4f, 0xff, 0x6f, 0xff, 0xf5,
    0x7f, 0xff, 0xf0, 0xef, 0xff, 0x30, 0x00, 0x00,
    0x00, 0x00, 0x00, 0x00, 0xaf, 0xff, 0x1f, 0xff,
    0xf5, 0x7f, 0xff, 0xf0, 0x9f, 0xff, 0x80, 0x00,
    0x00, 0x00, 0x00, 0x00, 0x00, 0xff, 0xfa, 0x0f,
    0xff, 0xf5, 0x7f, 0xff, 0xf0, 0x4f, 0xff, 0xd0,
    0x00, 0x00, 0x00, 0x00, 0x00, 0x04, 0xff, 0xf5,
    0x0f, 0xff, 0xf5, 0x7f, 0xff, 0xf0, 0x0e, 0xff,
    0xf2, 0x00, 0x00, 0x00, 0x00, 0x00, 0x0a, 0xff,
    0xf0, 0x0f, 0xff, 0xf5, 0x7f, 0xff, 0xf0, 0x09,
    0xff, 0xf8, 0x00, 0x00, 0x00, 0x00, 0x00, 0x0f,
    0xff, 0xa0, 0x0f, 0xff, 0xf5, 0x7f, 0xff, 0xf0,
    0x04, 0xff, 0xfd, 0x00, 0x00, 0x00, 0x00, 0x00,
    0x5f, 0xff, 0x40, 0x0f, 0xff, 0xf5, 0x7f, 0xff,
    0xf0, 0x00, 0xef, 0xff, 0x20, 0x00, 0x00, 0x00,
    0x00, 0xaf, 0xff, 0x00, 0x0f, 0xff, 0xf5, 0x7f,
    0xff, 0xf0, 0x00, 0x9f, 0xff, 0x70, 0x00, 0x00,
    0x00, 0x00, 0xff, 0xfa, 0x00, 0x0f, 0xff, 0xf5,
    0x7f, 0xff, 0xf0, 0x00, 0x4f, 0xff, 0xd0, 0x00,
    0x00, 0x00, 0x05, 0xff, 0xf4, 0x00, 0x0f, 0xff,
    0xf5, 0x7f, 0xff, 0xf0, 0x00, 0x0e, 0xff, 0xf2,
    0x00, 0x00, 0x00, 0x0a, 0xff, 0xe0, 0x00, 0x0f,
    0xff, 0xf5, 0x7f, 0xff, 0xf0, 0x00, 0x09, 0xff,
    0xf7, 0x00, 0x00, 0x00, 0x0f, 0xff, 0x90, 0x00,
    0x0f, 0xff, 0xf5, 0x7f, 0xff, 0xf0, 0x00, 0x04,
    0xff, 0xfc, 0x00, 0x00, 0x00, 0x5f, 0xff, 0x40,
    0x00, 0x0f, 0xff, 0xf5, 0x7f, 0xff, 0xf0, 0x00,
    0x00, 0xef, 0xff, 0x20, 0x00, 0x00, 0xaf, 0xfe,
    0x00, 0x00, 0x0f, 0xff, 0xf5, 0x7f, 0xff, 0xf0,
    0x00, 0x00, 0x9f, 0xff, 0x70, 0x00, 0x00, 0xff,
    0xf9, 0x00, 0x00, 0x0f, 0xff, 0xf5, 0x7f, 0xff,
    0xf0, 0x00, 0x00, 0x4f, 0xff, 0xc0, 0x00, 0x05,
    0xff, 0xf3, 0x00, 0x00, 0x0f, 0xff, 0xf5, 0x7f,
    0xff, 0xf0, 0x00, 0x00, 0x0e, 0xff, 0xf2, 0x00,
    0x0b, 0xff, 0xe0, 0x00, 0x00, 0x0f, 0xff, 0xf5,
    0x7f, 0xff, 0xf0, 0x00, 0x00, 0x09, 0xff, 0xf7,
    0x00, 0x0f, 0xff, 0x80, 0x00, 0x00, 0x0f, 0xff,
    0xf5, 0x7f, 0xff, 0xf0, 0x00, 0x00, 0x04, 0xff,
    0xfc, 0x00, 0x5f, 0xff, 0x30, 0x00, 0x00, 0x0f,
    0xff, 0xf5, 0x7f, 0xff, 0xf0, 0x00, 0x00, 0x00,
    0xef, 0xff, 0x10, 0xbf, 0xfe, 0x00, 0x00, 0x00,
    0x0f, 0xff, 0xf5, 0x7f, 0xff, 0xf0, 0x00, 0x00,
    0x00, 0x9f, 0xff, 0x60, 0xff, 0xf8, 0x00, 0x00,
    0x00, 0x0f, 0xff, 0xf5, 0x7f, 0xff, 0xf0, 0x00,
    0x00, 0x00, 0x4f, 0xff, 0xb5, 0xff, 0xf3, 0x00,
    0x00, 0x00, 0x0f, 0xff, 0xf5, 0x7f, 0xff, 0xf0,
    0x00, 0x00, 0x00, 0x0e, 0xff, 0xfb, 0xff, 0xd0,
    0x00, 0x00, 0x00, 0x0f, 0xff, 0xf5, 0x7f, 0xff,
    0xf0, 0x00, 0x00, 0x00, 0x09, 0xff, 0xff, 0xff,
    0x80, 0x00, 0x00, 0x00, 0x0f, 0xff, 0xf5, 0x7f,
    0xff, 0xf0, 0x00, 0x00, 0x00, 0x04, 0xff, 0xff,
    0xff, 0x20, 0x00, 0x00, 0x00, 0x0f, 0xff, 0xf5,
    0x7f, 0xff, 0xf0, 0x00, 0x00, 0x00, 0x00, 0xef,
    0xff, 0xfd, 0x00, 0x00, 0x00, 0x00, 0x0f, 0xff,
    0xf5, 0x7f, 0xff, 0xf0, 0x00, 0x00, 0x00, 0x00,
    0x9f, 0xff, 0xf7, 0x00, 0x00, 0x00, 0x00, 0x0f,
    0xff, 0xf5, 0x7f, 0xff, 0xf0, 0x00, 0x00, 0x00,
    0x00, 0x4f, 0xff, 0xf2, 0x00, 0x00, 0x00, 0x00,
    0x0f, 0xff, 0xf5,

    /* U+004E "N" */
    0x5f, 0xff, 0xfa, 0x00, 0x00, 0x00, 0x00, 0x00,
    0x00, 0x00, 0x00, 0x0a, 0xff, 0xfb, 0x5f, 0xff,
    0xff, 0x50, 0x00, 0x00, 0x00, 0x00, 0x00, 0x00,
    0x00, 0x0a, 0xff, 0xfb, 0x5f, 0xff, 0xff, 0xe1,
    0x00, 0x00, 0x00, 0x00, 0x00, 0x00, 0x00, 0x0a,
    0xff, 0xfb, 0x5f, 0xff, 0xff, 0xfa, 0x00, 0x00,
    0x00, 0x00, 0x00, 0x00, 0x00, 0x0a, 0xff, 0xfb,
    0x5f, 0xff, 0xff, 0xff, 0x40, 0x00, 0x00, 0x00,
    0x00, 0x00, 0x00, 0x0a, 0xff, 0xfb, 0x5f, 0xff,
    0xff, 0xff, 0xe0, 0x00, 0x00, 0x00, 0x00, 0x00,
    0x00, 0x0a, 0xff, 0xfb, 0x5f, 0xff, 0xff, 0xff,
    0xf9, 0x00, 0x00, 0x00, 0x00, 0x00, 0x00, 0x0a,
    0xff, 0xfb, 0x5f, 0xff, 0xfe, 0xff, 0xff, 0x40,
    0x00, 0x00, 0x00, 0x00, 0x00, 0x0a, 0xff, 0xfb,
    0x5f, 0xff, 0xf5, 0xff, 0xff, 0xd0, 0x00, 0x00,
    0x00, 0x00, 0x00, 0x0a, 0xff, 0xfb, 0x5f, 0xff,
    0xf0, 0xaf, 0xff, 0xf9, 0x00, 0x00, 0x00, 0x00,
    0x00, 0x0a, 0xff, 0xfb, 0x5f, 0xff, 0xf0, 0x1e,
    0xff, 0xff, 0x30, 0x00, 0x00, 0x00, 0x00, 0x0a,
    0xff, 0xfb, 0x5f, 0xff, 0xf0, 0x05, 0xff, 0xff,
    0xd0, 0x00, 0x00, 0x00, 0x00, 0x0a, 0xff, 0xfb,
    0x5f, 0xff, 0xf0, 0x00, 0xbf, 0xff, 0xf8, 0x00,
    0x00, 0x00, 0x00, 0x0a, 0xff, 0xfb, 0x5f, 0xff,
    0xf0, 0x00, 0x1f, 0xff, 0xff, 0x30, 0x00, 0x00,
    0x00, 0x0a, 0xff, 0xfb, 0x5f, 0xff, 0xf0, 0x00,
    0x06, 0xff, 0xff, 0xd0, 0x00, 0x00, 0x00, 0x0a,
    0xff, 0xfb, 0x5f, 0xff, 0xf0, 0x00, 0x00, 0xbf,
    0xff, 0xf8, 0x00, 0x00, 0x00, 0x0a, 0xff, 0xfb,
    0x5f, 0xff, 0xf0, 0x00, 0x00, 0x2f, 0xff, 0xff,
    0x20, 0x00, 0x00, 0x0a, 0xff, 0xfb, 0x5f, 0xff,
    0xf0, 0x00, 0x00, 0x06, 0xff, 0xff, 0xc0, 0x00,
    0x00, 0x0a, 0xff, 0xfb, 0x5f, 0xff, 0xf0, 0x00,
    0x00, 0x00, 0xcf, 0xff, 0xf7, 0x00, 0x00, 0x0a,
    0xff, 0xfb, 0x5f, 0xff, 0xf0, 0x00, 0x00, 0x00,
    0x2f, 0xff, 0xff, 0x20, 0x00, 0x0a, 0xff, 0xfb,
    0x5f, 0xff, 0xf0, 0x00, 0x00, 0x00, 0x07, 0xff,
    0xff, 0xc0, 0x00, 0x0a, 0xff, 0xfb, 0x5f, 0xff,
    0xf0, 0x00, 0x00, 0x00, 0x00, 0xcf, 0xff, 0xf7,
    0x00, 0x0a, 0xff, 0xfb, 0x5f, 0xff, 0xf0, 0x00,
    0x00, 0x00, 0x00, 0x2f, 0xff, 0xff, 0x20, 0x0a,
    0xff, 0xfb, 0x5f, 0xff, 0xf0, 0x00, 0x00, 0x00,
    0x00, 0x07, 0xff, 0xff, 0xc0, 0x0a, 0xff, 0xfb,
    0x5f, 0xff, 0xf0, 0x00, 0x00, 0x00, 0x00, 0x00,
    0xcf, 0xff, 0xf6, 0x0a, 0xff, 0xfb, 0x5f, 0xff,
    0xf0, 0x00, 0x00, 0x00, 0x00, 0x00, 0x3f, 0xff,
    0xff, 0x1a, 0xff, 0xfb, 0x5f, 0xff, 0xf0, 0x00,
    0x00, 0x00, 0x00, 0x00, 0x08, 0xff, 0xff, 0xba,
    0xff, 0xfb, 0x5f, 0xff, 0xf0, 0x00, 0x00, 0x00,
    0x00, 0x00, 0x00, 0xdf, 0xff, 0xfe, 0xff, 0xfb,
    0x5f, 0xff, 0xf0, 0x00, 0x00, 0x00, 0x00, 0x00,
    0x00, 0x3f, 0xff, 0xff, 0xff, 0xfb, 0x5f, 0xff,
    0xf0, 0x00, 0x00, 0x00, 0x00, 0x00, 0x00, 0x08,
    0xff, 0xff, 0xff, 0xfb, 0x5f, 0xff, 0xf0, 0x00,
    0x00, 0x00, 0x00, 0x00, 0x00, 0x00, 0xdf, 0xff,
    0xff, 0xfb, 0x5f, 0xff, 0xf0, 0x00, 0x00, 0x00,
    0x00, 0x00, 0x00, 0x00, 0x3f, 0xff, 0xff, 0xfb,
    0x5f, 0xff, 0xf0, 0x00, 0x00, 0x00, 0x00, 0x00,
    0x00, 0x00, 0x09, 0xff, 0xff, 0xfb, 0x5f, 0xff,
    0xf0, 0x00, 0x00, 0x00, 0x00, 0x00, 0x00, 0x00,
    0x00, 0xef, 0xff, 0xfb, 0x5f, 0xff, 0xf0, 0x00,
    0x00, 0x00, 0x00, 0x00, 0x00, 0x00, 0x00, 0x4f,
    0xff, 0xfb,

    /* U+004F "O" */
    0x00, 0x00, 0x00, 0x00, 0x00, 0x00, 0x03, 0x57,
    0x77, 0x64, 0x10, 0x00, 0x00, 0x00, 0x00, 0x00,
    0x00, 0x00, 0x00, 0x00, 0x00, 0x00, 0x6b, 0xff,
    0xff, 0xff, 0xff, 0xfd, 0x82, 0x00, 0x00, 0x00,
    0x00, 0x00, 0x00, 0x00, 0x00, 0x00, 0x6e, 0xff,
    0xff, 0xff, 0xff, 0xff, 0xff, 0xff, 0xa2, 0x00,
    0x00, 0x00, 0x00, 0x00, 0x00, 0x00, 0x1c, 0xff,
    0xff, 0xff, 0xff, 0xff, 0xff, 0xff, 0xff, 0xff,
    0x60, 0x00, 0x00, 0x00, 0x00, 0x00, 0x03, 0xef,
    0xff, 0xff, 0xff, 0xb9, 0x88, 0xad, 0xff, 0xff,
    0xff, 0xf9, 0x00, 0x00, 0x00, 0x00, 0x00, 0x3f,
    0xff, 0xff, 0xfc, 0x40, 0x00, 0x00, 0x00, 0x17,
    0xff, 0xff, 0xff, 0xa0, 0x00, 0x00, 0x00, 0x01,
    0xef, 0xff, 0xfe, 0x40, 0x00, 0x00, 0x00, 0x00,
    0x00, 0x1a, 0xff, 0xff, 0xf7, 0x00, 0x00, 0x00,
    0x0b, 0xff, 0xff, 0xc1, 0x00, 0x00, 0x00, 0x00,
    0x00, 0x00, 0x00, 0x8f, 0xff, 0xff, 0x30, 0x00,
    0x00, 0x4f, 0xff, 0xfd, 0x10, 0x00, 0x00, 0x00,
    0x00, 0x00, 0x00, 0x00, 0x09, 0xff, 0xff, 0xc0,
    0x00, 0x00, 0xcf, 0xff, 0xf3, 0x00, 0x00, 0x00,
    0x00, 0x00, 0x00, 0x00, 0x00, 0x00, 0xdf, 0xff,
    0xf4, 0x00, 0x03, 0xff, 0xff, 0x90, 0x00, 0x00,
    0x00, 0x00, 0x00, 0x00, 0x00, 0x00, 0x00, 0x4f,
    0xff, 0xfb, 0x00, 0x09, 0xff, 0xff, 0x20, 0x00,
    0x00, 0x00, 0x00, 0x00, 0x00, 0x00, 0x00, 0x00,
    0x0c, 0xff, 0xff, 0x10, 0x0e, 0xff, 0xfd, 0x00,
    0x00, 0x00, 0x00, 0x00, 0x00, 0x00, 0x00, 0x00,
    0x00, 0x06, 0xff, 0xff, 0x50, 0x1f, 0xff, 0xf9,
    0x00, 0x00, 0x00, 0x00, 0x00, 0x00, 0x00, 0x00,
    0x00, 0x00, 0x01, 0xff, 0xff, 0xa0, 0x5f, 0xff,
    0xf6, 0x00, 0x00, 0x00, 0x00, 0x00, 0x00, 0x00,
    0x00, 0x00, 0x00, 0x00, 0xef, 0xff, 0xd0, 0x7f,
    0xff, 0xf3, 0x00, 0x00, 0x00, 0x00, 0x00, 0x00,
    0x00, 0x00, 0x00, 0x00, 0x00, 0xbf, 0xff, 0xf0,
    0x9f, 0xff, 0xf2, 0x00, 0x00, 0x00, 0x00, 0x00,
    0x00, 0x00, 0x00, 0x00, 0x00, 0x00, 0x9f, 0xff,
    0xf1, 0xaf, 0xff, 0xf0, 0x00, 0x00, 0x00, 0x00,
    0x00, 0x00, 0x00, 0x00, 0x00, 0x00, 0x00, 0x8f,
    0xff, 0xf2, 0xaf, 0xff, 0xf0, 0x00, 0x00, 0x00,
    0x00, 0x00, 0x00, 0x00, 0x00, 0x00, 0x00, 0x00,
    0x8f, 0xff, 0xf2, 0xaf, 0xff, 0xf0, 0x00, 0x00,
    0x00, 0x00, 0x00, 0x00, 0x00, 0x00, 0x00, 0x00,
    0x00, 0x9f, 0xff, 0xf2, 0x9f, 0xff, 0xf1, 0x00,
    0x00, 0x00, 0x00, 0x00, 0x00, 0x00, 0x00, 0x00,
    0x00, 0x00, 0xaf, 0xff, 0xf1, 0x8f, 0xff, 0xf2,
    0x00, 0x00, 0x00, 0x00, 0x00, 0x00, 0x00, 0x00,
    0x00, 0x00, 0x00, 0xbf, 0xff, 0xf0, 0x5f, 0xff,
    0xf5, 0x00, 0x00, 0x00, 0x00, 0x00, 0x00, 0x00,
    0x00, 0x00, 0x00, 0x00, 0xef, 0xff, 0xd0, 0x2f,
    0xff, 0xf9, 0x00, 0x00, 0x00, 0x00, 0x00, 0x00,
    0x00, 0x00, 0x00, 0x00, 0x01, 0xff, 0xff, 0xa0,
    0x0d, 0xff, 0xfd, 0x00, 0x00, 0x00, 0x00, 0x00,
    0x00, 0x00, 0x00, 0x00, 0x00, 0x05, 0xff, 0xff,
    0x60, 0x09, 0xff, 0xff, 0x30, 0x00, 0x00, 0x00,
    0x00, 0x00, 0x00, 0x00, 0x00, 0x00, 0x0c, 0xff,
    0xff, 0x10, 0x02, 0xff, 0xff, 0xa0, 0x00, 0x00,
    0x00, 0x00, 0x00, 0x00, 0x00, 0x00, 0x00, 0x3f,
    0xff, 0xfb, 0x00, 0x00, 0xcf, 0xff, 0xf4, 0x00,
    0x00, 0x00, 0x00, 0x00, 0x00, 0x00, 0x00, 0x00,
    0xcf, 0xff, 0xf4, 0x00, 0x00, 0x3f, 0xff, 0xfe,
    0x10, 0x00, 0x00, 0x00, 0x00, 0x00, 0x00, 0x00,
    0x08, 0xff, 0xff, 0xc0, 0x00, 0x00, 0x0a, 0xff,
    0xff, 0xd2, 0x00, 0x00, 0x00, 0x00, 0x00, 0x00,
    0x00, 0x8f, 0xff, 0xff, 0x30, 0x00, 0x00, 0x00,
    0xdf, 0xff, 0xfe, 0x40, 0x00, 0x00, 0x00, 0x00,
    0x00, 0x1a, 0xff, 0xff, 0xf7, 0x00, 0x00, 0x00,
    0x00, 0x2e, 0xff, 0xff, 0xfb, 0x40, 0x00, 0x00,
    0x00, 0x17, 0xef, 0xff, 0xff, 0xa0, 0x00, 0x00,
    0x00, 0x00, 0x02, 0xef, 0xff, 0xff, 0xfe, 0xa9,
    0x78, 0xac, 0xff, 0xff, 0xff, 0xfa, 0x00, 0x00,
    0x00, 0x00, 0x00, 0x00, 0x1b, 0xff, 0xff, 0xff,
    0xff, 0xff, 0xff, 0xff, 0xff, 0xff, 0x60, 0x00,
    0x00, 0x00, 0x00, 0x00, 0x00, 0x00, 0x5d, 0xff,
    0xff, 0xff, 0xff, 0xff, 0xff, 0xff, 0xa2, 0x00,
    0x00, 0x00, 0x00, 0x00, 0x00, 0x00, 0x00, 0x00,
    0x5a, 0xff, 0xff, 0xff, 0xff, 0xfd, 0x82, 0x00,
    0x00, 0x00, 0x00, 0x00, 0x00, 0x00, 0x00, 0x00,
    0x00, 0x00, 0x02, 0x56, 0x77, 0x64, 0x10, 0x00,
    0x00, 0x00, 0x00, 0x00, 0x00,

    /* U+0050 "P" */
    0x4f, 0xff, 0xff, 0xff, 0xff, 0xff, 0xff, 0xff,
    0xed, 0xb8, 0x30, 0x00, 0x00, 0x04, 0xff, 0xff,
    0xff, 0xff, 0xff, 0xff, 0xff, 0xff, 0xff, 0xff,
    0xd5, 0x00, 0x00, 0x4f, 0xff, 0xff, 0xff, 0xff,
    0xff, 0xff, 0xff, 0xff, 0xff, 0xff, 0xfa, 0x00,
    0x04, 0xff, 0xff, 0xff, 0xff, 0xff, 0xff, 0xff,
    0xff, 0xff, 0xff, 0xff, 0xfa, 0x00, 0x4f, 0xff,
    0xf5, 0x22, 0x22, 0x22, 0x22, 0x22, 0x35, 0x8e,
    0xff, 0xff, 0xf5, 0x04, 0xff, 0xff, 0x40, 0x00,
    0x00, 0x00, 0x00, 0x00, 0x00, 0x1c, 0xff, 0xff,
    0xe0, 0x4f, 0xff, 0xf4, 0x00, 0x00, 0x00, 0x00,
    0x00, 0x00, 0x00, 0x0d, 0xff, 0xff, 0x54, 0xff,
    0xff, 0x40, 0x00, 0x00, 0x00, 0x00, 0x00, 0x00,
    0x00, 0x5f, 0xff, 0xf9, 0x4f, 0xff, 0xf4, 0x00,
    0x00, 0x00, 0x00, 0x00, 0x00, 0x00, 0x00, 0xff,
    0xff, 0xc4, 0xff, 0xff, 0x40, 0x00, 0x00, 0x00,
    0x00, 0x00, 0x00, 0x00, 0x0d, 0xff, 0xfe, 0x4f,
    0xff, 0xf4, 0x00, 0x00, 0x00, 0x00, 0x00, 0x00,
    0x00, 0x00, 0xcf, 0xff, 0xe4, 0xff, 0xff, 0x40,
    0x00, 0x00, 0x00, 0x00, 0x00, 0x00, 0x00, 0x0d,
    0xff, 0xfd, 0x4f, 0xff, 0xf4, 0x00, 0x00, 0x00,
    0x00, 0x00, 0x00, 0x00, 0x01, 0xff, 0xff, 0xb4,
    0xff, 0xff, 0x40, 0x00, 0x00, 0x00, 0x00, 0x00,
    0x00, 0x00, 0x6f, 0xff, 0xf7, 0x4f, 0xff, 0xf4,
    0x00, 0x00, 0x00, 0x00, 0x00, 0x00, 0x00, 0x2e,
    0xff, 0xff, 0x24, 0xff, 0xff, 0x40, 0x00, 0x00,
    0x00, 0x00, 0x00, 0x00, 0x3e, 0xff, 0xff, 0xb0,
    0x4f, 0xff, 0xf5, 0x22, 0x22, 0x22, 0x22, 0x23,
    0x47, 0xcf, 0xff, 0xff, 0xf2, 0x04, 0xff, 0xff,
    0xff, 0xff, 0xff, 0xff, 0xff, 0xff, 0xff, 0xff,
    0xff, 0xf6, 0x00, 0x4f, 0xff, 0xff, 0xff, 0xff,
    0xff, 0xff, 0xff, 0xff, 0xff, 0xff, 0xf7, 0x00,
    0x04, 0xff, 0xff, 0xff, 0xff, 0xff, 0xff, 0xff,
    0xff, 0xff, 0xff, 0xb3, 0x00, 0x00, 0x4f, 0xff,
    0xff, 0xff, 0xff, 0xff, 0xff, 0xff, 0xec, 0xa6,
    0x10, 0x00, 0x00, 0x04, 0xff, 0xff, 0x40, 0x00,
    0x00, 0x00, 0x00, 0x00, 0x00, 0x00, 0x00, 0x00,
    0x00, 0x4f, 0xff, 0xf4, 0x00, 0x00, 0x00, 0x00,
    0x00, 0x00, 0x00, 0x00, 0x00, 0x00, 0x04, 0xff,
    0xff, 0x40, 0x00, 0x00, 0x00, 0x00, 0x00, 0x00,
    0x00, 0x00, 0x00, 0x00, 0x4f, 0xff, 0xf4, 0x00,
    0x00, 0x00, 0x00, 0x00, 0x00, 0x00, 0x00, 0x00,
    0x00, 0x04, 0xff, 0xff, 0x40, 0x00, 0x00, 0x00,
    0x00, 0x00, 0x00, 0x00, 0x00, 0x00, 0x00, 0x4f,
    0xff, 0xf4, 0x00, 0x00, 0x00, 0x00, 0x00, 0x00,
    0x00, 0x00, 0x00, 0x00, 0x04, 0xff, 0xff, 0x40,
    0x00, 0x00, 0x00, 0x00, 0x00, 0x00, 0x00, 0x00,
    0x00, 0x00, 0x4f, 0xff, 0xf4, 0x00, 0x00, 0x00,
    0x00, 0x00, 0x00, 0x00, 0x00, 0x00, 0x00, 0x04,
    0xff, 0xff, 0x40, 0x00, 0x00, 0x00, 0x00, 0x00,
    0x00, 0x00, 0x00, 0x00, 0x00, 0x4f, 0xff, 0xf4,
    0x00, 0x00, 0x00, 0x00, 0x00, 0x00, 0x00, 0x00,
    0x00, 0x00, 0x04, 0xff, 0xff, 0x40, 0x00, 0x00,
    0x00, 0x00, 0x00, 0x00, 0x00, 0x00, 0x00, 0x00,
    0x4f, 0xff, 0xf4, 0x00, 0x00, 0x00, 0x00, 0x00,
    0x00, 0x00, 0x00, 0x00, 0x00, 0x04, 0xff, 0xff,
    0x40, 0x00, 0x00, 0x00, 0x00, 0x00, 0x00, 0x00,
    0x00, 0x00, 0x00, 0x4f, 0xff, 0xf4, 0x00, 0x00,
    0x00, 0x00, 0x00, 0x00, 0x00, 0x00, 0x00, 0x00,
    0x00,

    /* U+0051 "Q" */
    0x00, 0x00, 0x00, 0x00, 0x00, 0x00, 0x03, 0x56,
    0x77, 0x53, 0x00, 0x00, 0x00, 0x00, 0x00, 0x00,
    0x00, 0x00, 0x00, 0x00, 0x00, 0x01, 0x6c, 0xff,
    0xff, 0xff, 0xff, 0xfc, 0x61, 0x00, 0x00, 0x00,
    0x00, 0x00, 0x00, 0x00, 0x00, 0x00, 0x8f, 0xff,
    0xff, 0xff, 0xff, 0xff, 0xff, 0xff, 0x80, 0x00,
    0x00, 0x00, 0x00, 0x00, 0x00, 0x00, 0x4e, 0xff,
    0xff, 0xff, 0xff, 0xff, 0xff, 0xff, 0xff, 0xfd,
    0x30, 0x00, 0x00, 0x00, 0x00, 0x00, 0x06, 0xff,
    0xff, 0xff, 0xfe, 0xb9, 0x89, 0xae, 0xff, 0xff,
    0xff, 0xf5, 0x00, 0x00, 0x00, 0x00, 0x00, 0x6f,
    0xff, 0xff, 0xf9, 0x30, 0x00, 0x00, 0x00, 0x39,
    0xff, 0xff, 0xff, 0x60, 0x00, 0x00, 0x00, 0x03,
    0xff, 0xff, 0xfc, 0x20, 0x00, 0x00, 0x00, 0x00,
    0x00, 0x2d, 0xff, 0xff, 0xf3, 0x00, 0x00, 0x00,
    0x0e, 0xff, 0xff, 0xa0, 0x00, 0x00, 0x00, 0x00,
    0x00, 0x00, 0x00, 0xbf, 0xff, 0xfe, 0x00, 0x00,
    0x00, 0x8f, 0xff, 0xfb, 0x00, 0x00, 0x00, 0x00,
    0x00, 0x00, 0x00, 0x00, 0x0c, 0xff, 0xff, 0x80,
    0x00, 0x01, 0xff, 0xff, 0xe1, 0x00, 0x00, 0x00,
    0x00, 0x00, 0x00, 0x00, 0x00, 0x02, 0xff, 0xff,
    0xf1, 0x00, 0x07, 0xff, 0xff, 0x60, 0x00, 0x00,
    0x00, 0x00, 0x00, 0x00, 0x00, 0x00, 0x00, 0x8f,
    0xff, 0xf7, 0x00, 0x0d, 0xff, 0xfe, 0x00, 0x00,
    0x00, 0x00, 0x00, 0x00, 0x00, 0x00, 0x00, 0x00,
    0x1f, 0xff, 0xfd, 0x00, 0x1f, 0xff, 0xf9, 0x00,
    0x00, 0x00, 0x00, 0x00, 0x00, 0x00, 0x00, 0x00,
    0x00, 0x0a, 0xff, 0xff, 0x10, 0x6f, 0xff, 0xf5,
    0x00, 0x00, 0x00, 0x00, 0x00, 0x00, 0x00, 0x00,
    0x00, 0x00, 0x06, 0xff, 0xff, 0x60, 0x9f, 0xff,
    0xf1, 0x00, 0x00, 0x00, 0x00, 0x00, 0x00, 0x00,
    0x00, 0x00, 0x00, 0x02, 0xff, 0xff, 0x90, 0xbf,
    0xff, 0xf0, 0x00, 0x00, 0x00, 0x00, 0x00, 0x00,
    0x00, 0x00, 0x00, 0x00, 0x00, 0xff, 0xff, 0xb0,
    0xdf, 0xff, 0xe0, 0x00, 0x00, 0x00, 0x00, 0x00,
    0x00, 0x00, 0x00, 0x00, 0x00, 0x00, 0xdf, 0xff,
    0xd0, 0xef, 0xff, 0xd0, 0x00, 0x00, 0x00, 0x00,
    0x00, 0x00, 0x00, 0x00, 0x00, 0x00, 0x00, 0xcf,
    0xff, 0xd0, 0xef, 0xff, 0xc0, 0x00, 0x00, 0x00,
    0x00, 0x00, 0x00, 0x00, 0x00, 0x00, 0x00, 0x00,
    0xcf, 0xff, 0xe0, 0xef, 0xff, 0xd0, 0x00, 0x00,
    0x00, 0x00, 0x00, 0x00, 0x00, 0x00, 0x00, 0x00,
    0x00, 0xdf, 0xff, 0xe0, 0xdf, 0xff, 0xe0, 0x00,
    0x00, 0x00, 0x00, 0x00, 0x00, 0x00, 0x00, 0x00,
    0x00, 0x00, 0xef, 0xff, 0xd0, 0xbf, 0xff, 0xf0,
    0x00, 0x00, 0x00, 0x00, 0x00, 0x00, 0x00, 0x00,
    0x00, 0x00, 0x00, 0xff, 0xff, 0xb0, 0x9f, 0xff,
    0xf2, 0x00, 0x00, 0x00, 0x00, 0x00, 0x00, 0x00,
    0x00, 0x00, 0x00, 0x02, 0xff, 0xff, 0x90, 0x6f,
    0xff, 0xf5, 0x00, 0x00, 0x00, 0x00, 0x00, 0x00,
    0x00, 0x00, 0x00, 0x00, 0x06, 0xff, 0xff, 0x60,
    0x2f, 0xff, 0xf9, 0x00, 0x00, 0x00, 0x00, 0x00,
    0x00, 0x00, 0x00, 0x00, 0x00, 0x0a, 0xff, 0xff,
    0x20, 0x0d, 0xff, 0xff, 0x00, 0x00, 0x00, 0x00,
    0x00, 0x00, 0x00, 0x00, 0x00, 0x00, 0x1f, 0xff,
    0xfd, 0x00, 0x07, 0xff, 0xff, 0x70, 0x00, 0x00,
    0x00, 0x00, 0x04, 0x82, 0x00, 0x00, 0x00, 0x8f,
    0xff, 0xf7, 0x00, 0x01, 0xff, 0xff, 0xe1, 0x00,
    0x00, 0x00, 0x00, 0x0a, 0xff, 0xb4, 0x00, 0x01,
    0xff, 0xff, 0xf1, 0x00, 0x00, 0x8f, 0xff, 0xfc,
    0x00, 0x00, 0x00, 0x00, 0x0f, 0xff, 0xff, 0xa1,
    0x0c, 0xff, 0xff, 0x80, 0x00, 0x00, 0x0d, 0xff,
    0xff, 0xb0, 0x00, 0x00, 0x00, 0x2e, 0xff, 0xff,
    0xfe, 0xbf, 0xff, 0xfe, 0x00, 0x00, 0x00, 0x03,
    0xff, 0xff, 0xfc, 0x20, 0x00, 0x00, 0x00, 0x4b,
    0xff, 0xff, 0xff, 0xff, 0xf3, 0x00, 0x00, 0x00,
    0x00, 0x5f, 0xff, 0xff, 0xf9, 0x20, 0x00, 0x00,
    0x00, 0x7f, 0xff, 0xff, 0xff, 0x50, 0x00, 0x00,
    0x00, 0x00, 0x05, 0xff, 0xff, 0xff, 0xfd, 0xa9,
    0x78, 0xae, 0xff, 0xff, 0xff, 0xff, 0x50, 0x00,
    0x00, 0x00, 0x00, 0x00, 0x3d, 0xff, 0xff, 0xff,
    0xff, 0xff, 0xff, 0xff, 0xff, 0xff, 0xff, 0xfa,
    0x10, 0x00, 0x00, 0x00, 0x00, 0x00, 0x8f, 0xff,
    0xff, 0xff, 0xff, 0xff, 0xff, 0xfe, 0x8c, 0xff,
    0xff, 0xf8, 0x10, 0x00, 0x00, 0x00, 0x00, 0x01,
    0x6c, 0xff, 0xff, 0xff, 0xff, 0xfb, 0x60, 0x00,
    0x8f, 0xff, 0xff, 0xf5, 0x00, 0x00, 0x00, 0x00,
    0x00, 0x00, 0x03, 0x67, 0x77, 0x53, 0x00, 0x00,
    0x00, 0x03, 0xdf, 0xff, 0xf2, 0x00, 0x00, 0x00,
    0x00, 0x00, 0x00, 0x00, 0x00, 0x00, 0x00, 0x00,
    0x00, 0x00, 0x00, 0x06, 0xef, 0xb0, 0x00, 0x00,
    0x00, 0x00, 0x00, 0x00, 0x00, 0x00, 0x00, 0x00,
    0x00, 0x00, 0x00, 0x00, 0x00, 0x05, 0x30,

    /* U+0052 "R" */
    0x3f, 0xff, 0xff, 0xff, 0xff, 0xff, 0xff, 0xff,
    0xff, 0xed, 0xb8, 0x30, 0x00, 0x00, 0x00, 0x00,
    0x3f, 0xff, 0xff, 0xff, 0xff, 0xff, 0xff, 0xff,
    0xff, 0xff, 0xff, 0xfd, 0x40, 0x00, 0x00, 0x00,
    0x3f, 0xff, 0xff, 0xff, 0xff, 0xff, 0xff, 0xff,
    0xff, 0xff, 0xff, 0xff, 0xf7, 0x00, 0x00, 0x00,
    0x3f, 0xff, 0xfe, 0xee, 0xee, 0xee, 0xee, 0xee,
    0xef, 0xff, 0xff, 0xff, 0xff, 0x50, 0x00, 0x00,
    0x3f, 0xff, 0xf5, 0x00, 0x00, 0x00, 0x00, 0x00,
    0x00, 0x14, 0xaf, 0xff, 0xff, 0xe0, 0x00, 0x00,
    0x3f, 0xff, 0xf5, 0x00, 0x00, 0x00, 0x00, 0x00,
    0x00, 0x00, 0x03, 0xff, 0xff, 0xf7, 0x00, 0x00,
    0x3f, 0xff, 0xf5, 0x00, 0x00, 0x00, 0x00, 0x00,
    0x00, 0x00, 0x00, 0x4f, 0xff, 0xfd, 0x00, 0x00,
    0x3f, 0xff, 0xf5, 0x00, 0x00, 0x00, 0x00, 0x00,
    0x00, 0x00, 0x00, 0x0c, 0xff, 0xff, 0x10, 0x00,
    0x3f, 0xff, 0xf5, 0x00, 0x00, 0x00, 0x00, 0x00,
    0x00, 0x00, 0x00, 0x08, 0xff, 0xff, 0x30, 0x00,
    0x3f, 0xff, 0xf5, 0x00, 0x00, 0x00, 0x00, 0x00,
    0x00, 0x00, 0x00, 0x07, 0xff, 0xff, 0x30, 0x00,
    0x3f, 0xff, 0xf5, 0x00, 0x00, 0x00, 0x00, 0x00,
    0x00, 0x00, 0x00, 0x09, 0xff, 0xff, 0x20, 0x00,
    0x3f, 0xff, 0xf5, 0x00, 0x00, 0x00, 0x00, 0x00,
    0x00, 0x00, 0x00, 0x0e, 0xff, 0xff, 0x00, 0x00,
    0x3f, 0xff, 0xf5, 0x00, 0x00, 0x00, 0x00, 0x00,
    0x00, 0x00, 0x00, 0x8f, 0xff, 0xfb, 0x00, 0x00,
    0x3f, 0xff, 0xf5, 0x00, 0x00, 0x00, 0x00, 0x00,
    0x00, 0x00, 0x07, 0xff, 0xff, 0xf3, 0x00, 0x00,
    0x3f, 0xff, 0xf5, 0x00, 0x00, 0x00, 0x00, 0x00,
    0x01, 0x47, 0xef, 0xff, 0xff, 0xa0, 0x00, 0x00,
    0x3f, 0xff, 0xff, 0xff, 0xff, 0xff, 0xff, 0xff,
    0xff, 0xff, 0xff, 0xff, 0xfc, 0x00, 0x00, 0x00,
    0x3f, 0xff, 0xff, 0xff, 0xff, 0xff, 0xff, 0xff,
    0xff, 0xff, 0xff, 0xff, 0x90, 0x00, 0x00, 0x00,
    0x3f, 0xff, 0xff, 0xff, 0xff, 0xff, 0xff, 0xff,
    0xff, 0xff, 0xff, 0xa2, 0x00, 0x00, 0x00, 0x00,
    0x3f, 0xff, 0xff, 0xff, 0xff, 0xff, 0xff, 0xff,
    0xff, 0xe7, 0x40, 0x00, 0x00, 0x00, 0x00, 0x00,
    0x3f, 0xff, 0xf5, 0x00, 0x00, 0x00, 0x15, 0xcf,
    0xff, 0xfd, 0x30, 0x00, 0x00, 0x00, 0x00, 0x00,
    0x3f, 0xff, 0xf5, 0x00, 0x00, 0x00, 0x00, 0x06,
    0xff, 0xff, 0xf5, 0x00, 0x00, 0x00, 0x00, 0x00,
    0x3f, 0xff, 0xf5, 0x00, 0x00, 0x00, 0x00, 0x00,
    0x5f, 0xff, 0xff, 0x40, 0x00, 0x00, 0x00, 0x00,
    0x3f, 0xff, 0xf5, 0x00, 0x00, 0x00, 0x00, 0x00,
    0x08, 0xff, 0xff, 0xf3, 0x00, 0x00, 0x00, 0x00,
    0x3f, 0xff, 0xf5, 0x00, 0x00, 0x00, 0x00, 0x00,
    0x00, 0xcf, 0xff, 0xfd, 0x00, 0x00, 0x00, 0x00,
    0x3f, 0xff, 0xf5, 0x00, 0x00, 0x00, 0x00, 0x00,
    0x00, 0x2f, 0xff, 0xff, 0x90, 0x00, 0x00, 0x00,
    0x3f, 0xff, 0xf5, 0x00, 0x00, 0x00, 0x00, 0x00,
    0x00, 0x07, 0xff, 0xff, 0xf4, 0x00, 0x00, 0x00,
    0x3f, 0xff, 0xf5, 0x00, 0x00, 0x00, 0x00, 0x00,
    0x00, 0x00, 0xdf, 0xff, 0xfd, 0x00, 0x00, 0x00,
    0x3f, 0xff, 0xf5, 0x00, 0x00, 0x00, 0x00, 0x00,
    0x00, 0x00, 0x3f, 0xff, 0xff, 0x70, 0x00, 0x00,
    0x3f, 0xff, 0xf5, 0x00, 0x00, 0x00, 0x00, 0x00,
    0x00, 0x00, 0x09, 0xff, 0xff, 0xf1, 0x00, 0x00,
    0x3f, 0xff, 0xf5, 0x00, 0x00, 0x00, 0x00, 0x00,
    0x00, 0x00, 0x01, 0xef, 0xff, 0xfb, 0x00, 0x00,
    0x3f, 0xff, 0xf5, 0x00, 0x00, 0x00, 0x00, 0x00,
    0x00, 0x00, 0x00, 0x6f, 0xff, 0xff, 0x40, 0x00,
    0x3f, 0xff, 0xf5, 0x00, 0x00, 0x00, 0x00, 0x00,
    0x00, 0x00, 0x00, 0x0c, 0xff, 0xff, 0xe0, 0x00,
    0x3f, 0xff, 0xf5, 0x00, 0x00, 0x00, 0x00, 0x00,
    0x00, 0x00, 0x00, 0x03, 0xff, 0xff, 0xf8, 0x00,
    0x3f, 0xff, 0xf5, 0x00, 0x00, 0x00, 0x00, 0x00,
    0x00, 0x00, 0x00, 0x00, 0x9f, 0xff, 0xff, 0x20,
    0x3f, 0xff, 0xf5, 0x00, 0x00, 0x00, 0x00, 0x00,
    0x00, 0x00, 0x00, 0x00, 0x0e, 0xff, 0xff, 0xc0,

    /* U+0053 "S" */
    0x00, 0x00, 0x00, 0x00, 0x00, 0x35, 0x77, 0x76,
    0x41, 0x00, 0x00, 0x00, 0x00, 0x00, 0x00, 0x00,
    0x00, 0x06, 0xbf, 0xff, 0xff, 0xff, 0xff, 0xd8,
    0x20, 0x00, 0x00, 0x00, 0x00, 0x00, 0x05, 0xef,
    0xff, 0xff, 0xff, 0xff, 0xff, 0xff, 0xfa, 0x10,
    0x00, 0x00, 0x00, 0x00, 0x9f, 0xff, 0xff, 0xff,
    0xff, 0xff, 0xff, 0xff, 0xff, 0xe2, 0x00, 0x00,
    0x00, 0x08, 0xff, 0xff, 0xff, 0xec, 0xa9, 0xab,
    0xef, 0xff, 0xff, 0xfe, 0x20, 0x00, 0x00, 0x3f,
    0xff, 0xff, 0xa3, 0x00, 0x00, 0x00, 0x02, 0x8f,
    0xff, 0xff, 0xc0, 0x00, 0x00, 0xcf, 0xff, 0xf5,
    0x00, 0x00, 0x00, 0x00, 0x00, 0x02, 0xef, 0xff,
    0xf5, 0x00, 0x02, 0xff, 0xff, 0x80, 0x00, 0x00,
    0x00, 0x00, 0x00, 0x00, 0x3f, 0xff, 0xfc, 0x00,
    0x06, 0xff, 0xff, 0x10, 0x00, 0x00, 0x00, 0x00,
    0x00, 0x00, 0x09, 0xff, 0xff, 0x10, 0x07, 0xff,
    0xfe, 0x00, 0x00, 0x00, 0x00, 0x00, 0x00, 0x00,
    0x03, 0xff, 0xff, 0x50, 0x08, 0xff, 0xfe, 0x00,
    0x00, 0x00, 0x00, 0x00, 0x00, 0x00, 0x00, 0xff,
    0xff, 0x60, 0x06, 0xff, 0xff, 0x30, 0x00, 0x00,
    0x00, 0x00, 0x00, 0x00, 0x00, 0x32, 0x10, 0x00,
    0x02, 0xff, 0xff, 0xc0, 0x00, 0x00, 0x00, 0x00,
    0x00, 0x00, 0x00, 0x00, 0x00, 0x00, 0x00, 0xcf,
    0xff, 0xfd, 0x40, 0x00, 0x00, 0x00, 0x00, 0x00,
    0x00, 0x00, 0x00, 0x00, 0x00, 0x4f, 0xff, 0xff,
    0xfe, 0x84, 0x00, 0x00, 0x00, 0x00, 0x00, 0x00,
    0x00, 0x00, 0x00, 0x07, 0xff, 0xff, 0xff, 0xff,
    0xfb, 0x74, 0x00, 0x00, 0x00, 0x00, 0x00, 0x00,
    0x00, 0x00, 0x6f, 0xff, 0xff, 0xff, 0xff, 0xff,
    0xfc, 0x72, 0x00, 0x00, 0x00, 0x00, 0x00, 0x00,
    0x02, 0xbf, 0xff, 0xff, 0xff, 0xff, 0xff, 0xff,
    0xd7, 0x00, 0x00, 0x00, 0x00, 0x00, 0x00, 0x02,
    0x8d, 0xff, 0xff, 0xff, 0xff, 0xff, 0xff, 0xe5,
    0x00, 0x00, 0x00, 0x00, 0x00, 0x00, 0x00, 0x27,
    0xbf, 0xff, 0xff, 0xff, 0xff, 0xff, 0x90, 0x00,
    0x00, 0x00, 0x00, 0x00, 0x00, 0x00, 0x00, 0x37,
    0xbf, 0xff, 0xff, 0xff, 0xf8, 0x00, 0x00, 0x00,
    0x00, 0x00, 0x00, 0x00, 0x00, 0x00, 0x00, 0x5b,
    0xff, 0xff, 0xff, 0x40, 0x00, 0x00, 0x00, 0x00,
    0x00, 0x00, 0x00, 0x00, 0x00, 0x00, 0x3d, 0xff,
    0xff, 0xc0, 0x00, 0x00, 0x00, 0x00, 0x00, 0x00,
    0x00, 0x00, 0x00, 0x00, 0x01, 0xdf, 0xff, 0xf2,
    0x46, 0x79, 0x50, 0x00, 0x00, 0x00, 0x00, 0x00,
    0x00, 0x00, 0x00, 0x5f, 0xff, 0xf5, 0xcf, 0xff,
    0xb0, 0x00, 0x00, 0x00, 0x00, 0x00, 0x00, 0x00,
    0x00, 0x0f, 0xff, 0xf7, 0xaf, 0xff, 0xe0, 0x00,
    0x00, 0x00, 0x00, 0x00, 0x00, 0x00, 0x00, 0x0e,
    0xff, 0xf7, 0x7f, 0xff, 0xf5, 0x00, 0x00, 0x00,
    0x00, 0x00, 0x00, 0x00, 0x00, 0x0f, 0xff, 0xf6,
    0x2f, 0xff, 0xfc, 0x00, 0x00, 0x00, 0x00, 0x00,
    0x00, 0x00, 0x00, 0x6f, 0xff, 0xf2, 0x0c, 0xff,
    0xff, 0x90, 0x00, 0x00, 0x00, 0x00, 0x00, 0x00,
    0x01, 0xef, 0xff, 0xd0, 0x03, 0xff, 0xff, 0xfb,
    0x20, 0x00, 0x00, 0x00, 0x00, 0x00, 0x2c, 0xff,
    0xff, 0x60, 0x00, 0x9f, 0xff, 0xff, 0xfa, 0x40,
    0x00, 0x00, 0x00, 0x39, 0xff, 0xff, 0xfc, 0x00,
    0x00, 0x0b, 0xff, 0xff, 0xff, 0xff, 0xdb, 0xab,
    0xcf, 0xff, 0xff, 0xff, 0xe1, 0x00, 0x00, 0x00,
    0xaf, 0xff, 0xff, 0xff, 0xff, 0xff, 0xff, 0xff,
    0xff, 0xfd, 0x20, 0x00, 0x00, 0x00, 0x05, 0xdf,
    0xff, 0xff, 0xff, 0xff, 0xff, 0xff, 0xff, 0x80,
    0x00, 0x00, 0x00, 0x00, 0x00, 0x05, 0xae, 0xff,
    0xff, 0xff, 0xff, 0xfd, 0x81, 0x00, 0x00, 0x00,
    0x00, 0x00, 0x00, 0x00, 0x00, 0x24, 0x67, 0x77,
    0x64, 0x10, 0x00, 0x00, 0x00, 0x00,

    /* U+0054 "T" */
    0xef, 0xff, 0xff, 0xff, 0xff, 0xff, 0xff, 0xff,
    0xff, 0xff, 0xff, 0xff, 0xff, 0xf5, 0xef, 0xff,
    0xff, 0xff, 0xff, 0xff, 0xff, 0xff, 0xff, 0xff,
    0xff, 0xff, 0xff, 0xf5, 0xef, 0xff, 0xff, 0xff,
    0xff, 0xff, 0xff, 0xff, 0xff, 0xff, 0xff, 0xff,
    0xff, 0xf5, 0xef, 0xff, 0xff, 0xff, 0xff, 0xff,
    0xff, 0xff, 0xff, 0xff, 0xff, 0xff, 0xff, 0xf5,
    0x12, 0x22, 0x22, 0x22, 0x22, 0x29, 0xff, 0xff,
    0x22, 0x22, 0x22, 0x22, 0x22, 0x20, 0x00, 0x00,
    0x00, 0x00, 0x00, 0x08, 0xff, 0xff, 0x00, 0x00,
    0x00, 0x00, 0x00, 0x00, 0x00, 0x00, 0x00, 0x00,
    0x00, 0x08, 0xff, 0xff, 0x00, 0x00, 0x00, 0x00,
    0x00, 0x00, 0x00, 0x00, 0x00, 0x00, 0x00, 0x08,
    0xff, 0xff, 0x00, 0x00, 0x00, 0x00, 0x00, 0x00,
    0x00, 0x00, 0x00, 0x00, 0x00, 0x08, 0xff, 0xff,
    0x00, 0x00, 0x00, 0x00, 0x00, 0x00, 0x00, 0x00,
    0x00, 0x00, 0x00, 0x08, 0xff, 0xff, 0x00, 0x00,
    0x00, 0x00, 0x00, 0x00, 0x00, 0x00, 0x00, 0x00,
    0x00, 0x08, 0xff, 0xff, 0x00, 0x00, 0x00, 0x00,
    0x00, 0x00, 0x00, 0x00, 0x00, 0x00, 0x00, 0x08,
    0xff, 0xff, 0x00, 0x00, 0x00, 0x00, 0x00, 0x00,
    0x00, 0x00, 0x00, 0x00, 0x00, 0x08, 0xff, 0xff,
    0x00, 0x00, 0x00, 0x00, 0x00, 0x00, 0x00, 0x00,
    0x00, 0x00, 0x00, 0x08, 0xff, 0xff, 0x00, 0x00,
    0x00, 0x00, 0x00, 0x00, 0x00, 0x00, 0x00, 0x00,
    0x00, 0x08, 0xff, 0xff, 0x00, 0x00, 0x00, 0x00,
    0x00, 0x00, 0x00, 0x00, 0x00, 0x00, 0x00, 0x08,
    0xff, 0xff, 0x00, 0x00, 0x00, 0x00, 0x00, 0x00,
    0x00, 0x00, 0x00, 0x00, 0x00, 0x08, 0xff, 0xff,
    0x00, 0x00, 0x00, 0x00, 0x00, 0x00, 0x00, 0x00,
    0x00, 0x00, 0x00, 0x08, 0xff, 0xff, 0x00, 0x00,
    0x00, 0x00, 0x00, 0x00, 0x00, 0x00, 0x00, 0x00,
    0x00, 0x08, 0xff, 0xff, 0x00, 0x00, 0x00, 0x00,
    0x00, 0x00, 0x00, 0x00, 0x00, 0x00, 0x00, 0x08,
    0xff, 0xff, 0x00, 0x00, 0x00, 0x00, 0x00, 0x00,
    0x00, 0x00, 0x00, 0x00, 0x00, 0x08, 0xff, 0xff,
    0x00, 0x00, 0x00, 0x00, 0x00, 0x00, 0x00, 0x00,
    0x00, 0x00, 0x00, 0x08, 0xff, 0xff, 0x00, 0x00,
    0x00, 0x00, 0x00, 0x00, 0x00, 0x00, 0x00, 0x00,
    0x00, 0x08, 0xff, 0xff, 0x00, 0x00, 0x00, 0x00,
    0x00, 0x00, 0x00, 0x00, 0x00, 0x00, 0x00, 0x08,
    0xff, 0xff, 0x00, 0x00, 0x00, 0x00, 0x00, 0x00,
    0x00, 0x00, 0x00, 0x00, 0x00, 0x08, 0xff, 0xff,
    0x00, 0x00, 0x00, 0x00, 0x00, 0x00, 0x00, 0x00,
    0x00, 0x00, 0x00, 0x08, 0xff, 0xff, 0x00, 0x00,
    0x00, 0x00, 0x00, 0x00, 0x00, 0x00, 0x00, 0x00,
    0x00, 0x08, 0xff, 0xff, 0x00, 0x00, 0x00, 0x00,
    0x00, 0x00, 0x00, 0x00, 0x00, 0x00, 0x00, 0x08,
    0xff, 0xff, 0x00, 0x00, 0x00, 0x00, 0x00, 0x00,
    0x00, 0x00, 0x00, 0x00, 0x00, 0x08, 0xff, 0xff,
    0x00, 0x00, 0x00, 0x00, 0x00, 0x00, 0x00, 0x00,
    0x00, 0x00, 0x00, 0x08, 0xff, 0xff, 0x00, 0x00,
    0x00, 0x00, 0x00, 0x00, 0x00, 0x00, 0x00, 0x00,
    0x00, 0x08, 0xff, 0xff, 0x00, 0x00, 0x00, 0x00,
    0x00, 0x00, 0x00, 0x00, 0x00, 0x00, 0x00, 0x08,
    0xff, 0xff, 0x00, 0x00, 0x00, 0x00, 0x00, 0x00,
    0x00, 0x00, 0x00, 0x00, 0x00, 0x08, 0xff, 0xff,
    0x00, 0x00, 0x00, 0x00, 0x00, 0x00, 0x00, 0x00,
    0x00, 0x00, 0x00, 0x08, 0xff, 0xff, 0x00, 0x00,
    0x00, 0x00, 0x00, 0x00, 0x00, 0x00, 0x00, 0x00,
    0x00, 0x08, 0xff, 0xff, 0x00, 0x00, 0x00, 0x00,
    0x00, 0x00,

    /* U+0055 "U" */
    0x3f, 0xff, 0xf5, 0x00, 0x00, 0x00, 0x00, 0x00,
    0x00, 0x00, 0x00, 0x0c, 0xff, 0xfc, 0x3f, 0xff,
    0xf5, 0x00, 0x00, 0x00, 0x00, 0x00, 0x00, 0x00,
    0x00, 0x0c, 0xff, 0xfc, 0x3f, 0xff, 0xf5, 0x00,
    0x00, 0x00, 0x00, 0x00, 0x00, 0x00, 0x00, 0x0c,
    0xff, 0xfc, 0x3f, 0xff, 0xf5, 0x00, 0x00, 0x00,
    0x00, 0x00, 0x00, 0x00, 0x00, 0x0c, 0xff, 0xfc,
    0x3f, 0xff, 0xf5, 0x00, 0x00, 0x00, 0x00, 0x00,
    0x00, 0x00, 0x00, 0x0c, 0xff, 0xfc, 0x3f, 0xff,
    0xf5, 0x00, 0x00, 0x00, 0x00, 0x00, 0x00, 0x00,
    0x00, 0x0c, 0xff, 0xfc, 0x3f, 0xff, 0xf5, 0x00,
    0x00, 0x00, 0x00, 0x00, 0x00, 0x00, 0x00, 0x0c,
    0xff, 0xfc, 0x3f, 0xff, 0xf5, 0x00, 0x00, 0x00,
    0x00, 0x00, 0x00, 0x00, 0x00, 0x0c, 0xff, 0xfc,
    0x3f, 0xff, 0xf5, 0x00, 0x00, 0x00, 0x00, 0x00,
    0x00, 0x00, 0x00, 0x0c, 0xff, 0xfc, 0x3f, 0xff,
    0xf5, 0x00, 0x00, 0x00, 0x00, 0x00, 0x00, 0x00,
    0x00, 0x0c, 0xff, 0xfc, 0x3f, 0xff, 0xf5, 0x00,
    0x00, 0x00, 0x00, 0x00, 0x00, 0x00, 0x00, 0x0c,
    0xff, 0xfc, 0x3f, 0xff, 0xf5, 0x00, 0x00, 0x00,
    0x00, 0x00, 0x00, 0x00, 0x00, 0x0c, 0xff, 0xfc,
    0x3f, 0xff, 0xf5, 0x00, 0x00, 0x00, 0x00, 0x00,
    0x00, 0x00, 0x00, 0x0c, 0xff, 0xfc, 0x3f, 0xff,
    0xf5, 0x00, 0x00, 0x00, 0x00, 0x00, 0x00, 0x00,
    0x00, 0x0c, 0xff, 0xfc, 0x3f, 0xff, 0xf5, 0x00,
    0x00, 0x00, 0x00, 0x00, 0x00, 0x00, 0x00, 0x0c,
    0xff, 0xfc, 0x3f, 0xff, 0xf5, 0x00, 0x00, 0x00,
    0x00, 0x00, 0x00, 0x00, 0x00, 0x0c, 0xff, 0xfc,
    0x3f, 0xff, 0xf5, 0x00, 0x00, 0x00, 0x00, 0x00,
    0x00, 0x00, 0x00, 0x0c, 0xff, 0xfc, 0x3f, 0xff,
    0xf5, 0x00, 0x00, 0x00, 0x00, 0x00, 0x00, 0x00,
    0x00, 0x0c, 0xff, 0xfc, 0x3f, 0xff, 0xf5, 0x00,
    0x00, 0x00, 0x00, 0x00, 0x00, 0x00, 0x00, 0x0c,
    0xff, 0xfc, 0x3f, 0xff, 0xf5, 0x00, 0x00, 0x00,
    0x00, 0x00, 0x00, 0x00, 0x00, 0x0c, 0xff, 0xfc,
    0x3f, 0xff, 0xf5, 0x00, 0x00, 0x00, 0x00, 0x00,
    0x00, 0x00, 0x00, 0x0c, 0xff, 0xfc, 0x2f, 0xff,
    0xf5, 0x00, 0x00, 0x00, 0x00, 0x00, 0x00, 0x00,
    0x00, 0x0c, 0xff, 0xfc, 0x2f, 0xff, 0xf6, 0x00,
    0x00, 0x00, 0x00, 0x00, 0x00, 0x00, 0x00, 0x0d,
    0xff, 0xfb, 0x1f, 0xff, 0xf7, 0x00, 0x00, 0x00,
    0x00, 0x00, 0x00, 0x00, 0x00, 0x0e, 0xff, 0xfa,
    0x0f, 0xff, 0xf9, 0x00, 0x00, 0x00, 0x00, 0x00,
    0x00, 0x00, 0x00, 0x1f, 0xff, 0xf8, 0x0d, 0xff,
    0xfc, 0x00, 0x00, 0x00, 0x00, 0x00, 0x00, 0x00,
    0x00, 0x4f, 0xff, 0xf6, 0x09, 0xff, 0xff, 0x10,
    0x00, 0x00, 0x00, 0x00, 0x00, 0x00, 0x00, 0x8f,
    0xff, 0xf3, 0x05, 0xff, 0xff, 0x70, 0x00, 0x00,
    0x00, 0x00, 0x00, 0x00, 0x00, 0xef, 0xff, 0xe0,
    0x01, 0xff, 0xff, 0xf2, 0x00, 0x00, 0x00, 0x00,
    0x00, 0x00, 0x08, 0xff, 0xff, 0x90, 0x00, 0x9f,
    0xff, 0xfe, 0x30, 0x00, 0x00, 0x00, 0x00, 0x00,
    0x7f, 0xff, 0xff, 0x20, 0x00, 0x1f, 0xff, 0xff,
    0xf9, 0x30, 0x00, 0x00, 0x01, 0x6d, 0xff, 0xff,
    0xf9, 0x00, 0x00, 0x05, 0xff, 0xff, 0xff, 0xfe,
    0xcb, 0xbc, 0xef, 0xff, 0xff, 0xff, 0xc0, 0x00,
    0x00, 0x00, 0x5f, 0xff, 0xff, 0xff, 0xff, 0xff,
    0xff, 0xff, 0xff, 0xfb, 0x00, 0x00, 0x00, 0x00,
    0x03, 0xcf, 0xff, 0xff, 0xff, 0xff, 0xff, 0xff,
    0xff, 0x70, 0x00, 0x00, 0x00, 0x00, 0x00, 0x04,
    0xae, 0xff, 0xff, 0xff, 0xff, 0xfd, 0x71, 0x00,
    0x00, 0x00, 0x00, 0x00, 0x00, 0x00, 0x00, 0x24,
    0x67, 0x77, 0x64, 0x10, 0x00, 0x00, 0x00, 0x00,

    /* U+0056 "V" */
    0x9f, 0xff, 0xf5, 0x00, 0x00, 0x00, 0x00, 0x00,
    0x00, 0x00, 0x00, 0x00, 0x00, 0x2f, 0xff, 0xf7,
    0x3f, 0xff, 0xfa, 0x00, 0x00, 0x00, 0x00, 0x00,
    0x00, 0x00, 0x00, 0x00, 0x00, 0x8f, 0xff, 0xf1,
    0x0d, 0xff, 0xff, 0x00, 0x00, 0x00, 0x00, 0x00,
    0x00, 0x00, 0x00, 0x00, 0x00, 0xef, 0xff, 0xa0,
    0x07, 0xff, 0xff, 0x50, 0x00, 0x00, 0x00, 0x00,
    0x00, 0x00, 0x00, 0x00, 0x04, 0xff, 0xff, 0x40,
    0x01, 0xff, 0xff, 0xb0, 0x00, 0x00, 0x00, 0x00,
    0x00, 0x00, 0x00, 0x00, 0x0a, 0xff, 0xfe, 0x00,
    0x00, 0xbf, 0xff, 0xf1, 0x00, 0x00, 0x00, 0x00,
    0x00, 0x00, 0x00, 0x00, 0x0f, 0xff, 0xf8, 0x00,
    0x00, 0x4f, 0xff, 0xf6, 0x00, 0x00, 0x00, 0x00,
    0x00, 0x00, 0x00, 0x00, 0x5f, 0xff, 0xf2, 0x00,
    0x00, 0x0e, 0xff, 0xfc, 0x00, 0x00, 0x00, 0x00,
    0x00, 0x00, 0x00, 0x00, 0xbf, 0xff, 0xc0, 0x00,
    0x00, 0x08, 0xff, 0xff, 0x20, 0x00, 0x00, 0x00,
    0x00, 0x00, 0x00, 0x01, 0xff, 0xff, 0x50, 0x00,
    0x00, 0x02, 0xff, 0xff, 0x70, 0x00, 0x00, 0x00,
    0x00, 0x00, 0x00, 0x07, 0xff, 0xff, 0x00, 0x00,
    0x00, 0x00, 0xcf, 0xff, 0xd0, 0x00, 0x00, 0x00,
    0x00, 0x00, 0x00, 0x0d, 0xff, 0xf9, 0x00, 0x00,
    0x00, 0x00, 0x6f, 0xff, 0xf2, 0x00, 0x00, 0x00,
    0x00, 0x00, 0x00, 0x3f, 0xff, 0xf3, 0x00, 0x00,
    0x00, 0x00, 0x1f, 0xff, 0xf8, 0x00, 0x00, 0x00,
    0x00, 0x00, 0x00, 0x9f, 0xff, 0xd0, 0x00, 0x00,
    0x00, 0x00, 0x0a, 0xff, 0xfd, 0x00, 0x00, 0x00,
    0x00, 0x00, 0x00, 0xef, 0xff, 0x70, 0x00, 0x00,
    0x00, 0x00, 0x04, 0xff, 0xff, 0x30, 0x00, 0x00,
    0x00, 0x00, 0x04, 0xff, 0xff, 0x10, 0x00, 0x00,
    0x00, 0x00, 0x00, 0xef, 0xff, 0x90, 0x00, 0x00,
    0x00, 0x00, 0x0a, 0xff, 0xfa, 0x00, 0x00, 0x00,
    0x00, 0x00, 0x00, 0x8f, 0xff, 0xe0, 0x00, 0x00,
    0x00, 0x00, 0x0f, 0xff, 0xf4, 0x00, 0x00, 0x00,
    0x00, 0x00, 0x00, 0x2f, 0xff, 0xf4, 0x00, 0x00,
    0x00, 0x00, 0x6f, 0xff, 0xe0, 0x00, 0x00, 0x00,
    0x00, 0x00, 0x00, 0x0b, 0xff, 0xfa, 0x00, 0x00,
    0x00, 0x00, 0xcf, 0xff, 0x80, 0x00, 0x00, 0x00,
    0x00, 0x00, 0x00, 0x05, 0xff, 0xff, 0x00, 0x00,
    0x00, 0x01, 0xff, 0xff, 0x20, 0x00, 0x00, 0x00,
    0x00, 0x00, 0x00, 0x00, 0xff, 0xff, 0x50, 0x00,
    0x00, 0x07, 0xff, 0xfc, 0x00, 0x00, 0x00, 0x00,
    0x00, 0x00, 0x00, 0x00, 0x9f, 0xff, 0xa0, 0x00,
    0x00, 0x0d, 0xff, 0xf6, 0x00, 0x00, 0x00, 0x00,
    0x00, 0x00, 0x00, 0x00, 0x3f, 0xff, 0xf0, 0x00,
    0x00, 0x3f, 0xff, 0xf0, 0x00, 0x00, 0x00, 0x00,
    0x00, 0x00, 0x00, 0x00, 0x0d, 0xff, 0xf6, 0x00,
    0x00, 0x9f, 0xff, 0x90, 0x00, 0x00, 0x00, 0x00,
    0x00, 0x00, 0x00, 0x00, 0x07, 0xff, 0xfb, 0x00,
    0x00, 0xef, 0xff, 0x30, 0x00, 0x00, 0x00, 0x00,
    0x00, 0x00, 0x00, 0x00, 0x01, 0xff, 0xff, 0x10,
    0x04, 0xff, 0xfd, 0x00, 0x00, 0x00, 0x00, 0x00,
    0x00, 0x00, 0x00, 0x00, 0x00, 0xbf, 0xff, 0x60,
    0x0a, 0xff, 0xf7, 0x00, 0x00, 0x00, 0x00, 0x00,
    0x00, 0x00, 0x00, 0x00, 0x00, 0x5f, 0xff, 0xc0,
    0x0e, 0xff, 0xf1, 0x00, 0x00, 0x00, 0x00, 0x00,
    0x00, 0x00, 0x00, 0x00, 0x00, 0x0e, 0xff, 0xf1,
    0x4f, 0xff, 0xa0, 0x00, 0x00, 0x00, 0x00, 0x00,
    0x00, 0x00, 0x00, 0x00, 0x00, 0x09, 0xff, 0xf6,
    0x9f, 0xff, 0x40, 0x00, 0x00, 0x00, 0x00, 0x00,
    0x00, 0x00, 0x00, 0x00, 0x00, 0x02, 0xff, 0xfb,
    0xef, 0xfe, 0x00, 0x00, 0x00, 0x00, 0x00, 0x00,
    0x00, 0x00, 0x00, 0x00, 0x00, 0x00, 0xcf, 0xff,
    0xff, 0xf8, 0x00, 0x00, 0x00, 0x00, 0x00, 0x00,
    0x00, 0x00, 0x00, 0x00, 0x00, 0x00, 0x6f, 0xff,
    0xff, 0xf2, 0x00, 0x00, 0x00, 0x00, 0x00, 0x00,
    0x00, 0x00, 0x00, 0x00, 0x00, 0x00, 0x1f, 0xff,
    0xff, 0xc0, 0x00, 0x00, 0x00, 0x00, 0x00, 0x00,
    0x00, 0x00, 0x00, 0x00, 0x00, 0x00, 0x0a, 0xff,
    0xff, 0x60, 0x00, 0x00, 0x00, 0x00, 0x00, 0x00,

    /* U+0057 "W" */
    0x4f, 0xff, 0xf5, 0x00, 0x00, 0x00, 0x00, 0x00,
    0x00, 0x01, 0xff, 0xff, 0xfa, 0x00, 0x00, 0x00,
    0x00, 0x00, 0x00, 0x00, 0xef, 0xff, 0xa0, 0xff,
    0xff, 0x90, 0x00, 0x00, 0x00, 0x00, 0x00, 0x00,
    0x6f, 0xff, 0xff, 0xe0, 0x00, 0x00, 0x00, 0x00,
    0x00, 0x00, 0x2f, 0xff, 0xf5, 0x0c, 0xff, 0xfd,
    0x00, 0x00, 0x00, 0x00, 0x00, 0x00, 0x0a, 0xff,
    0xff, 0xff, 0x30, 0x00, 0x00, 0x00, 0x00, 0x00,
    0x06, 0xff, 0xff, 0x10, 0x7f, 0xff, 0xf0, 0x00,
    0x00, 0x00, 0x00, 0x00, 0x00, 0xff, 0xff, 0xff,
    0xf7, 0x00, 0x00, 0x00, 0x00, 0x00, 0x00, 0xaf,
    0xff, 0xd0, 0x03, 0xff, 0xff, 0x40, 0x00, 0x00,
    0x00, 0x00, 0x00, 0x3f, 0xff, 0xdf, 0xff, 0xb0,
    0x00, 0x00, 0x00, 0x00, 0x00, 0x0e, 0xff, 0xf8,
    0x00, 0x0f, 0xff, 0xf8, 0x00, 0x00, 0x00, 0x00,
    0x00, 0x08, 0xff, 0xf6, 0xff, 0xff, 0x00, 0x00,
    0x00, 0x00, 0x00, 0x01, 0xff, 0xff, 0x40, 0x00,
    0xbf, 0xff, 0xb0, 0x00, 0x00, 0x00, 0x00, 0x00,
    0xcf, 0xff, 0x1c, 0xff, 0xf4, 0x00, 0x00, 0x00,
    0x00, 0x00, 0x5f, 0xff, 0xf0, 0x00, 0x07, 0xff,
    0xff, 0x00, 0x00, 0x00, 0x00, 0x00, 0x1f, 0xff,
    0xd0, 0x8f, 0xff, 0x90, 0x00, 0x00, 0x00, 0x00,
    0x09, 0xff, 0xfb, 0x00, 0x00, 0x3f, 0xff, 0xf3,
    0x00, 0x00, 0x00, 0x00, 0x05, 0xff, 0xf9, 0x03,
    0xff, 0xfd, 0x00, 0x00, 0x00, 0x00, 0x00, 0xdf,
    0xff, 0x70, 0x00, 0x00, 0xef, 0xff, 0x60, 0x00,
    0x00, 0x00, 0x00, 0x9f, 0xff, 0x50, 0x0f, 0xff,
    0xf2, 0x00, 0x00, 0x00, 0x00, 0x1f, 0xff, 0xf3,
    0x00, 0x00, 0x0a, 0xff, 0xfa, 0x00, 0x00, 0x00,
    0x00, 0x0e, 0xff, 0xf0, 0x00, 0xbf, 0xff, 0x60,
    0x00, 0x00, 0x00, 0x05, 0xff, 0xfe, 0x00, 0x00,
    0x00, 0x6f, 0xff, 0xd0, 0x00, 0x00, 0x00, 0x02,
    0xff, 0xfc, 0x00, 0x06, 0xff, 0xfb, 0x00, 0x00,
    0x00, 0x00, 0x8f, 0xff, 0xa0, 0x00, 0x00, 0x02,
    0xff, 0xff, 0x10, 0x00, 0x00, 0x00, 0x7f, 0xff,
    0x70, 0x00, 0x2f, 0xff, 0xf0, 0x00, 0x00, 0x00,
    0x0c, 0xff, 0xf6, 0x00, 0x00, 0x00, 0x0e, 0xff,
    0xf5, 0x00, 0x00, 0x00, 0x0b, 0xff, 0xf3, 0x00,
    0x00, 0xef, 0xff, 0x30, 0x00, 0x00, 0x00, 0xff,
    0xff, 0x20, 0x00, 0x00, 0x00, 0xaf, 0xff, 0x80,
    0x00, 0x00, 0x00, 0xff, 0xfe, 0x00, 0x00, 0x09,
    0xff, 0xf8, 0x00, 0x00, 0x00, 0x4f, 0xff, 0xd0,
    0x00, 0x00, 0x00, 0x05, 0xff, 0xfc, 0x00, 0x00,
    0x00, 0x4f, 0xff, 0xa0, 0x00, 0x00, 0x5f, 0xff,
    0xc0, 0x00, 0x00, 0x08, 0xff, 0xf9, 0x00, 0x00,
    0x00, 0x00, 0x1f, 0xff, 0xf0, 0x00, 0x00, 0x08,
    0xff, 0xf6, 0x00, 0x00, 0x01, 0xff, 0xff, 0x10,
    0x00, 0x00, 0xcf, 0xff, 0x50, 0x00, 0x00, 0x00,
    0x00, 0xdf, 0xff, 0x30, 0x00, 0x00, 0xdf, 0xff,
    0x20, 0x00, 0x00, 0x0c, 0xff, 0xf5, 0x00, 0x00,
    0x0f, 0xff, 0xf1, 0x00, 0x00, 0x00, 0x00, 0x09,
    0xff, 0xf7, 0x00, 0x00, 0x1f, 0xff, 0xd0, 0x00,
    0x00, 0x00, 0x8f, 0xff, 0xa0, 0x00, 0x03, 0xff,
    0xfc, 0x00, 0x00, 0x00, 0x00, 0x00, 0x5f, 0xff,
    0xb0, 0x00, 0x05, 0xff, 0xf9, 0x00, 0x00, 0x00,
    0x03, 0xff, 0xfe, 0x00, 0x00, 0x7f, 0xff, 0x80,
    0x00, 0x00, 0x00, 0x00, 0x01, 0xff, 0xfe, 0x00,
    0x00, 0xaf, 0xff, 0x40, 0x00, 0x00, 0x00, 0x0f,
    0xff, 0xf2, 0x00, 0x0b, 0xff, 0xf3, 0x00, 0x00,
    0x00, 0x00, 0x00, 0x0d, 0xff, 0xf2, 0x00, 0x0e,
    0xff, 0xf0, 0x00, 0x00, 0x00, 0x00, 0xbf, 0xff,
    0x60, 0x00, 0xff, 0xff, 0x00, 0x00, 0x00, 0x00,
    0x00, 0x00, 0x8f, 0xff, 0x60, 0x03, 0xff, 0xfc,
    0x00, 0x00, 0x00, 0x00, 0x06, 0xff, 0xfa, 0x00,
    0x3f, 0xff, 0xb0, 0x00, 0x00, 0x00, 0x00, 0x00,
    0x04, 0xff, 0xf9, 0x00, 0x7f, 0xff, 0x70, 0x00,
    0x00, 0x00, 0x00, 0x2f, 0xff, 0xe0, 0x06, 0xff,
    0xf7, 0x00, 0x00, 0x00, 0x00, 0x00, 0x00, 0x0f,
    0xff, 0xc0, 0x0b, 0xff, 0xf3, 0x00, 0x00, 0x00,
    0x00, 0x00, 0xef, 0xff, 0x10, 0xaf, 0xff, 0x20,
    0x00, 0x00, 0x00, 0x00, 0x00, 0x00, 0xcf, 0xff,
    0x00, 0xff, 0xfe, 0x00, 0x00, 0x00, 0x00, 0x00,
    0x09, 0xff, 0xf4, 0x0e, 0xff, 0xe0, 0x00, 0x00,
    0x00, 0x00, 0x00, 0x00, 0x08, 0xff, 0xf3, 0x3f,
    0xff, 0xa0, 0x00, 0x00, 0x00, 0x00, 0x00, 0x5f,
    0xff, 0x72, 0xff, 0xfa, 0x00, 0x00, 0x00, 0x00,
    0x00, 0x00, 0x00, 0x4f, 0xff, 0x67, 0xff, 0xf6,
    0x00, 0x00, 0x00, 0x00, 0x00, 0x01, 0xff, 0xfa,
    0x5f, 0xff, 0x50, 0x00, 0x00, 0x00, 0x00, 0x00,
    0x00, 0x00, 0xff, 0xf9, 0xbf, 0xff, 0x10, 0x00,
    0x00, 0x00, 0x00, 0x00, 0x0c, 0xff, 0xd9, 0xff,
    0xf1, 0x00, 0x00, 0x00, 0x00, 0x00, 0x00, 0x00,
    0x0b, 0xff, 0xde, 0xff, 0xd0, 0x00, 0x00, 0x00,
    0x00, 0x00, 0x00, 0x8f, 0xff, 0xcf, 0xfd, 0x00,
    0x00, 0x00, 0x00, 0x00, 0x00, 0x00, 0x00, 0x7f,
    0xff, 0xff, 0xf9, 0x00, 0x00, 0x00, 0x00, 0x00,
    0x00, 0x04, 0xff, 0xff, 0xff, 0x80, 0x00, 0x00,
    0x00, 0x00, 0x00, 0x00, 0x00, 0x03, 0xff, 0xff,
    0xff, 0x40, 0x00, 0x00, 0x00, 0x00, 0x00, 0x00,
    0x0f, 0xff, 0xff, 0xf4, 0x00, 0x00, 0x00, 0x00,
    0x00, 0x00, 0x00, 0x00, 0x0e, 0xff, 0xff, 0xf0,
    0x00, 0x00, 0x00, 0x00, 0x00, 0x00, 0x00, 0xbf,
    0xff, 0xff, 0x00, 0x00, 0x00, 0x00, 0x00, 0x00,
    0x00, 0x00, 0x00, 0xbf, 0xff, 0xfc, 0x00, 0x00,
    0x00, 0x00, 0x00, 0x00, 0x00, 0x07, 0xff, 0xff,
    0xb0, 0x00, 0x00, 0x00, 0x00, 0x00, 0x00, 0x00,
    0x00, 0x06, 0xff, 0xff, 0x70, 0x00, 0x00, 0x00,
    0x00, 0x00, 0x00, 0x00, 0x2f, 0xff, 0xf7, 0x00,
    0x00, 0x00, 0x00, 0x00,

    /* U+0058 "X" */
    0x00, 0xdf, 0xff, 0xf8, 0x00, 0x00, 0x00, 0x00,
    0x00, 0x00, 0x00, 0x00, 0x08, 0xff, 0xff, 0x60,
    0x00, 0x3f, 0xff, 0xff, 0x40, 0x00, 0x00, 0x00,
    0x00, 0x00, 0x00, 0x00, 0x4f, 0xff, 0xfa, 0x00,
    0x00, 0x07, 0xff, 0xff, 0xe0, 0x00, 0x00, 0x00,
    0x00, 0x00, 0x00, 0x01, 0xef, 0xff, 0xe1, 0x00,
    0x00, 0x00, 0xcf, 0xff, 0xfa, 0x00, 0x00, 0x00,
    0x00, 0x00, 0x00, 0x0c, 0xff, 0xff, 0x30, 0x00,
    0x00, 0x00, 0x2f, 0xff, 0xff, 0x50, 0x00, 0x00,
    0x00, 0x00, 0x00, 0x8f, 0xff, 0xf7, 0x00, 0x00,
    0x00, 0x00, 0x06, 0xff, 0xff, 0xe1, 0x00, 0x00,
    0x00, 0x00, 0x04, 0xff, 0xff, 0xb0, 0x00, 0x00,
    0x00, 0x00, 0x00, 0xaf, 0xff, 0xfb, 0x00, 0x00,
    0x00, 0x00, 0x1e, 0xff, 0xfe, 0x10, 0x00, 0x00,
    0x00, 0x00, 0x00, 0x1e, 0xff, 0xff, 0x60, 0x00,
    0x00, 0x00, 0xbf, 0xff, 0xf4, 0x00, 0x00, 0x00,
    0x00, 0x00, 0x00, 0x04, 0xff, 0xff, 0xf2, 0x00,
    0x00, 0x07, 0xff, 0xff, 0x80, 0x00, 0x00, 0x00,
    0x00, 0x00, 0x00, 0x00, 0x9f, 0xff, 0xfc, 0x00,
    0x00, 0x3f, 0xff, 0xfc, 0x00, 0x00, 0x00, 0x00,
    0x00, 0x00, 0x00, 0x00, 0x0d, 0xff, 0xff, 0x70,
    0x01, 0xef, 0xff, 0xf2, 0x00, 0x00, 0x00, 0x00,
    0x00, 0x00, 0x00, 0x00, 0x03, 0xff, 0xff, 0xf2,
    0x0a, 0xff, 0xff, 0x50, 0x00, 0x00, 0x00, 0x00,
    0x00, 0x00, 0x00, 0x00, 0x00, 0x7f, 0xff, 0xfb,
    0x4f, 0xff, 0xfa, 0x00, 0x00, 0x00, 0x00, 0x00,
    0x00, 0x00, 0x00, 0x00, 0x00, 0x0c, 0xff, 0xff,
    0xff, 0xff, 0xd0, 0x00, 0x00, 0x00, 0x00, 0x00,
    0x00, 0x00, 0x00, 0x00, 0x00, 0x02, 0xff, 0xff,
    0xff, 0xff, 0x30, 0x00, 0x00, 0x00, 0x00, 0x00,
    0x00, 0x00, 0x00, 0x00, 0x00, 0x00, 0x6f, 0xff,
    0xff, 0xf6, 0x00, 0x00, 0x00, 0x00, 0x00, 0x00,
    0x00, 0x00, 0x00, 0x00, 0x00, 0x00, 0x0b, 0xff,
    0xff, 0xe0, 0x00, 0x00, 0x00, 0x00, 0x00, 0x00,
    0x00, 0x00, 0x00, 0x00, 0x00, 0x00, 0x1e, 0xff,
    0xff, 0xf6, 0x00, 0x00, 0x00, 0x00, 0x00, 0x00,
    0x00, 0x00, 0x00, 0x00, 0x00, 0x00, 0xcf, 0xff,
    0xff, 0xff, 0x20, 0x00, 0x00, 0x00, 0x00, 0x00,
    0x00, 0x00, 0x00, 0x00, 0x00, 0x07, 0xff, 0xff,
    0xff, 0xff, 0xc0, 0x00, 0x00, 0x00, 0x00, 0x00,
    0x00, 0x00, 0x00, 0x00, 0x00, 0x3f, 0xff, 0xfb,
    0xdf, 0xff, 0xf8, 0x00, 0x00, 0x00, 0x00, 0x00,
    0x00, 0x00, 0x00, 0x00, 0x01, 0xef, 0xff, 0xf2,
    0x3f, 0xff, 0xff, 0x30, 0x00, 0x00, 0x00, 0x00,
    0x00, 0x00, 0x00, 0x00, 0x0a, 0xff, 0xff, 0x70,
    0x09, 0xff, 0xff, 0xd0, 0x00, 0x00, 0x00, 0x00,
    0x00, 0x00, 0x00, 0x00, 0x6f, 0xff, 0xfc, 0x00,
    0x00, 0xdf, 0xff, 0xfa, 0x00, 0x00, 0x00, 0x00,
    0x00, 0x00, 0x00, 0x02, 0xff, 0xff, 0xf2, 0x00,
    0x00, 0x3f, 0xff, 0xff, 0x50, 0x00, 0x00, 0x00,
    0x00, 0x00, 0x00, 0x0d, 0xff, 0xff, 0x60, 0x00,
    0x00, 0x08, 0xff, 0xff, 0xe1, 0x00, 0x00, 0x00,
    0x00, 0x00, 0x00, 0x9f, 0xff, 0xfa, 0x00, 0x00,
    0x00, 0x00, 0xcf, 0xff, 0xfb, 0x00, 0x00, 0x00,
    0x00, 0x00, 0x05, 0xff, 0xff, 0xe1, 0x00, 0x00,
    0x00, 0x00, 0x2f, 0xff, 0xff, 0x70, 0x00, 0x00,
    0x00, 0x00, 0x1e, 0xff, 0xff, 0x40, 0x00, 0x00,
    0x00, 0x00, 0x06, 0xff, 0xff, 0xf2, 0x00, 0x00,
    0x00, 0x00, 0xcf, 0xff, 0xf8, 0x00, 0x00, 0x00,
    0x00, 0x00, 0x00, 0xbf, 0xff, 0xfd, 0x00, 0x00,
    0x00, 0x08, 0xff, 0xff, 0xd0, 0x00, 0x00, 0x00,
    0x00, 0x00, 0x00, 0x1e, 0xff, 0xff, 0x80, 0x00,
    0x00, 0x3f, 0xff, 0xff, 0x20, 0x00, 0x00, 0x00,
    0x00, 0x00, 0x00, 0x05, 0xff, 0xff, 0xf4, 0x00,
    0x01, 0xef, 0xff, 0xf6, 0x00, 0x00, 0x00, 0x00,
    0x00, 0x00, 0x00, 0x00, 0xaf, 0xff, 0xfe, 0x10,
    0x0b, 0xff, 0xff, 0xb0, 0x00, 0x00, 0x00, 0x00,
    0x00, 0x00, 0x00, 0x00, 0x1e, 0xff, 0xff, 0xa0,
    0x6f, 0xff, 0xfe, 0x10, 0x00, 0x00, 0x00, 0x00,
    0x00, 0x00, 0x00, 0x00, 0x04, 0xff, 0xff, 0xf5,

    /* U+0059 "Y" */
    0x8f, 0xff, 0xfe, 0x10, 0x00, 0x00, 0x00, 0x00,
    0x00, 0x00, 0x00, 0x00, 0x01, 0xef, 0xff, 0xf4,
    0x0d, 0xff, 0xff, 0xa0, 0x00, 0x00, 0x00, 0x00,
    0x00, 0x00, 0x00, 0x00, 0x0a, 0xff, 0xff, 0x90,
    0x03, 0xff, 0xff, 0xf4, 0x00, 0x00, 0x00, 0x00,
    0x00, 0x00, 0x00, 0x00, 0x4f, 0xff, 0xfe, 0x00,
    0x00, 0x9f, 0xff, 0xfe, 0x00, 0x00, 0x00, 0x00,
    0x00, 0x00, 0x00, 0x00, 0xef, 0xff, 0xf4, 0x00,
    0x00, 0x0d, 0xff, 0xff, 0x90, 0x00, 0x00, 0x00,
    0x00, 0x00, 0x00, 0x09, 0xff, 0xff, 0x90, 0x00,
    0x00, 0x04, 0xff, 0xff, 0xf3, 0x00, 0x00, 0x00,
    0x00, 0x00, 0x00, 0x3f, 0xff, 0xfd, 0x00, 0x00,
    0x00, 0x00, 0x9f, 0xff, 0xfd, 0x00, 0x00, 0x00,
    0x00, 0x00, 0x00, 0xdf, 0xff, 0xf3, 0x00, 0x00,
    0x00, 0x00, 0x0e, 0xff, 0xff, 0x70, 0x00, 0x00,
    0x00, 0x00, 0x08, 0xff, 0xff, 0x80, 0x00, 0x00,
    0x00, 0x00, 0x04, 0xff, 0xff, 0xf2, 0x00, 0x00,
    0x00, 0x00, 0x2f, 0xff, 0xfd, 0x00, 0x00, 0x00,
    0x00, 0x00, 0x00, 0x9f, 0xff, 0xfc, 0x00, 0x00,
    0x00, 0x00, 0xcf, 0xff, 0xf3, 0x00, 0x00, 0x00,
    0x00, 0x00, 0x00, 0x1e, 0xff, 0xff, 0x60, 0x00,
    0x00, 0x07, 0xff, 0xff, 0x80, 0x00, 0x00, 0x00,
    0x00, 0x00, 0x00, 0x04, 0xff, 0xff, 0xf1, 0x00,
    0x00, 0x1f, 0xff, 0xfc, 0x00, 0x00, 0x00, 0x00,
    0x00, 0x00, 0x00, 0x00, 0xaf, 0xff, 0xfa, 0x00,
    0x00, 0xbf, 0xff, 0xf2, 0x00, 0x00, 0x00, 0x00,
    0x00, 0x00, 0x00, 0x00, 0x1e, 0xff, 0xff, 0x40,
    0x05, 0xff, 0xff, 0x70, 0x00, 0x00, 0x00, 0x00,
    0x00, 0x00, 0x00, 0x00, 0x05, 0xff, 0xff, 0xc0,
    0x0d, 0xff, 0xfc, 0x00, 0x00, 0x00, 0x00, 0x00,
    0x00, 0x00, 0x00, 0x00, 0x00, 0xaf, 0xff, 0xf6,
    0x7f, 0xff, 0xf2, 0x00, 0x00, 0x00, 0x00, 0x00,
    0x00, 0x00, 0x00, 0x00, 0x00, 0x1e, 0xff, 0xfe,
    0xff, 0xff, 0x60, 0x00, 0x00, 0x00, 0x00, 0x00,
    0x00, 0x00, 0x00, 0x00, 0x00, 0x05, 0xff, 0xff,
    0xff, 0xfb, 0x00, 0x00, 0x00, 0x00, 0x00, 0x00,
    0x00, 0x00, 0x00, 0x00, 0x00, 0x00, 0xbf, 0xff,
    0xff, 0xf1, 0x00, 0x00, 0x00, 0x00, 0x00, 0x00,
    0x00, 0x00, 0x00, 0x00, 0x00, 0x00, 0x1f, 0xff,
    0xff, 0x60, 0x00, 0x00, 0x00, 0x00, 0x00, 0x00,
    0x00, 0x00, 0x00, 0x00, 0x00, 0x00, 0x09, 0xff,
    0xff, 0x00, 0x00, 0x00, 0x00, 0x00, 0x00, 0x00,
    0x00, 0x00, 0x00, 0x00, 0x00, 0x00, 0x09, 0xff,
    0xff, 0x00, 0x00, 0x00, 0x00, 0x00, 0x00, 0x00,
    0x00, 0x00, 0x00, 0x00, 0x00, 0x00, 0x09, 0xff,
    0xff, 0x00, 0x00, 0x00, 0x00, 0x00, 0x00, 0x00,
    0x00, 0x00, 0x00, 0x00, 0x00, 0x00, 0x09, 0xff,
    0xff, 0x00, 0x00, 0x00, 0x00, 0x00, 0x00, 0x00,
    0x00, 0x00, 0x00, 0x00, 0x00, 0x00, 0x09, 0xff,
    0xff, 0x00, 0x00, 0x00, 0x00, 0x00, 0x00, 0x00,
    0x00, 0x00, 0x00, 0x00, 0x00, 0x00, 0x09, 0xff,
    0xff, 0x00, 0x00, 0x00, 0x00, 0x00, 0x00, 0x00,
    0x00, 0x00, 0x00, 0x00, 0x00, 0x00, 0x09, 0xff,
    0xff, 0x00, 0x00, 0x00, 0x00, 0x00, 0x00, 0x00,
    0x00, 0x00, 0x00, 0x00, 0x00, 0x00, 0x09, 0xff,
    0xff, 0x00, 0x00, 0x00, 0x00, 0x00, 0x00, 0x00,
    0x00, 0x00, 0x00, 0x00, 0x00, 0x00, 0x09, 0xff,
    0xff, 0x00, 0x00, 0x00, 0x00, 0x00, 0x00, 0x00,
    0x00, 0x00, 0x00, 0x00, 0x00, 0x00, 0x09, 0xff,
    0xff, 0x00, 0x00, 0x00, 0x00, 0x00, 0x00, 0x00,
    0x00, 0x00, 0x00, 0x00, 0x00, 0x00, 0x09, 0xff,
    0xff, 0x00, 0x00, 0x00, 0x00, 0x00, 0x00, 0x00,
    0x00, 0x00, 0x00, 0x00, 0x00, 0x00, 0x09, 0xff,
    0xff, 0x00, 0x00, 0x00, 0x00, 0x00, 0x00, 0x00,
    0x00, 0x00, 0x00, 0x00, 0x00, 0x00, 0x09, 0xff,
    0xff, 0x00, 0x00, 0x00, 0x00, 0x00, 0x00, 0x00,
    0x00, 0x00, 0x00, 0x00, 0x00, 0x00, 0x09, 0xff,
    0xff, 0x00, 0x00, 0x00, 0x00, 0x00, 0x00, 0x00,
    0x00, 0x00, 0x00, 0x00, 0x00, 0x00, 0x09, 0xff,
    0xff, 0x00, 0x00, 0x00, 0x00, 0x00, 0x00, 0x00,

    /* U+005A "Z" */
    0x00, 0x0f, 0xff, 0xff, 0xff, 0xff, 0xff, 0xff,
    0xff, 0xff, 0xff, 0xff, 0xff, 0xf9, 0x00, 0x00,
    0xff, 0xff, 0xff, 0xff, 0xff, 0xff, 0xff, 0xff,
    0xff, 0xff, 0xff, 0xff, 0x90, 0x00, 0x0f, 0xff,
    0xff, 0xff, 0xff, 0xff, 0xff, 0xff, 0xff, 0xff,
    0xff, 0xff, 0xf9, 0x00, 0x00, 0xff, 0xff, 0xff,
    0xff, 0xff, 0xff, 0xff, 0xff, 0xff, 0xff, 0xff,
    0xff, 0x90, 0x00, 0x02, 0x22, 0x22, 0x22, 0x22,
    0x22, 0x22, 0x22, 0x22, 0x26, 0xff, 0xff, 0xf4,
    0x00, 0x00, 0x00, 0x00, 0x00, 0x00, 0x00, 0x00,
    0x00, 0x00, 0x02, 0xef, 0xff, 0xf7, 0x00, 0x00,
    0x00, 0x00, 0x00, 0x00, 0x00, 0x00, 0x00, 0x00,
    0x01, 0xef, 0xff, 0xfa, 0x00, 0x00, 0x00, 0x00,
    0x00, 0x00, 0x00, 0x00, 0x00, 0x00, 0x00, 0xcf,
    0xff, 0xfd, 0x00, 0x00, 0x00, 0x00, 0x00, 0x00,
    0x00, 0x00, 0x00, 0x00, 0x00, 0x9f, 0xff, 0xff,
    0x20, 0x00, 0x00, 0x00, 0x00, 0x00, 0x00, 0x00,
    0x00, 0x00, 0x00, 0x6f, 0xff, 0xff, 0x40, 0x00,
    0x00, 0x00, 0x00, 0x00, 0x00, 0x00, 0x00, 0x00,
    0x00, 0x3f, 0xff, 0xff, 0x80, 0x00, 0x00, 0x00,
    0x00, 0x00, 0x00, 0x00, 0x00, 0x00, 0x00, 0x1e,
    0xff, 0xff, 0xb0, 0x00, 0x00, 0x00, 0x00, 0x00,
    0x00, 0x00, 0x00, 0x00, 0x00, 0x0b, 0xff, 0xff,
    0xd1, 0x00, 0x00, 0x00, 0x00, 0x00, 0x00, 0x00,
    0x00, 0x00, 0x00, 0x08, 0xff, 0xff, 0xf2, 0x00,
    0x00, 0x00, 0x00, 0x00, 0x00, 0x00, 0x00, 0x00,
    0x00, 0x05, 0xff, 0xff, 0xf5, 0x00, 0x00, 0x00,
    0x00, 0x00, 0x00, 0x00, 0x00, 0x00, 0x00, 0x02,
    0xff, 0xff, 0xf8, 0x00, 0x00, 0x00, 0x00, 0x00,
    0x00, 0x00, 0x00, 0x00, 0x00, 0x00, 0xdf, 0xff,
    0xfb, 0x00, 0x00, 0x00, 0x00, 0x00, 0x00, 0x00,
    0x00, 0x00, 0x00, 0x00, 0xaf, 0xff, 0xfd, 0x10,
    0x00, 0x00, 0x00, 0x00, 0x00, 0x00, 0x00, 0x00,
    0x00, 0x00, 0x7f, 0xff, 0xff, 0x30, 0x00, 0x00,
    0x00, 0x00, 0x00, 0x00, 0x00, 0x00, 0x00, 0x00,
    0x4f, 0xff, 0xff, 0x50, 0x00, 0x00, 0x00, 0x00,
    0x00, 0x00, 0x00, 0x00, 0x00, 0x00, 0x1e, 0xff,
    0xff, 0x80, 0x00, 0x00, 0x00, 0x00, 0x00, 0x00,
    0x00, 0x00, 0x00, 0x00, 0x0c, 0xff, 0xff, 0xc0,
    0x00, 0x00, 0x00, 0x00, 0x00, 0x00, 0x00, 0x00,
    0x00, 0x00, 0x09, 0xff, 0xff, 0xe1, 0x00, 0x00,
    0x00, 0x00, 0x00, 0x00, 0x00, 0x00, 0x00, 0x00,
    0x06, 0xff, 0xff, 0xf3, 0x00, 0x00, 0x00, 0x00,
    0x00, 0x00, 0x00, 0x00, 0x00, 0x00, 0x03, 0xff,
    0xff, 0xf6, 0x00, 0x00, 0x00, 0x00, 0x00, 0x00,
    0x00, 0x00, 0x00, 0x00, 0x01, 0xef, 0xff, 0xf9,
    0x00, 0x00, 0x00, 0x00, 0x00, 0x00, 0x00, 0x00,
    0x00, 0x00, 0x00, 0xbf, 0xff, 0xfc, 0x00, 0x00,
    0x00, 0x00, 0x00, 0x00, 0x00, 0x00, 0x00, 0x00,
    0x00, 0x8f, 0xff, 0xfe, 0x10, 0x00, 0x00, 0x00,
    0x00, 0x00, 0x00, 0x00, 0x00, 0x00, 0x00, 0x5f,
    0xff, 0xff, 0x30, 0x00, 0x00, 0x00, 0x00, 0x00,
    0x00, 0x00, 0x00, 0x00, 0x00, 0x2f, 0xff, 0xff,
    0x50, 0x00, 0x00, 0x00, 0x00, 0x00, 0x00, 0x00,
    0x00, 0x00, 0x00, 0x0d, 0xff, 0xff, 0x92, 0x22,
    0x22, 0x22, 0x22, 0x22, 0x22, 0x22, 0x22, 0x22,
    0x22, 0x00, 0xff, 0xff, 0xff, 0xff, 0xff, 0xff,
    0xff, 0xff, 0xff, 0xff, 0xff, 0xff, 0xff, 0xf2,
    0x0f, 0xff, 0xff, 0xff, 0xff, 0xff, 0xff, 0xff,
    0xff, 0xff, 0xff, 0xff, 0xff, 0xff, 0x20, 0xff,
    0xff, 0xff, 0xff, 0xff, 0xff, 0xff, 0xff, 0xff,
    0xff, 0xff, 0xff, 0xff, 0xf2, 0x0f, 0xff, 0xff,
    0xff, 0xff, 0xff, 0xff, 0xff, 0xff, 0xff, 0xff,
    0xff, 0xff, 0xff, 0x20,

    /* U+005B "[" */
    0xbf, 0xff, 0xff, 0xff, 0xf9, 0xbf, 0xff, 0xff,
    0xff, 0xf9, 0xbf, 0xff, 0xff, 0xff, 0xf9, 0xbf,
    0xff, 0xc9, 0x99, 0x95, 0xbf, 0xff, 0x70, 0x00,
    0x00, 0xbf, 0xff, 0x70, 0x00, 0x00, 0xbf, 0xff,
    0x70, 0x00, 0x00, 0xbf, 0xff, 0x70, 0x00, 0x00,
    0xbf, 0xff, 0x70, 0x00, 0x00, 0xbf, 0xff, 0x70,
    0x00, 0x00, 0xbf, 0xff, 0x70, 0x00, 0x00, 0xbf,
    0xff, 0x70, 0x00, 0x00, 0xbf, 0xff, 0x70, 0x00,
    0x00, 0xbf, 0xff, 0x70, 0x00, 0x00, 0xbf, 0xff,
    0x70, 0x00, 0x00, 0xbf, 0xff, 0x70, 0x00, 0x00,
    0xbf, 0xff, 0x70, 0x00, 0x00, 0xbf, 0xff, 0x70,
    0x00, 0x00, 0xbf, 0xff, 0x70, 0x00, 0x00, 0xbf,
    0xff, 0x70, 0x00, 0x00, 0xbf, 0xff, 0x70, 0x00,
    0x00, 0xbf, 0xff, 0x70, 0x00, 0x00, 0xbf, 0xff,
    0x70, 0x00, 0x00, 0xbf, 0xff, 0x70, 0x00, 0x00,
    0xbf, 0xff, 0x70, 0x00, 0x00, 0xbf, 0xff, 0x70,
    0x00, 0x00, 0xbf, 0xff, 0x70, 0x00, 0x00, 0xbf,
    0xff, 0x70, 0x00, 0x00, 0xbf, 0xff, 0x70, 0x00,
    0x00, 0xbf, 0xff, 0x70, 0x00, 0x00, 0xbf, 0xff,
    0x70, 0x00, 0x00, 0xbf, 0xff, 0x70, 0x00, 0x00,
    0xbf, 0xff, 0x70, 0x00, 0x00, 0xbf, 0xff, 0x70,
    0x00, 0x00, 0xbf, 0xff, 0x70, 0x00, 0x00, 0xbf,
    0xff, 0x70, 0x00, 0x00, 0xbf, 0xff, 0x70, 0x00,
    0x00, 0xbf, 0xff, 0x70, 0x00, 0x00, 0xbf, 0xff,
    0x70, 0x00, 0x00, 0xbf, 0xff, 0x70, 0x00, 0x00,
    0xbf, 0xff, 0x70, 0x00, 0x00, 0xbf, 0xff, 0xc9,
    0x99, 0x95, 0xbf, 0xff, 0xff, 0xff, 0xf9, 0xbf,
    0xff, 0xff, 0xff, 0xf9, 0xbf, 0xff, 0xff, 0xff,
    0xf9,

    /* U+005C "\\" */
    0x78, 0x83, 0x00, 0x00, 0x00, 0x00, 0x00, 0xbf,
    0xfa, 0x00, 0x00, 0x00, 0x00, 0x00, 0x7f, 0xfe,
    0x00, 0x00, 0x00, 0x00, 0x00, 0x2f, 0xff, 0x30,
    0x00, 0x00, 0x00, 0x00, 0x0e, 0xff, 0x70, 0x00,
    0x00, 0x00, 0x00, 0x0a, 0xff, 0xc0, 0x00, 0x00,
    0x00, 0x00, 0x05, 0xff, 0xf0, 0x00, 0x00, 0x00,
    0x00, 0x01, 0xff, 0xf4, 0x00, 0x00, 0x00, 0x00,
    0x00, 0xdf, 0xf9, 0x00, 0x00, 0x00, 0x00, 0x00,
    0x8f, 0xfd, 0x00, 0x00, 0x00, 0x00, 0x00, 0x4f,
    0xff, 0x20, 0x00, 0x00, 0x00, 0x00, 0x0f, 0xff,
    0x60, 0x00, 0x00, 0x00, 0x00, 0x0b, 0xff, 0xa0,
    0x00, 0x00, 0x00, 0x00, 0x07, 0xff, 0xe0, 0x00,
    0x00, 0x00, 0x00, 0x02, 0xff, 0xf3, 0x00, 0x00,
    0x00, 0x00, 0x00, 0xef, 0xf7, 0x00, 0x00, 0x00,
    0x00, 0x00, 0xaf, 0xfc, 0x00, 0x00, 0x00, 0x00,
    0x00, 0x5f, 0xff, 0x00, 0x00, 0x00, 0x00, 0x00,
    0x1f, 0xff, 0x40, 0x00, 0x00, 0x00, 0x00, 0x0d,
    0xff, 0x90, 0x00, 0x00, 0x00, 0x00, 0x08, 0xff,
    0xd0, 0x00, 0x00, 0x00, 0x00, 0x04, 0xff, 0xf1,
    0x00, 0x00, 0x00, 0x00, 0x00, 0xff, 0xf6, 0x00,
    0x00, 0x00, 0x00, 0x00, 0xbf, 0xfa, 0x00, 0x00,
    0x00, 0x00, 0x00, 0x7f, 0xfe, 0x00, 0x00, 0x00,
    0x00, 0x00, 0x2f, 0xff, 0x30, 0x00, 0x00, 0x00,
    0x00, 0x0e, 0xff, 0x70, 0x00, 0x00, 0x00, 0x00,
    0x0a, 0xff, 0xc0, 0x00, 0x00, 0x00, 0x00, 0x05,
    0xff, 0xf0, 0x00, 0x00, 0x00, 0x00, 0x01, 0xff,
    0xf4, 0x00, 0x00, 0x00, 0x00, 0x00, 0xcf, 0xf9,
    0x00, 0x00, 0x00, 0x00, 0x00, 0x8f, 0xfd, 0x00,
    0x00, 0x00, 0x00, 0x00, 0x4f, 0xff, 0x10, 0x00,
    0x00, 0x00, 0x00, 0x0f, 0xff, 0x60, 0x00, 0x00,
    0x00, 0x00, 0x0b, 0xff, 0xa0, 0x00, 0x00, 0x00,
    0x00, 0x07, 0xff, 0xe0, 0x00, 0x00, 0x00, 0x00,
    0x02, 0xff, 0xf3,

    /* U+005D "]" */
    0x1f, 0xff, 0xff, 0xff, 0xff, 0x31, 0xff, 0xff,
    0xff, 0xff, 0xf3, 0x1f, 0xff, 0xff, 0xff, 0xff,
    0x30, 0x99, 0x99, 0x9f, 0xff, 0xf3, 0x00, 0x00,
    0x00, 0xff, 0xff, 0x30, 0x00, 0x00, 0x0f, 0xff,
    0xf3, 0x00, 0x00, 0x00, 0xff, 0xff, 0x30, 0x00,
    0x00, 0x0f, 0xff, 0xf3, 0x00, 0x00, 0x00, 0xff,
    0xff, 0x30, 0x00, 0x00, 0x0f, 0xff, 0xf3, 0x00,
    0x00, 0x00, 0xff, 0xff, 0x30, 0x00, 0x00, 0x0f,
    0xff, 0xf3, 0x00, 0x00, 0x00, 0xff, 0xff, 0x30,
    0x00, 0x00, 0x0f, 0xff, 0xf3, 0x00, 0x00, 0x00,
    0xff, 0xff, 0x30, 0x00, 0x00, 0x0f, 0xff, 0xf3,
    0x00, 0x00, 0x00, 0xff, 0xff, 0x30, 0x00, 0x00,
    0x0f, 0xff, 0xf3, 0x00, 0x00, 0x00, 0xff, 0xff,
    0x30, 0x00, 0x00, 0x0f, 0xff, 0xf3, 0x00, 0x00,
    0x00, 0xff, 0xff, 0x30, 0x00, 0x00, 0x0f, 0xff,
    0xf3, 0x00, 0x00, 0x00, 0xff, 0xff, 0x30, 0x00,
    0x00, 0x0f, 0xff, 0xf3, 0x00, 0x00, 0x00, 0xff,
    0xff, 0x30, 0x00, 0x00, 0x0f, 0xff, 0xf3, 0x00,
    0x00, 0x00, 0xff, 0xff, 0x30, 0x00, 0x00, 0x0f,
    0xff, 0xf3, 0x00, 0x00, 0x00, 0xff, 0xff, 0x30,
    0x00, 0x00, 0x0f, 0xff, 0xf3, 0x00, 0x00, 0x00,
    0xff, 0xff, 0x30, 0x00, 0x00, 0x0f, 0xff, 0xf3,
    0x00, 0x00, 0x00, 0xff, 0xff, 0x30, 0x00, 0x00,
    0x0f, 0xff, 0xf3, 0x00, 0x00, 0x00, 0xff, 0xff,
    0x30, 0x00, 0x00, 0x0f, 0xff, 0xf3, 0x00, 0x00,
    0x00, 0xff, 0xff, 0x30, 0x00, 0x00, 0x0f, 0xff,
    0xf3, 0x00, 0x00, 0x00, 0xff, 0xff, 0x30, 0x00,
    0x00, 0x0f, 0xff, 0xf3, 0x00, 0x00, 0x00, 0xff,
    0xff, 0x30, 0x99, 0x99, 0x9f, 0xff, 0xf3, 0x1f,
    0xff, 0xff, 0xff, 0xff, 0x31, 0xff, 0xff, 0xff,
    0xff, 0xf3, 0x1f, 0xff, 0xff, 0xff, 0xff, 0x30,

    /* U+005E "^" */
    0x00, 0x00, 0x00, 0x00, 0xaf, 0xff, 0x20, 0x00,
    0x00, 0x00, 0x00, 0x00, 0x00, 0x00, 0x1f, 0xff,
    0xf9, 0x00, 0x00, 0x00, 0x00, 0x00, 0x00, 0x00,
    0x08, 0xff, 0xff, 0xf1, 0x00, 0x00, 0x00, 0x00,
    0x00, 0x00, 0x00, 0xef, 0xff, 0xff, 0x70, 0x00,
    0x00, 0x00, 0x00, 0x00, 0x00, 0x6f, 0xff, 0xff,
    0xfe, 0x00, 0x00, 0x00, 0x00, 0x00, 0x00, 0x0d,
    0xff, 0xe8, 0xff, 0xf5, 0x00, 0x00, 0x00, 0x00,
    0x00, 0x04, 0xff, 0xf9, 0x1f, 0xff, 0xc0, 0x00,
    0x00, 0x00, 0x00, 0x00, 0xbf, 0xff, 0x20, 0xaf,
    0xff, 0x30, 0x00, 0x00, 0x00, 0x00, 0x2f, 0xff,
    0xc0, 0x04, 0xff, 0xfa, 0x00, 0x00, 0x00, 0x00,
    0x09, 0xff, 0xf6, 0x00, 0x0d, 0xff, 0xf1, 0x00,
    0x00, 0x00, 0x01, 0xff, 0xff, 0x00, 0x00, 0x7f,
    0xff, 0x80, 0x00, 0x00, 0x00, 0x7f, 0xff, 0x90,
    0x00, 0x01, 0xff, 0xfe, 0x00, 0x00, 0x00, 0x0e,
    0xff, 0xf3, 0x00, 0x00, 0x0a, 0xff, 0xf6, 0x00,
    0x00, 0x05, 0xff, 0xfc, 0x00, 0x00, 0x00, 0x3f,
    0xff, 0xd0, 0x00, 0x00, 0xcf, 0xff, 0x60, 0x00,
    0x00, 0x00, 0xdf, 0xff, 0x40, 0x00, 0x3f, 0xff,
    0xf0, 0x00, 0x00, 0x00, 0x06, 0xff, 0xfb, 0x00,
    0x0a, 0xff, 0xf9, 0x00, 0x00, 0x00, 0x00, 0x0f,
    0xff, 0xf2, 0x01, 0xff, 0xff, 0x30, 0x00, 0x00,
    0x00, 0x00, 0x9f, 0xff, 0x90, 0x8f, 0xff, 0xc0,
    0x00, 0x00, 0x00, 0x00, 0x03, 0xff, 0xff, 0x10,

    /* U+005F "_" */
    0x12, 0x22, 0x22, 0x22, 0x22, 0x22, 0x22, 0x22,
    0x22, 0x22, 0x22, 0x22, 0x22, 0x22, 0x0b, 0xff,
    0xff, 0xff, 0xff, 0xff, 0xff, 0xff, 0xff, 0xff,
    0xff, 0xff, 0xff, 0xff, 0xf3, 0xbf, 0xff, 0xff,
    0xff, 0xff, 0xff, 0xff, 0xff, 0xff, 0xff, 0xff,
    0xff, 0xff, 0xff, 0x3b, 0xff, 0xff, 0xff, 0xff,
    0xff, 0xff, 0xff, 0xff, 0xff, 0xff, 0xff, 0xff,
    0xff, 0xf3,

    /* U+0060 "`" */
    0x7b, 0xbb, 0xba, 0x00, 0x01, 0xdf, 0xff, 0xf4,
    0x00, 0x02, 0xff, 0xff, 0xc0, 0x00, 0x05, 0xff,
    0xff, 0x40, 0x00, 0x08, 0xff, 0xfb, 0x00, 0x00,
    0x0b, 0xff, 0xf3, 0x00, 0x00, 0x0d, 0xff, 0xa0,

    /* U+0061 "a" */
    0x00, 0x00, 0x00, 0x00, 0x03, 0x56, 0x77, 0x64,
    0x20, 0x00, 0x00, 0x00, 0x00, 0x00, 0x00, 0x6b,
    0xff, 0xff, 0xff, 0xff, 0xfd, 0x70, 0x00, 0x00,
    0x00, 0x00, 0x3d, 0xff, 0xff, 0xff, 0xff, 0xff,
    0xff, 0xfe, 0x30, 0x00, 0x00, 0x05, 0xff, 0xff,
    0xff, 0xff, 0xff, 0xff, 0xff, 0xff, 0xe1, 0x00,
    0x00, 0x2f, 0xff, 0xff, 0xa5, 0x21, 0x12, 0x5a,
    0xff, 0xff, 0xf9, 0x00, 0x00, 0xaf, 0xff, 0xf4,
    0x00, 0x00, 0x00, 0x00, 0x3f, 0xff, 0xfe, 0x00,
    0x01, 0xff, 0xff, 0x80, 0x00, 0x00, 0x00, 0x00,
    0x06, 0xff, 0xff, 0x20, 0x05, 0xff, 0xff, 0x00,
    0x00, 0x00, 0x00, 0x00, 0x01, 0xff, 0xff, 0x40,
    0x01, 0x57, 0x98, 0x00, 0x00, 0x00, 0x00, 0x00,
    0x00, 0xff, 0xff, 0x40, 0x00, 0x00, 0x00, 0x00,
    0x00, 0x00, 0x00, 0x00, 0x00, 0xef, 0xff, 0x50,
    0x00, 0x00, 0x00, 0x00, 0x00, 0x00, 0x00, 0x02,
    0x6a, 0xff, 0xff, 0x50, 0x00, 0x00, 0x00, 0x00,
    0x13, 0x58, 0xac, 0xff, 0xff, 0xff, 0xff, 0x50,
    0x00, 0x00, 0x04, 0xae, 0xff, 0xff, 0xff, 0xff,
    0xff, 0xff, 0xff, 0x50, 0x00, 0x02, 0xcf, 0xff,
    0xff, 0xff, 0xff, 0xff, 0xfa, 0xff, 0xff, 0x50,
    0x00, 0x4f, 0xff, 0xff, 0xff, 0xff, 0xda, 0x73,
    0x00, 0xff, 0xff, 0x50, 0x01, 0xef, 0xff, 0xfd,
    0x85, 0x20, 0x00, 0x00, 0x00, 0xff, 0xff, 0x50,
    0x09, 0xff, 0xff, 0x80, 0x00, 0x00, 0x00, 0x00,
    0x00, 0xff, 0xff, 0x50, 0x0f, 0xff, 0xfb, 0x00,
    0x00, 0x00, 0x00, 0x00, 0x02, 0xff, 0xff, 0x50,
    0x2f, 0xff, 0xf5, 0x00, 0x00, 0x00, 0x00, 0x00,
    0x06, 0xff, 0xff, 0x50, 0x3f, 0xff, 0xf4, 0x00,
    0x00, 0x00, 0x00, 0x00, 0x0c, 0xff, 0xff, 0x50,
    0x2f, 0xff, 0xf7, 0x00, 0x00, 0x00, 0x00, 0x00,
    0x8f, 0xff, 0xff, 0x60, 0x0e, 0xff, 0xfe, 0x20,
    0x00, 0x00, 0x00, 0x09, 0xff, 0xff, 0xff, 0x70,
    0x08, 0xff, 0xff, 0xe6, 0x10, 0x00, 0x27, 0xef,
    0xff, 0xff, 0xff, 0x80, 0x01, 0xdf, 0xff, 0xff,
    0xfe, 0xef, 0xff, 0xff, 0xf9, 0x8f, 0xff, 0xb0,
    0x00, 0x2d, 0xff, 0xff, 0xff, 0xff, 0xff, 0xfe,
    0x50, 0x4f, 0xff, 0xf0, 0x00, 0x00, 0x8e, 0xff,
    0xff, 0xff, 0xfc, 0x70, 0x00, 0x0e, 0xff, 0xf6,
    0x00, 0x00, 0x00, 0x36, 0x77, 0x64, 0x10, 0x00,
    0x00, 0x00, 0x00, 0x00,

    /* U+0062 "b" */
    0xdf, 0xff, 0x50, 0x00, 0x00, 0x00, 0x00, 0x00,
    0x00, 0x00, 0x00, 0xdf, 0xff, 0x50, 0x00, 0x00,
    0x00, 0x00, 0x00, 0x00, 0x00, 0x00, 0xdf, 0xff,
    0x50, 0x00, 0x00, 0x00, 0x00, 0x00, 0x00, 0x00,
    0x00, 0xdf, 0xff, 0x50, 0x00, 0x00, 0x00, 0x00,
    0x00, 0x00, 0x00, 0x00, 0xdf, 0xff, 0x50, 0x00,
    0x00, 0x00, 0x00, 0x00, 0x00, 0x00, 0x00, 0xdf,
    0xff, 0x50, 0x00, 0x00, 0x00, 0x00, 0x00, 0x00,
    0x00, 0x00, 0xdf, 0xff, 0x50, 0x00, 0x00, 0x00,
    0x00, 0x00, 0x00, 0x00, 0x00, 0xdf, 0xff, 0x50,
    0x00, 0x00, 0x00, 0x00, 0x00, 0x00, 0x00, 0x00,
    0xdf, 0xff, 0x50, 0x00, 0x00, 0x00, 0x00, 0x00,
    0x00, 0x00, 0x00, 0xdf, 0xff, 0x50, 0x00, 0x14,
    0x67, 0x53, 0x00, 0x00, 0x00, 0x00, 0xdf, 0xff,
    0x50, 0x1a, 0xff, 0xff, 0xff, 0xe8, 0x10, 0x00,
    0x00, 0xdf, 0xff, 0x54, 0xff, 0xff, 0xff, 0xff,
    0xff, 0xe5, 0x00, 0x00, 0xdf, 0xff, 0x9f, 0xff,
    0xff, 0xff, 0xff, 0xff, 0xff, 0x60, 0x00, 0xdf,
    0xff, 0xff, 0xff, 0x83, 0x12, 0x5b, 0xff, 0xff,
    0xf3, 0x00, 0xdf, 0xff, 0xff, 0xd2, 0x00, 0x00,
    0x00, 0x6f, 0xff, 0xfd, 0x00, 0xdf, 0xff, 0xfe,
    0x10, 0x00, 0x00, 0x00, 0x07, 0xff, 0xff, 0x50,
    0xdf, 0xff, 0xf5, 0x00, 0x00, 0x00, 0x00, 0x00,
    0xcf, 0xff, 0xb0, 0xdf, 0xff, 0xd0, 0x00, 0x00,
    0x00, 0x00, 0x00, 0x5f, 0xff, 0xf1, 0xdf, 0xff,
    0x70, 0x00, 0x00, 0x00, 0x00, 0x00, 0x0f, 0xff,
    0xf4, 0xdf, 0xff, 0x40, 0x00, 0x00, 0x00, 0x00,
    0x00, 0x0d, 0xff, 0xf8, 0xdf, 0xff, 0x10, 0x00,
    0x00, 0x00, 0x00, 0x00, 0x0b, 0xff, 0xf9, 0xdf,
    0xff, 0x00, 0x00, 0x00, 0x00, 0x00, 0x00, 0x0a,
    0xff, 0xfb, 0xdf, 0xff, 0x00, 0x00, 0x00, 0x00,
    0x00, 0x00, 0x09, 0xff, 0xfb, 0xdf, 0xff, 0x00,
    0x00, 0x00, 0x00, 0x00, 0x00, 0x0a, 0xff, 0xfa,
    0xdf, 0xff, 0x10, 0x00, 0x00, 0x00, 0x00, 0x00,
    0x0b, 0xff, 0xf9, 0xdf, 0xff, 0x30, 0x00, 0x00,
    0x00, 0x00, 0x00, 0x0d, 0xff, 0xf7, 0xdf, 0xff,
    0x60, 0x00, 0x00, 0x00, 0x00, 0x00, 0x1f, 0xff,
    0xf3, 0xdf, 0xff, 0xb0, 0x00, 0x00, 0x00, 0x00,
    0x00, 0x6f, 0xff, 0xf0, 0xdf, 0xff, 0xf2, 0x00,
    0x00, 0x00, 0x00, 0x00, 0xdf, 0xff, 0xa0, 0xdf,
    0xff, 0xfc, 0x00, 0x00, 0x00, 0x00, 0x09, 0xff,
    0xff, 0x30, 0xdf, 0xff, 0xff, 0xb0, 0x00, 0x00,
    0x00, 0x8f, 0xff, 0xfa, 0x00, 0xdf, 0xff, 0xff,
    0xfe, 0x72, 0x12, 0x6d, 0xff, 0xff, 0xd0, 0x00,
    0xdf, 0xff, 0x6f, 0xff, 0xff, 0xff, 0xff, 0xff,
    0xfe, 0x20, 0x00, 0xdf, 0xff, 0x16, 0xff, 0xff,
    0xff, 0xff, 0xff, 0xc1, 0x00, 0x00, 0xdf, 0xff,
    0x10, 0x3b, 0xff, 0xff, 0xff, 0xd6, 0x00, 0x00,
    0x00, 0x00, 0x00, 0x00, 0x00, 0x15, 0x77, 0x52,
    0x00, 0x00, 0x00, 0x00,

    /* U+0063 "c" */
    0x00, 0x00, 0x00, 0x00, 0x02, 0x57, 0x76, 0x41,
    0x00, 0x00, 0x00, 0x00, 0x00, 0x00, 0x01, 0x8e,
    0xff, 0xff, 0xff, 0xfb, 0x40, 0x00, 0x00, 0x00,
    0x00, 0x07, 0xff, 0xff, 0xff, 0xff, 0xff, 0xff,
    0xa0, 0x00, 0x00, 0x00, 0x0a, 0xff, 0xff, 0xff,
    0xff, 0xff, 0xff, 0xff, 0xc0, 0x00, 0x00, 0x08,
    0xff, 0xff, 0xfa, 0x42, 0x12, 0x7e, 0xff, 0xff,
    0x90, 0x00, 0x03, 0xff, 0xff, 0xe3, 0x00, 0x00,
    0x00, 0x1c, 0xff, 0xff, 0x20, 0x00, 0xcf, 0xff,
    0xf2, 0x00, 0x00, 0x00, 0x00, 0x1e, 0xff, 0xf9,
    0x00, 0x2f, 0xff, 0xf6, 0x00, 0x00, 0x00, 0x00,
    0x00, 0x7f, 0xff, 0xe0, 0x07, 0xff, 0xff, 0x00,
    0x00, 0x00, 0x00, 0x00, 0x01, 0xfd, 0xa8, 0x00,
    0xbf, 0xff, 0xa0, 0x00, 0x00, 0x00, 0x00, 0x00,
    0x00, 0x00, 0x00, 0x0e, 0xff, 0xf7, 0x00, 0x00,
    0x00, 0x00, 0x00, 0x00, 0x00, 0x00, 0x00, 0xff,
    0xff, 0x50, 0x00, 0x00, 0x00, 0x00, 0x00, 0x00,
    0x00, 0x00, 0x1f, 0xff, 0xf4, 0x00, 0x00, 0x00,
    0x00, 0x00, 0x00, 0x00, 0x00, 0x01, 0xff, 0xff,
    0x30, 0x00, 0x00, 0x00, 0x00, 0x00, 0x00, 0x00,
    0x00, 0x1f, 0xff, 0xf4, 0x00, 0x00, 0x00, 0x00,
    0x00, 0x00, 0x00, 0x00, 0x00, 0xff, 0xff, 0x50,
    0x00, 0x00, 0x00, 0x00, 0x00, 0x00, 0x00, 0x00,
    0x0e, 0xff, 0xf7, 0x00, 0x00, 0x00, 0x00, 0x00,
    0x00, 0x11, 0x00, 0x00, 0xbf, 0xff, 0xa0, 0x00,
    0x00, 0x00, 0x00, 0x00, 0x0b, 0xff, 0xc5, 0x07,
    0xff, 0xfe, 0x00, 0x00, 0x00, 0x00, 0x00, 0x00,
    0xff, 0xff, 0x40, 0x2f, 0xff, 0xf6, 0x00, 0x00,
    0x00, 0x00, 0x00, 0x5f, 0xff, 0xf0, 0x00, 0xbf,
    0xff, 0xe1, 0x00, 0x00, 0x00, 0x00, 0x0d, 0xff,
    0xf9, 0x00, 0x03, 0xff, 0xff, 0xd2, 0x00, 0x00,
    0x00, 0x1b, 0xff, 0xff, 0x20, 0x00, 0x08, 0xff,
    0xff, 0xf9, 0x41, 0x13, 0x7e, 0xff, 0xff, 0x70,
    0x00, 0x00, 0x09, 0xff, 0xff, 0xff, 0xff, 0xff,
    0xff, 0xff, 0x90, 0x00, 0x00, 0x00, 0x07, 0xff,
    0xff, 0xff, 0xff, 0xff, 0xff, 0x70, 0x00, 0x00,
    0x00, 0x00, 0x01, 0x9e, 0xff, 0xff, 0xff, 0xfa,
    0x20, 0x00, 0x00, 0x00, 0x00, 0x00, 0x00, 0x03,
    0x57, 0x76, 0x40, 0x00, 0x00, 0x00, 0x00,

    /* U+0064 "d" */
    0x00, 0x00, 0x00, 0x00, 0x00, 0x00, 0x00, 0x00,
    0x00, 0xff, 0xff, 0x30, 0x00, 0x00, 0x00, 0x00,
    0x00, 0x00, 0x00, 0x00, 0x0f, 0xff, 0xf3, 0x00,
    0x00, 0x00, 0x00, 0x00, 0x00, 0x00, 0x00, 0x00,
    0xff, 0xff, 0x30, 0x00, 0x00, 0x00, 0x00, 0x00,
    0x00, 0x00, 0x00, 0x0f, 0xff, 0xf3, 0x00, 0x00,
    0x00, 0x00, 0x00, 0x00, 0x00, 0x00, 0x00, 0xff,
    0xff, 0x30, 0x00, 0x00, 0x00, 0x00, 0x00, 0x00,
    0x00, 0x00, 0x0f, 0xff, 0xf3, 0x00, 0x00, 0x00,
    0x00, 0x00, 0x00, 0x00, 0x00, 0x00, 0xff, 0xff,
    0x30, 0x00, 0x00, 0x00, 0x00, 0x00, 0x00, 0x00,
    0x00, 0x0f, 0xff, 0xf3, 0x00, 0x00, 0x00, 0x00,
    0x00, 0x00, 0x00, 0x00, 0x00, 0xff, 0xff, 0x30,
    0x00, 0x00, 0x00, 0x02, 0x57, 0x75, 0x20, 0x00,
    0x0f, 0xff, 0xf3, 0x00, 0x00, 0x00, 0x6d, 0xff,
    0xff, 0xff, 0xc4, 0x00, 0xff, 0xff, 0x30, 0x00,
    0x01, 0xcf, 0xff, 0xff, 0xff, 0xff, 0xf9, 0x0f,
    0xff, 0xf3, 0x00, 0x02, 0xef, 0xff, 0xff, 0xff,
    0xff, 0xff, 0xf9, 0xff, 0xff, 0x30, 0x00, 0xdf,
    0xff, 0xfe, 0x72, 0x12, 0x6d, 0xff, 0xff, 0xff,
    0xf3, 0x00, 0x7f, 0xff, 0xfb, 0x00, 0x00, 0x00,
    0x08, 0xff, 0xff, 0xff, 0x30, 0x0e, 0xff, 0xfc,
    0x00, 0x00, 0x00, 0x00, 0x09, 0xff, 0xff, 0xf3,
    0x06, 0xff, 0xff, 0x20, 0x00, 0x00, 0x00, 0x00,
    0x0d, 0xff, 0xff, 0x30, 0xbf, 0xff, 0xb0, 0x00,
    0x00, 0x00, 0x00, 0x00, 0x7f, 0xff, 0xf3, 0x0e,
    0xff, 0xf6, 0x00, 0x00, 0x00, 0x00, 0x00, 0x01,
    0xff, 0xff, 0x32, 0xff, 0xff, 0x30, 0x00, 0x00,
    0x00, 0x00, 0x00, 0x0e, 0xff, 0xf3, 0x4f, 0xff,
    0xf1, 0x00, 0x00, 0x00, 0x00, 0x00, 0x00, 0xcf,
    0xff, 0x35, 0xff, 0xff, 0x00, 0x00, 0x00, 0x00,
    0x00, 0x00, 0x0a, 0xff, 0xf3, 0x5f, 0xff, 0xf0,
    0x00, 0x00, 0x00, 0x00, 0x00, 0x00, 0xaf, 0xff,
    0x35, 0xff, 0xff, 0x00, 0x00, 0x00, 0x00, 0x00,
    0x00, 0x0a, 0xff, 0xf3, 0x3f, 0xff, 0xf1, 0x00,
    0x00, 0x00, 0x00, 0x00, 0x00, 0xbf, 0xff, 0x31,
    0xff, 0xff, 0x40, 0x00, 0x00, 0x00, 0x00, 0x00,
    0x0d, 0xff, 0xf3, 0x0e, 0xff, 0xf7, 0x00, 0x00,
    0x00, 0x00, 0x00, 0x00, 0xff, 0xff, 0x30, 0xaf,
    0xff, 0xd0, 0x00, 0x00, 0x00, 0x00, 0x00, 0x5f,
    0xff, 0xf3, 0x04, 0xff, 0xff, 0x40, 0x00, 0x00,
    0x00, 0x00, 0x0c, 0xff, 0xff, 0x30, 0x0d, 0xff,
    0xfe, 0x10, 0x00, 0x00, 0x00, 0x06, 0xff, 0xff,
    0xf3, 0x00, 0x5f, 0xff, 0xfd, 0x10, 0x00, 0x00,
    0x06, 0xff, 0xff, 0xff, 0x30, 0x00, 0x9f, 0xff,
    0xff, 0x83, 0x11, 0x5b, 0xff, 0xff, 0xff, 0xf3,
    0x00, 0x00, 0xbf, 0xff, 0xff, 0xff, 0xff, 0xff,
    0xfa, 0xbf, 0xff, 0x30, 0x00, 0x00, 0x9f, 0xff,
    0xff, 0xff, 0xff, 0xfb, 0x0b, 0xff, 0xf3, 0x00,
    0x00, 0x00, 0x3b, 0xff, 0xff, 0xff, 0xe7, 0x00,
    0xbf, 0xff, 0x30, 0x00, 0x00, 0x00, 0x01, 0x47,
    0x76, 0x30, 0x00, 0x00, 0x00, 0x00,

    /* U+0065 "e" */
    0x00, 0x00, 0x00, 0x00, 0x02, 0x56, 0x76, 0x41,
    0x00, 0x00, 0x00, 0x00, 0x00, 0x00, 0x00, 0x08,
    0xdf, 0xff, 0xff, 0xff, 0xc5, 0x00, 0x00, 0x00,
    0x00, 0x00, 0x05, 0xef, 0xff, 0xff, 0xff, 0xff,
    0xff, 0xc1, 0x00, 0x00, 0x00, 0x00, 0x7f, 0xff,
    0xff, 0xff, 0xff, 0xff, 0xff, 0xfe, 0x20, 0x00,
    0x00, 0x06, 0xff, 0xff, 0xfa, 0x52, 0x12, 0x5c,
    0xff, 0xff, 0xe1, 0x00, 0x00, 0x2f, 0xff, 0xfe,
    0x30, 0x00, 0x00, 0x00, 0x5f, 0xff, 0xfb, 0x00,
    0x00, 0xbf, 0xff, 0xe2, 0x00, 0x00, 0x00, 0x00,
    0x05, 0xff, 0xff, 0x40, 0x02, 0xff, 0xff, 0x50,
    0x00, 0x00, 0x00, 0x00, 0x00, 0xaf, 0xff, 0xb0,
    0x08, 0xff, 0xfe, 0x00, 0x00, 0x00, 0x00, 0x00,
    0x00, 0x4f, 0xff, 0xf0, 0x0b, 0xff, 0xf9, 0x00,
    0x00, 0x00, 0x00, 0x00, 0x00, 0x0f, 0xff, 0xf4,
    0x0f, 0xff, 0xf6, 0x00, 0x00, 0x00, 0x00, 0x00,
    0x00, 0x0d, 0xff, 0xf7, 0x1f, 0xff, 0xff, 0xff,
    0xff, 0xff, 0xff, 0xff, 0xff, 0xff, 0xff, 0xf9,
    0x2f, 0xff, 0xff, 0xff, 0xff, 0xff, 0xff, 0xff,
    0xff, 0xff, 0xff, 0xfa, 0x3f, 0xff, 0xff, 0xff,
    0xff, 0xff, 0xff, 0xff, 0xff, 0xff, 0xff, 0xfb,
    0x2f, 0xff, 0xf9, 0x88, 0x88, 0x88, 0x88, 0x88,
    0x88, 0x88, 0x88, 0x86, 0x1f, 0xff, 0xf3, 0x00,
    0x00, 0x00, 0x00, 0x00, 0x00, 0x00, 0x00, 0x00,
    0x0f, 0xff, 0xf6, 0x00, 0x00, 0x00, 0x00, 0x00,
    0x00, 0x00, 0x00, 0x00, 0x0d, 0xff, 0xfa, 0x00,
    0x00, 0x00, 0x00, 0x00, 0x00, 0x01, 0x00, 0x00,
    0x09, 0xff, 0xfe, 0x00, 0x00, 0x00, 0x00, 0x00,
    0x00, 0x1f, 0xfd, 0xb4, 0x04, 0xff, 0xff, 0x70,
    0x00, 0x00, 0x00, 0x00, 0x00, 0x8f, 0xff, 0xf2,
    0x00, 0xcf, 0xff, 0xf3, 0x00, 0x00, 0x00, 0x00,
    0x03, 0xff, 0xff, 0xc0, 0x00, 0x4f, 0xff, 0xff,
    0x50, 0x00, 0x00, 0x00, 0x3e, 0xff, 0xff, 0x40,
    0x00, 0x08, 0xff, 0xff, 0xfb, 0x52, 0x11, 0x4a,
    0xff, 0xff, 0xf9, 0x00, 0x00, 0x00, 0x9f, 0xff,
    0xff, 0xff, 0xff, 0xff, 0xff, 0xff, 0xa0, 0x00,
    0x00, 0x00, 0x06, 0xff, 0xff, 0xff, 0xff, 0xff,
    0xff, 0xf8, 0x00, 0x00, 0x00, 0x00, 0x00, 0x18,
    0xdf, 0xff, 0xff, 0xff, 0xf9, 0x20, 0x00, 0x00,
    0x00, 0x00, 0x00, 0x00, 0x02, 0x56, 0x77, 0x53,
    0x00, 0x00, 0x00, 0x00,

    /* U+0066 "f" */
    0x00, 0x00, 0x00, 0x00, 0x26, 0x77, 0x64, 0x20,
    0x00, 0x00, 0x03, 0xdf, 0xff, 0xff, 0xfe, 0x00,
    0x00, 0x04, 0xff, 0xff, 0xff, 0xff, 0xb0, 0x00,
    0x00, 0xef, 0xff, 0xff, 0xff, 0xf9, 0x00, 0x00,
    0x6f, 0xff, 0xff, 0xa7, 0x89, 0x40, 0x00, 0x0a,
    0xff, 0xff, 0x20, 0x00, 0x00, 0x00, 0x00, 0xcf,
    0xff, 0x90, 0x00, 0x00, 0x00, 0x00, 0x0c, 0xff,
    0xf6, 0x00, 0x00, 0x00, 0x00, 0x00, 0xdf, 0xff,
    0x60, 0x00, 0x00, 0x00, 0x00, 0x0d, 0xff, 0xf6,
    0x00, 0x00, 0x00, 0x00, 0x00, 0xdf, 0xff, 0x60,
    0x00, 0x00, 0x08, 0xff, 0xff, 0xff, 0xff, 0xff,
    0xff, 0x30, 0x8f, 0xff, 0xff, 0xff, 0xff, 0xff,
    0xf3, 0x08, 0xff, 0xff, 0xff, 0xff, 0xff, 0xff,
    0x30, 0x35, 0x55, 0xef, 0xff, 0x95, 0x55, 0x51,
    0x00, 0x00, 0x0d, 0xff, 0xf6, 0x00, 0x00, 0x00,
    0x00, 0x00, 0xdf, 0xff, 0x60, 0x00, 0x00, 0x00,
    0x00, 0x0d, 0xff, 0xf6, 0x00, 0x00, 0x00, 0x00,
    0x00, 0xdf, 0xff, 0x60, 0x00, 0x00, 0x00, 0x00,
    0x0d, 0xff, 0xf6, 0x00, 0x00, 0x00, 0x00, 0x00,
    0xdf, 0xff, 0x60, 0x00, 0x00, 0x00, 0x00, 0x0d,
    0xff, 0xf6, 0x00, 0x00, 0x00, 0x00, 0x00, 0xdf,
    0xff, 0x60, 0x00, 0x00, 0x00, 0x00, 0x0d, 0xff,
    0xf6, 0x00, 0x00, 0x00, 0x00, 0x00, 0xdf, 0xff,
    0x60, 0x00, 0x00, 0x00, 0x00, 0x0d, 0xff, 0xf6,
    0x00, 0x00, 0x00, 0x00, 0x00, 0xdf, 0xff, 0x60,
    0x00, 0x00, 0x00, 0x00, 0x0d, 0xff, 0xf6, 0x00,
    0x00, 0x00, 0x00, 0x00, 0xdf, 0xff, 0x60, 0x00,
    0x00, 0x00, 0x00, 0x0d, 0xff, 0xf6, 0x00, 0x00,
    0x00, 0x00, 0x00, 0xdf, 0xff, 0x60, 0x00, 0x00,
    0x00, 0x00, 0x0d, 0xff, 0xf6, 0x00, 0x00, 0x00,
    0x00, 0x00, 0xdf, 0xff, 0x60, 0x00, 0x00, 0x00,
    0x00, 0x0d, 0xff, 0xf6, 0x00, 0x00, 0x00, 0x00,
    0x00, 0xdf, 0xff, 0x60, 0x00, 0x00, 0x00, 0x00,
    0x0d, 0xff, 0xf6, 0x00, 0x00, 0x00,

    /* U+0067 "g" */
    0x00, 0x00, 0x00, 0x00, 0x25, 0x77, 0x53, 0x00,
    0x00, 0x00, 0x00, 0x00, 0x00, 0x00, 0x05, 0xcf,
    0xff, 0xff, 0xfe, 0x70, 0x06, 0xff, 0xf7, 0x00,
    0x00, 0x1c, 0xff, 0xff, 0xff, 0xff, 0xff, 0xd2,
    0x6f, 0xff, 0x70, 0x00, 0x1e, 0xff, 0xff, 0xff,
    0xff, 0xff, 0xff, 0xd8, 0xff, 0xf7, 0x00, 0x0c,
    0xff, 0xff, 0xe7, 0x31, 0x25, 0xcf, 0xff, 0xff,
    0xff, 0x70, 0x07, 0xff, 0xff, 0xb1, 0x00, 0x00,
    0x00, 0x7f, 0xff, 0xff, 0xf7, 0x01, 0xff, 0xff,
    0xc0, 0x00, 0x00, 0x00, 0x00, 0x6f, 0xff, 0xff,
    0x70, 0x6f, 0xff, 0xf2, 0x00, 0x00, 0x00, 0x00,
    0x00, 0xbf, 0xff, 0xf7, 0x0c, 0xff, 0xfa, 0x00,
    0x00, 0x00, 0x00, 0x00, 0x04, 0xff, 0xff, 0x70,
    0xff, 0xff, 0x50, 0x00, 0x00, 0x00, 0x00, 0x00,
    0x0e, 0xff, 0xf7, 0x3f, 0xff, 0xf1, 0x00, 0x00,
    0x00, 0x00, 0x00, 0x00, 0xbf, 0xff, 0x75, 0xff,
    0xff, 0x00, 0x00, 0x00, 0x00, 0x00, 0x00, 0x08,
    0xff, 0xf7, 0x6f, 0xff, 0xe0, 0x00, 0x00, 0x00,
    0x00, 0x00, 0x00, 0x7f, 0xff, 0x77, 0xff, 0xfe,
    0x00, 0x00, 0x00, 0x00, 0x00, 0x00, 0x07, 0xff,
    0xf7, 0x6f, 0xff, 0xf0, 0x00, 0x00, 0x00, 0x00,
    0x00, 0x00, 0x8f, 0xff, 0x74, 0xff, 0xff, 0x00,
    0x00, 0x00, 0x00, 0x00, 0x00, 0x09, 0xff, 0xf7,
    0x2f, 0xff, 0xf3, 0x00, 0x00, 0x00, 0x00, 0x00,
    0x00, 0xcf, 0xff, 0x70, 0xef, 0xff, 0x70, 0x00,
    0x00, 0x00, 0x00, 0x00, 0x0f, 0xff, 0xf7, 0x0a,
    0xff, 0xfd, 0x00, 0x00, 0x00, 0x00, 0x00, 0x06,
    0xff, 0xff, 0x70, 0x3f, 0xff, 0xf5, 0x00, 0x00,
    0x00, 0x00, 0x00, 0xef, 0xff, 0xf7, 0x00, 0xcf,
    0xff, 0xe3, 0x00, 0x00, 0x00, 0x00, 0xbf, 0xff,
    0xff, 0x70, 0x02, 0xff, 0xff, 0xf6, 0x00, 0x00,
    0x03, 0xcf, 0xff, 0xff, 0xf7, 0x00, 0x06, 0xff,
    0xff, 0xff, 0xb9, 0xad, 0xff, 0xff, 0xff, 0xff,
    0x70, 0x00, 0x07, 0xff, 0xff, 0xff, 0xff, 0xff,
    0xff, 0x6c, 0xff, 0xf7, 0x00, 0x00, 0x04, 0xdf,
    0xff, 0xff, 0xff, 0xfd, 0x40, 0xdf, 0xff, 0x60,
    0x00, 0x00, 0x00, 0x5a, 0xde, 0xfe, 0xb6, 0x00,
    0x0d, 0xff, 0xf6, 0x00, 0x00, 0x00, 0x00, 0x00,
    0x00, 0x00, 0x00, 0x00, 0xef, 0xff, 0x50, 0x00,
    0x00, 0x00, 0x00, 0x00, 0x00, 0x00, 0x00, 0x0f,
    0xff, 0xf3, 0x07, 0xa7, 0x51, 0x00, 0x00, 0x00,
    0x00, 0x00, 0x02, 0xff, 0xff, 0x10, 0x8f, 0xff,
    0xa0, 0x00, 0x00, 0x00, 0x00, 0x00, 0x8f, 0xff,
    0xd0, 0x05, 0xff, 0xfe, 0x00, 0x00, 0x00, 0x00,
    0x00, 0x2f, 0xff, 0xf8, 0x00, 0x1f, 0xff, 0xfb,
    0x00, 0x00, 0x00, 0x00, 0x2e, 0xff, 0xff, 0x20,
    0x00, 0x9f, 0xff, 0xfe, 0x73, 0x11, 0x24, 0x9f,
    0xff, 0xff, 0x70, 0x00, 0x01, 0xdf, 0xff, 0xff,
    0xff, 0xff, 0xff, 0xff, 0xff, 0x90, 0x00, 0x00,
    0x01, 0xbf, 0xff, 0xff, 0xff, 0xff, 0xff, 0xff,
    0x70, 0x00, 0x00, 0x00, 0x00, 0x4b, 0xff, 0xff,
    0xff, 0xff, 0xe8, 0x10, 0x00, 0x00, 0x00, 0x00,
    0x00, 0x00, 0x36, 0x77, 0x75, 0x20, 0x00, 0x00,
    0x00, 0x00,

    /* U+0068 "h" */
    0xdf, 0xff, 0x60, 0x00, 0x00, 0x00, 0x00, 0x00,
    0x00, 0x00, 0x0d, 0xff, 0xf6, 0x00, 0x00, 0x00,
    0x00, 0x00, 0x00, 0x00, 0x00, 0xdf, 0xff, 0x60,
    0x00, 0x00, 0x00, 0x00, 0x00, 0x00, 0x00, 0x0d,
    0xff, 0xf6, 0x00, 0x00, 0x00, 0x00, 0x00, 0x00,
    0x00, 0x00, 0xdf, 0xff, 0x60, 0x00, 0x00, 0x00,
    0x00, 0x00, 0x00, 0x00, 0x0d, 0xff, 0xf6, 0x00,
    0x00, 0x00, 0x00, 0x00, 0x00, 0x00, 0x00, 0xdf,
    0xff, 0x60, 0x00, 0x00, 0x00, 0x00, 0x00, 0x00,
    0x00, 0x0d, 0xff, 0xf6, 0x00, 0x00, 0x00, 0x00,
    0x00, 0x00, 0x00, 0x00, 0xdf, 0xff, 0x60, 0x00,
    0x00, 0x00, 0x00, 0x00, 0x00, 0x00, 0x0d, 0xff,
    0xf6, 0x00, 0x00, 0x35, 0x77, 0x53, 0x00, 0x00,
    0x00, 0xdf, 0xff, 0x60, 0x07, 0xef, 0xff, 0xff,
    0xfe, 0x70, 0x00, 0x0d, 0xff, 0xf6, 0x2d, 0xff,
    0xff, 0xff, 0xff, 0xff, 0xd1, 0x00, 0xdf, 0xff,
    0x9e, 0xff, 0xff, 0xff, 0xff, 0xff, 0xff, 0xd0,
    0x0d, 0xff, 0xff, 0xff, 0xfb, 0x64, 0x36, 0xbf,
    0xff, 0xff, 0x70, 0xdf, 0xff, 0xff, 0xd3, 0x00,
    0x00, 0x00, 0x6f, 0xff, 0xfd, 0x0d, 0xff, 0xff,
    0xe1, 0x00, 0x00, 0x00, 0x00, 0x9f, 0xff, 0xf1,
    0xdf, 0xff, 0xf4, 0x00, 0x00, 0x00, 0x00, 0x02,
    0xff, 0xff, 0x4d, 0xff, 0xfd, 0x00, 0x00, 0x00,
    0x00, 0x00, 0x0e, 0xff, 0xf5, 0xdf, 0xff, 0xa0,
    0x00, 0x00, 0x00, 0x00, 0x00, 0xdf, 0xff, 0x6d,
    0xff, 0xf7, 0x00, 0x00, 0x00, 0x00, 0x00, 0x0c,
    0xff, 0xf6, 0xdf, 0xff, 0x60, 0x00, 0x00, 0x00,
    0x00, 0x00, 0xcf, 0xff, 0x7d, 0xff, 0xf6, 0x00,
    0x00, 0x00, 0x00, 0x00, 0x0c, 0xff, 0xf7, 0xdf,
    0xff, 0x60, 0x00, 0x00, 0x00, 0x00, 0x00, 0xcf,
    0xff, 0x7d, 0xff, 0xf6, 0x00, 0x00, 0x00, 0x00,
    0x00, 0x0c, 0xff, 0xf7, 0xdf, 0xff, 0x60, 0x00,
    0x00, 0x00, 0x00, 0x00, 0xcf, 0xff, 0x7d, 0xff,
    0xf6, 0x00, 0x00, 0x00, 0x00, 0x00, 0x0c, 0xff,
    0xf7, 0xdf, 0xff, 0x60, 0x00, 0x00, 0x00, 0x00,
    0x00, 0xcf, 0xff, 0x7d, 0xff, 0xf6, 0x00, 0x00,
    0x00, 0x00, 0x00, 0x0c, 0xff, 0xf7, 0xdf, 0xff,
    0x60, 0x00, 0x00, 0x00, 0x00, 0x00, 0xcf, 0xff,
    0x7d, 0xff, 0xf6, 0x00, 0x00, 0x00, 0x00, 0x00,
    0x0c, 0xff, 0xf7, 0xdf, 0xff, 0x60, 0x00, 0x00,
    0x00, 0x00, 0x00, 0xcf, 0xff, 0x7d, 0xff, 0xf6,
    0x00, 0x00, 0x00, 0x00, 0x00, 0x0c, 0xff, 0xf7,
    0xdf, 0xff, 0x60, 0x00, 0x00, 0x00, 0x00, 0x00,
    0xcf, 0xff, 0x7d, 0xff, 0xf6, 0x00, 0x00, 0x00,
    0x00, 0x00, 0x0c, 0xff, 0xf7, 0xdf, 0xff, 0x60,
    0x00, 0x00, 0x00, 0x00, 0x00, 0xcf, 0xff, 0x70,

    /* U+0069 "i" */
    0xdf, 0xff, 0x6d, 0xff, 0xf6, 0xdf, 0xff, 0x6d,
    0xff, 0xf6, 0xcf, 0xff, 0x60, 0x00, 0x00, 0x00,
    0x00, 0x00, 0x00, 0x00, 0x00, 0x00, 0x00, 0x00,
    0x00, 0xdf, 0xff, 0x6d, 0xff, 0xf6, 0xdf, 0xff,
    0x6d, 0xff, 0xf6, 0xdf, 0xff, 0x6d, 0xff, 0xf6,
    0xdf, 0xff, 0x6d, 0xff, 0xf6, 0xdf, 0xff, 0x6d,
    0xff, 0xf6, 0xdf, 0xff, 0x6d, 0xff, 0xf6, 0xdf,
    0xff, 0x6d, 0xff, 0xf6, 0xdf, 0xff, 0x6d, 0xff,
    0xf6, 0xdf, 0xff, 0x6d, 0xff, 0xf6, 0xdf, 0xff,
    0x6d, 0xff, 0xf6, 0xdf, 0xff, 0x6d, 0xff, 0xf6,
    0xdf, 0xff, 0x6d, 0xff, 0xf6, 0xdf, 0xff, 0x60,

    /* U+006A "j" */
    0x00, 0x00, 0x00, 0xdf, 0xff, 0x50, 0x00, 0x00,
    0x0d, 0xff, 0xf5, 0x00, 0x00, 0x00, 0xdf, 0xff,
    0x50, 0x00, 0x00, 0x0d, 0xff, 0xf5, 0x00, 0x00,
    0x00, 0xdf, 0xff, 0x50, 0x00, 0x00, 0x00, 0x00,
    0x00, 0x00, 0x00, 0x00, 0x00, 0x00, 0x00, 0x00,
    0x00, 0x00, 0x00, 0x00, 0x00, 0x00, 0x00, 0x00,
    0x00, 0x00, 0x00, 0x00, 0x00, 0x00, 0x00, 0x00,
    0x00, 0x00, 0xdf, 0xff, 0x50, 0x00, 0x00, 0x0d,
    0xff, 0xf5, 0x00, 0x00, 0x00, 0xdf, 0xff, 0x50,
    0x00, 0x00, 0x0d, 0xff, 0xf5, 0x00, 0x00, 0x00,
    0xdf, 0xff, 0x50, 0x00, 0x00, 0x0d, 0xff, 0xf5,
    0x00, 0x00, 0x00, 0xdf, 0xff, 0x50, 0x00, 0x00,
    0x0d, 0xff, 0xf5, 0x00, 0x00, 0x00, 0xdf, 0xff,
    0x50, 0x00, 0x00, 0x0d, 0xff, 0xf5, 0x00, 0x00,
    0x00, 0xdf, 0xff, 0x50, 0x00, 0x00, 0x0d, 0xff,
    0xf5, 0x00, 0x00, 0x00, 0xdf, 0xff, 0x50, 0x00,
    0x00, 0x0d, 0xff, 0xf5, 0x00, 0x00, 0x00, 0xdf,
    0xff, 0x50, 0x00, 0x00, 0x0d, 0xff, 0xf5, 0x00,
    0x00, 0x00, 0xdf, 0xff, 0x50, 0x00, 0x00, 0x0d,
    0xff, 0xf5, 0x00, 0x00, 0x00, 0xdf, 0xff, 0x50,
    0x00, 0x00, 0x0d, 0xff, 0xf5, 0x00, 0x00, 0x00,
    0xdf, 0xff, 0x50, 0x00, 0x00, 0x0d, 0xff, 0xf5,
    0x00, 0x00, 0x00, 0xdf, 0xff, 0x50, 0x00, 0x00,
    0x0d, 0xff, 0xf5, 0x00, 0x00, 0x00, 0xdf, 0xff,
    0x50, 0x00, 0x00, 0x0d, 0xff, 0xf5, 0x00, 0x00,
    0x00, 0xdf, 0xff, 0x50, 0x00, 0x00, 0x0e, 0xff,
    0xf5, 0x00, 0x00, 0x00, 0xff, 0xff, 0x40, 0x00,
    0x00, 0x1f, 0xff, 0xf3, 0x00, 0x00, 0x05, 0xff,
    0xff, 0x10, 0x46, 0x57, 0xff, 0xff, 0xd0, 0x0a,
    0xff, 0xff, 0xff, 0xf7, 0x00, 0xdf, 0xff, 0xff,
    0xfc, 0x00, 0x1f, 0xff, 0xff, 0xfa, 0x10, 0x00,
    0x36, 0x77, 0x51, 0x00, 0x00,

    /* U+006B "k" */
    0xdf, 0xff, 0x60, 0x00, 0x00, 0x00, 0x00, 0x00,
    0x00, 0x00, 0x0d, 0xff, 0xf6, 0x00, 0x00, 0x00,
    0x00, 0x00, 0x00, 0x00, 0x00, 0xdf, 0xff, 0x60,
    0x00, 0x00, 0x00, 0x00, 0x00, 0x00, 0x00, 0x0d,
    0xff, 0xf6, 0x00, 0x00, 0x00, 0x00, 0x00, 0x00,
    0x00, 0x00, 0xdf, 0xff, 0x60, 0x00, 0x00, 0x00,
    0x00, 0x00, 0x00, 0x00, 0x0d, 0xff, 0xf6, 0x00,
    0x00, 0x00, 0x00, 0x00, 0x00, 0x00, 0x00, 0xdf,
    0xff, 0x60, 0x00, 0x00, 0x00, 0x00, 0x00, 0x00,
    0x00, 0x0d, 0xff, 0xf6, 0x00, 0x00, 0x00, 0x00,
    0x00, 0x00, 0x00, 0x00, 0xdf, 0xff, 0x60, 0x00,
    0x00, 0x00, 0x00, 0x00, 0x00, 0x00, 0x0d, 0xff,
    0xf6, 0x00, 0x00, 0x00, 0x00, 0x00, 0x00, 0x00,
    0x00, 0xdf, 0xff, 0x60, 0x00, 0x00, 0x00, 0x02,
    0xef, 0xff, 0xf5, 0x0d, 0xff, 0xf6, 0x00, 0x00,
    0x00, 0x02, 0xef, 0xff, 0xf5, 0x00, 0xdf, 0xff,
    0x60, 0x00, 0x00, 0x02, 0xef, 0xff, 0xf5, 0x00,
    0x0d, 0xff, 0xf6, 0x00, 0x00, 0x02, 0xef, 0xff,
    0xf4, 0x00, 0x00, 0xdf, 0xff, 0x60, 0x00, 0x02,
    0xef, 0xff, 0xf4, 0x00, 0x00, 0x0d, 0xff, 0xf6,
    0x00, 0x02, 0xef, 0xff, 0xf4, 0x00, 0x00, 0x00,
    0xdf, 0xff, 0x60, 0x01, 0xdf, 0xff, 0xf3, 0x00,
    0x00, 0x00, 0x0d, 0xff, 0xf6, 0x01, 0xdf, 0xff,
    0xf3, 0x00, 0x00, 0x00, 0x00, 0xdf, 0xff, 0x61,
    0xdf, 0xff, 0xe3, 0x00, 0x00, 0x00, 0x00, 0x0d,
    0xff, 0xf7, 0xdf, 0xff, 0xf8, 0x00, 0x00, 0x00,
    0x00, 0x00, 0xdf, 0xff, 0xff, 0xff, 0xff, 0xf2,
    0x00, 0x00, 0x00, 0x00, 0x0d, 0xff, 0xff, 0xff,
    0xff, 0xff, 0xc0, 0x00, 0x00, 0x00, 0x00, 0xdf,
    0xff, 0xff, 0xe9, 0xff, 0xff, 0x70, 0x00, 0x00,
    0x00, 0x0d, 0xff, 0xff, 0xe2, 0x0c, 0xff, 0xff,
    0x20, 0x00, 0x00, 0x00, 0xdf, 0xff, 0xe2, 0x00,
    0x2f, 0xff, 0xfc, 0x00, 0x00, 0x00, 0x0d, 0xff,
    0xf6, 0x00, 0x00, 0x8f, 0xff, 0xf7, 0x00, 0x00,
    0x00, 0xdf, 0xff, 0x60, 0x00, 0x00, 0xdf, 0xff,
    0xf2, 0x00, 0x00, 0x0d, 0xff, 0xf6, 0x00, 0x00,
    0x03, 0xff, 0xff, 0xc0, 0x00, 0x00, 0xdf, 0xff,
    0x60, 0x00, 0x00, 0x09, 0xff, 0xff, 0x70, 0x00,
    0x0d, 0xff, 0xf6, 0x00, 0x00, 0x00, 0x0e, 0xff,
    0xff, 0x20, 0x00, 0xdf, 0xff, 0x60, 0x00, 0x00,
    0x00, 0x4f, 0xff, 0xfc, 0x00, 0x0d, 0xff, 0xf6,
    0x00, 0x00, 0x00, 0x00, 0xaf, 0xff, 0xf7, 0x00,
    0xdf, 0xff, 0x60, 0x00, 0x00, 0x00, 0x01, 0xef,
    0xff, 0xf2, 0x0d, 0xff, 0xf6, 0x00, 0x00, 0x00,
    0x00, 0x05, 0xff, 0xff, 0xc0, 0xdf, 0xff, 0x60,
    0x00, 0x00, 0x00, 0x00, 0x0b, 0xff, 0xff, 0x70,

    /* U+006C "l" */
    0xef, 0xff, 0x4e, 0xff, 0xf4, 0xef, 0xff, 0x4e,
    0xff, 0xf4, 0xef, 0xff, 0x4e, 0xff, 0xf4, 0xef,
    0xff, 0x4e, 0xff, 0xf4, 0xef, 0xff, 0x4e, 0xff,
    0xf4, 0xef, 0xff, 0x4e, 0xff, 0xf4, 0xef, 0xff,
    0x4e, 0xff, 0xf4, 0xef, 0xff, 0x4e, 0xff, 0xf4,
    0xef, 0xff, 0x4e, 0xff, 0xf4, 0xef, 0xff, 0x4e,
    0xff, 0xf4, 0xef, 0xff, 0x4e, 0xff, 0xf4, 0xef,
    0xff, 0x4e, 0xff, 0xf4, 0xef, 0xff, 0x4e, 0xff,
    0xf4, 0xef, 0xff, 0x4e, 0xff, 0xf4, 0xef, 0xff,
    0x4e, 0xff, 0xf4, 0xef, 0xff, 0x4e, 0xff, 0xf4,
    0xef, 0xff, 0x4e, 0xff, 0xf4, 0xef, 0xff, 0x40,

    /* U+006D "m" */
    0x00, 0x00, 0x00, 0x00, 0x04, 0x67, 0x74, 0x00,
    0x00, 0x00, 0x00, 0x01, 0x57, 0x76, 0x30, 0x00,
    0x00, 0xdf, 0xff, 0x00, 0x19, 0xff, 0xff, 0xff,
    0xf9, 0x10, 0x00, 0x02, 0xaf, 0xff, 0xff, 0xfe,
    0x70, 0x00, 0xdf, 0xff, 0x03, 0xef, 0xff, 0xff,
    0xff, 0xff, 0xd1, 0x00, 0x5f, 0xff, 0xff, 0xff,
    0xff, 0xfb, 0x00, 0xdf, 0xff, 0x3f, 0xff, 0xff,
    0xff, 0xff, 0xff, 0xfc, 0x05, 0xff, 0xff, 0xff,
    0xff, 0xff, 0xff, 0x90, 0xdf, 0xff, 0xef, 0xff,
    0x96, 0x45, 0x9f, 0xff, 0xff, 0x8f, 0xff, 0xd7,
    0x44, 0x6c, 0xff, 0xff, 0xf1, 0xdf, 0xff, 0xff,
    0xc1, 0x00, 0x00, 0x04, 0xff, 0xff, 0xff, 0xf7,
    0x00, 0x00, 0x00, 0x8f, 0xff, 0xf7, 0xdf, 0xff,
    0xfd, 0x00, 0x00, 0x00, 0x00, 0xaf, 0xff, 0xff,
    0x80, 0x00, 0x00, 0x00, 0x0d, 0xff, 0xfa, 0xdf,
    0xff, 0xf4, 0x00, 0x00, 0x00, 0x00, 0x4f, 0xff,
    0xfe, 0x00, 0x00, 0x00, 0x00, 0x08, 0xff, 0xfc,
    0xdf, 0xff, 0xe0, 0x00, 0x00, 0x00, 0x00, 0x2f,
    0xff, 0xf8, 0x00, 0x00, 0x00, 0x00, 0x06, 0xff,
    0xfd, 0xdf, 0xff, 0xa0, 0x00, 0x00, 0x00, 0x00,
    0x1f, 0xff, 0xf5, 0x00, 0x00, 0x00, 0x00, 0x05,
    0xff, 0xfe, 0xdf, 0xff, 0x80, 0x00, 0x00, 0x00,
    0x00, 0x0f, 0xff, 0xf3, 0x00, 0x00, 0x00, 0x00,
    0x04, 0xff, 0xfe, 0xdf, 0xff, 0x70, 0x00, 0x00,
    0x00, 0x00, 0x0f, 0xff, 0xf2, 0x00, 0x00, 0x00,
    0x00, 0x04, 0xff, 0xfe, 0xdf, 0xff, 0x60, 0x00,
    0x00, 0x00, 0x00, 0x0f, 0xff, 0xf2, 0x00, 0x00,
    0x00, 0x00, 0x04, 0xff, 0xfe, 0xdf, 0xff, 0x60,
    0x00, 0x00, 0x00, 0x00, 0x0f, 0xff, 0xf2, 0x00,
    0x00, 0x00, 0x00, 0x04, 0xff, 0xfe, 0xdf, 0xff,
    0x60, 0x00, 0x00, 0x00, 0x00, 0x0f, 0xff, 0xf2,
    0x00, 0x00, 0x00, 0x00, 0x04, 0xff, 0xfe, 0xdf,
    0xff, 0x60, 0x00, 0x00, 0x00, 0x00, 0x0f, 0xff,
    0xf2, 0x00, 0x00, 0x00, 0x00, 0x04, 0xff, 0xfe,
    0xdf, 0xff, 0x60, 0x00, 0x00, 0x00, 0x00, 0x0f,
    0xff, 0xf2, 0x00, 0x00, 0x00, 0x00, 0x04, 0xff,
    0xfe, 0xdf, 0xff, 0x60, 0x00, 0x00, 0x00, 0x00,
    0x0f, 0xff, 0xf2, 0x00, 0x00, 0x00, 0x00, 0x04,
    0xff, 0xfe, 0xdf, 0xff, 0x60, 0x00, 0x00, 0x00,
    0x00, 0x0f, 0xff, 0xf2, 0x00, 0x00, 0x00, 0x00,
    0x04, 0xff, 0xfe, 0xdf, 0xff, 0x60, 0x00, 0x00,
    0x00, 0x00, 0x0f, 0xff, 0xf2, 0x00, 0x00, 0x00,
    0x00, 0x04, 0xff, 0xfe, 0xdf, 0xff, 0x60, 0x00,
    0x00, 0x00, 0x00, 0x0f, 0xff, 0xf2, 0x00, 0x00,
    0x00, 0x00, 0x04, 0xff, 0xfe, 0xdf, 0xff, 0x60,
    0x00, 0x00, 0x00, 0x00, 0x0f, 0xff, 0xf2, 0x00,
    0x00, 0x00, 0x00, 0x04, 0xff, 0xfe, 0xdf, 0xff,
    0x60, 0x00, 0x00, 0x00, 0x00, 0x0f, 0xff, 0xf2,
    0x00, 0x00, 0x00, 0x00, 0x04, 0xff, 0xfe, 0xdf,
    0xff, 0x60, 0x00, 0x00, 0x00, 0x00, 0x0f, 0xff,
    0xf2, 0x00, 0x00, 0x00, 0x00, 0x04, 0xff, 0xfe,
    0xdf, 0xff, 0x60, 0x00, 0x00, 0x00, 0x00, 0x0f,
    0xff, 0xf2, 0x00, 0x00, 0x00, 0x00, 0x04, 0xff,
    0xfe, 0xdf, 0xff, 0x60, 0x00, 0x00, 0x00, 0x00,
    0x0f, 0xff, 0xf2, 0x00, 0x00, 0x00, 0x00, 0x04,
    0xff, 0xfe,

    /* U+006E "n" */
    0x00, 0x00, 0x00, 0x00, 0x03, 0x67, 0x75, 0x20,
    0x00, 0x00, 0x0d, 0xff, 0xf0, 0x00, 0x8e, 0xff,
    0xff, 0xff, 0xd6, 0x00, 0x00, 0xdf, 0xff, 0x03,
    0xef, 0xff, 0xff, 0xff, 0xff, 0xfc, 0x10, 0x0d,
    0xff, 0xf2, 0xef, 0xff, 0xff, 0xff, 0xff, 0xff,
    0xfd, 0x00, 0xdf, 0xff, 0xdf, 0xff, 0xa6, 0x44,
    0x7d, 0xff, 0xff, 0xf6, 0x0d, 0xff, 0xff, 0xfc,
    0x20, 0x00, 0x00, 0x07, 0xff, 0xff, 0xd0, 0xdf,
    0xff, 0xfd, 0x00, 0x00, 0x00, 0x00, 0x0a, 0xff,
    0xff, 0x1d, 0xff, 0xff, 0x40, 0x00, 0x00, 0x00,
    0x00, 0x3f, 0xff, 0xf4, 0xdf, 0xff, 0xe0, 0x00,
    0x00, 0x00, 0x00, 0x00, 0xff, 0xff, 0x5d, 0xff,
    0xfa, 0x00, 0x00, 0x00, 0x00, 0x00, 0x0e, 0xff,
    0xf6, 0xdf, 0xff, 0x80, 0x00, 0x00, 0x00, 0x00,
    0x00, 0xdf, 0xff, 0x6d, 0xff, 0xf7, 0x00, 0x00,
    0x00, 0x00, 0x00, 0x0d, 0xff, 0xf6, 0xdf, 0xff,
    0x60, 0x00, 0x00, 0x00, 0x00, 0x00, 0xdf, 0xff,
    0x6d, 0xff, 0xf6, 0x00, 0x00, 0x00, 0x00, 0x00,
    0x0d, 0xff, 0xf6, 0xdf, 0xff, 0x60, 0x00, 0x00,
    0x00, 0x00, 0x00, 0xdf, 0xff, 0x6d, 0xff, 0xf6,
    0x00, 0x00, 0x00, 0x00, 0x00, 0x0d, 0xff, 0xf6,
    0xdf, 0xff, 0x60, 0x00, 0x00, 0x00, 0x00, 0x00,
    0xdf, 0xff, 0x6d, 0xff, 0xf6, 0x00, 0x00, 0x00,
    0x00, 0x00, 0x0d, 0xff, 0xf6, 0xdf, 0xff, 0x60,
    0x00, 0x00, 0x00, 0x00, 0x00, 0xdf, 0xff, 0x6d,
    0xff, 0xf6, 0x00, 0x00, 0x00, 0x00, 0x00, 0x0d,
    0xff, 0xf6, 0xdf, 0xff, 0x60, 0x00, 0x00, 0x00,
    0x00, 0x00, 0xdf, 0xff, 0x6d, 0xff, 0xf6, 0x00,
    0x00, 0x00, 0x00, 0x00, 0x0d, 0xff, 0xf6, 0xdf,
    0xff, 0x60, 0x00, 0x00, 0x00, 0x00, 0x00, 0xdf,
    0xff, 0x6d, 0xff, 0xf6, 0x00, 0x00, 0x00, 0x00,
    0x00, 0x0d, 0xff, 0xf6, 0xdf, 0xff, 0x60, 0x00,
    0x00, 0x00, 0x00, 0x00, 0xdf, 0xff, 0x6d, 0xff,
    0xf6, 0x00, 0x00, 0x00, 0x00, 0x00, 0x0d, 0xff,
    0xf6,

    /* U+006F "o" */
    0x00, 0x00, 0x00, 0x00, 0x02, 0x57, 0x76, 0x41,
    0x00, 0x00, 0x00, 0x00, 0x00, 0x00, 0x00, 0x29,
    0xef, 0xff, 0xff, 0xff, 0xc5, 0x00, 0x00, 0x00,
    0x00, 0x00, 0x07, 0xff, 0xff, 0xff, 0xff, 0xff,
    0xff, 0xd2, 0x00, 0x00, 0x00, 0x00, 0xbf, 0xff,
    0xff, 0xff, 0xff, 0xff, 0xff, 0xff, 0x40, 0x00,
    0x00, 0x0a, 0xff, 0xff, 0xfa, 0x42, 0x13, 0x7d,
    0xff, 0xff, 0xf2, 0x00, 0x00, 0x6f, 0xff, 0xfd,
    0x20, 0x00, 0x00, 0x00, 0x8f, 0xff, 0xfd, 0x00,
    0x00, 0xef, 0xff, 0xe1, 0x00, 0x00, 0x00, 0x00,
    0x07, 0xff, 0xff, 0x70, 0x06, 0xff, 0xff, 0x40,
    0x00, 0x00, 0x00, 0x00, 0x00, 0xcf, 0xff, 0xe0,
    0x0b, 0xff, 0xfc, 0x00, 0x00, 0x00, 0x00, 0x00,
    0x00, 0x4f, 0xff, 0xf4, 0x0f, 0xff, 0xf7, 0x00,
    0x00, 0x00, 0x00, 0x00, 0x00, 0x0e, 0xff, 0xf8,
    0x2f, 0xff, 0xf3, 0x00, 0x00, 0x00, 0x00, 0x00,
    0x00, 0x0b, 0xff, 0xfb, 0x4f, 0xff, 0xf0, 0x00,
    0x00, 0x00, 0x00, 0x00, 0x00, 0x08, 0xff, 0xfc,
    0x5f, 0xff, 0xf0, 0x00, 0x00, 0x00, 0x00, 0x00,
    0x00, 0x07, 0xff, 0xfd, 0x6f, 0xff, 0xf0, 0x00,
    0x00, 0x00, 0x00, 0x00, 0x00, 0x07, 0xff, 0xfe,
    0x5f, 0xff, 0xf0, 0x00, 0x00, 0x00, 0x00, 0x00,
    0x00, 0x07, 0xff, 0xfd, 0x4f, 0xff, 0xf0, 0x00,
    0x00, 0x00, 0x00, 0x00, 0x00, 0x08, 0xff, 0xfc,
    0x2f, 0xff, 0xf3, 0x00, 0x00, 0x00, 0x00, 0x00,
    0x00, 0x0b, 0xff, 0xfa, 0x0f, 0xff, 0xf7, 0x00,
    0x00, 0x00, 0x00, 0x00, 0x00, 0x0e, 0xff, 0xf8,
    0x0b, 0xff, 0xfc, 0x00, 0x00, 0x00, 0x00, 0x00,
    0x00, 0x4f, 0xff, 0xf4, 0x06, 0xff, 0xff, 0x40,
    0x00, 0x00, 0x00, 0x00, 0x00, 0xcf, 0xff, 0xe0,
    0x00, 0xef, 0xff, 0xe1, 0x00, 0x00, 0x00, 0x00,
    0x07, 0xff, 0xff, 0x80, 0x00, 0x6f, 0xff, 0xfd,
    0x20, 0x00, 0x00, 0x00, 0x8f, 0xff, 0xfe, 0x10,
    0x00, 0x0a, 0xff, 0xff, 0xf9, 0x41, 0x12, 0x6d,
    0xff, 0xff, 0xf4, 0x00, 0x00, 0x00, 0xbf, 0xff,
    0xff, 0xff, 0xff, 0xff, 0xff, 0xff, 0x50, 0x00,
    0x00, 0x00, 0x08, 0xff, 0xff, 0xff, 0xff, 0xff,
    0xff, 0xd3, 0x00, 0x00, 0x00, 0x00, 0x00, 0x29,
    0xef, 0xff, 0xff, 0xff, 0xc5, 0x00, 0x00, 0x00,
    0x00, 0x00, 0x00, 0x00, 0x03, 0x57, 0x76, 0x41,
    0x00, 0x00, 0x00, 0x00,

    /* U+0070 "p" */
    0x00, 0x00, 0x00, 0x00, 0x15, 0x67, 0x63, 0x00,
    0x00, 0x00, 0x00, 0xdf, 0xff, 0x00, 0x2b, 0xff,
    0xff, 0xff, 0xf9, 0x10, 0x00, 0x00, 0xdf, 0xff,
    0x05, 0xff, 0xff, 0xff, 0xff, 0xff, 0xf5, 0x00,
    0x00, 0xdf, 0xff, 0x4f, 0xff, 0xff, 0xef, 0xff,
    0xff, 0xff, 0x60, 0x00, 0xdf, 0xff, 0xff, 0xfe,
    0x61, 0x00, 0x29, 0xff, 0xff, 0xf4, 0x00, 0xdf,
    0xff, 0xff, 0xd1, 0x00, 0x00, 0x00, 0x4f, 0xff,
    0xfd, 0x00, 0xdf, 0xff, 0xfe, 0x10, 0x00, 0x00,
    0x00, 0x05, 0xff, 0xff, 0x60, 0xdf, 0xff, 0xf5,
    0x00, 0x00, 0x00, 0x00, 0x00, 0xbf, 0xff, 0xc0,
    0xdf, 0xff, 0xd0, 0x00, 0x00, 0x00, 0x00, 0x00,
    0x4f, 0xff, 0xf1, 0xdf, 0xff, 0x80, 0x00, 0x00,
    0x00, 0x00, 0x00, 0x0f, 0xff, 0xf5, 0xdf, 0xff,
    0x40, 0x00, 0x00, 0x00, 0x00, 0x00, 0x0c, 0xff,
    0xf8, 0xdf, 0xff, 0x10, 0x00, 0x00, 0x00, 0x00,
    0x00, 0x0a, 0xff, 0xfa, 0xdf, 0xff, 0x00, 0x00,
    0x00, 0x00, 0x00, 0x00, 0x09, 0xff, 0xfb, 0xdf,
    0xff, 0x00, 0x00, 0x00, 0x00, 0x00, 0x00, 0x08,
    0xff, 0xfc, 0xdf, 0xff, 0x00, 0x00, 0x00, 0x00,
    0x00, 0x00, 0x09, 0xff, 0xfb, 0xdf, 0xff, 0x10,
    0x00, 0x00, 0x00, 0x00, 0x00, 0x0a, 0xff, 0xfa,
    0xdf, 0xff, 0x30, 0x00, 0x00, 0x00, 0x00, 0x00,
    0x0d, 0xff, 0xf8, 0xdf, 0xff, 0x60, 0x00, 0x00,
    0x00, 0x00, 0x00, 0x0f, 0xff, 0xf4, 0xdf, 0xff,
    0xb0, 0x00, 0x00, 0x00, 0x00, 0x00, 0x6f, 0xff,
    0xf0, 0xdf, 0xff, 0xf2, 0x00, 0x00, 0x00, 0x00,
    0x00, 0xdf, 0xff, 0xa0, 0xdf, 0xff, 0xfc, 0x00,
    0x00, 0x00, 0x00, 0x08, 0xff, 0xff, 0x30, 0xdf,
    0xff, 0xff, 0xb1, 0x00, 0x00, 0x00, 0x7f, 0xff,
    0xfb, 0x00, 0xdf, 0xff, 0xff, 0xfe, 0x72, 0x12,
    0x5c, 0xff, 0xff, 0xe1, 0x00, 0xdf, 0xff, 0xcf,
    0xff, 0xff, 0xff, 0xff, 0xff, 0xfe, 0x30, 0x00,
    0xdf, 0xff, 0x66, 0xff, 0xff, 0xff, 0xff, 0xff,
    0xc2, 0x00, 0x00, 0xdf, 0xff, 0x60, 0x2b, 0xff,
    0xff, 0xff, 0xd5, 0x00, 0x00, 0x00, 0xdf, 0xff,
    0x60, 0x00, 0x15, 0x77, 0x52, 0x00, 0x00, 0x00,
    0x00, 0xdf, 0xff, 0x60, 0x00, 0x00, 0x00, 0x00,
    0x00, 0x00, 0x00, 0x00, 0xdf, 0xff, 0x60, 0x00,
    0x00, 0x00, 0x00, 0x00, 0x00, 0x00, 0x00, 0xdf,
    0xff, 0x60, 0x00, 0x00, 0x00, 0x00, 0x00, 0x00,
    0x00, 0x00, 0xdf, 0xff, 0x60, 0x00, 0x00, 0x00,
    0x00, 0x00, 0x00, 0x00, 0x00, 0xdf, 0xff, 0x60,
    0x00, 0x00, 0x00, 0x00, 0x00, 0x00, 0x00, 0x00,
    0xdf, 0xff, 0x60, 0x00, 0x00, 0x00, 0x00, 0x00,
    0x00, 0x00, 0x00, 0xdf, 0xff, 0x60, 0x00, 0x00,
    0x00, 0x00, 0x00, 0x00, 0x00, 0x00, 0xdf, 0xff,
    0x60, 0x00, 0x00, 0x00, 0x00, 0x00, 0x00, 0x00,
    0x00, 0xdf, 0xff, 0x60, 0x00, 0x00, 0x00, 0x00,
    0x00, 0x00, 0x00, 0x00,

    /* U+0071 "q" */
    0x00, 0x00, 0x00, 0x00, 0x25, 0x77, 0x52, 0x00,
    0x00, 0x00, 0x00, 0x00, 0x00, 0x00, 0x05, 0xcf,
    0xff, 0xff, 0xfd, 0x50, 0x08, 0xff, 0xf4, 0x00,
    0x00, 0x1b, 0xff, 0xff, 0xff, 0xff, 0xff, 0xa0,
    0x8f, 0xff, 0x40, 0x00, 0x1d, 0xff, 0xff, 0xff,
    0xef, 0xff, 0xff, 0xa8, 0xff, 0xf4, 0x00, 0x0c,
    0xff, 0xff, 0xd5, 0x00, 0x04, 0xbf, 0xff, 0xef,
    0xff, 0x40, 0x07, 0xff, 0xff, 0xa0, 0x00, 0x00,
    0x00, 0x7f, 0xff, 0xff, 0xf4, 0x00, 0xef, 0xff,
    0xc0, 0x00, 0x00, 0x00, 0x00, 0x8f, 0xff, 0xff,
    0x40, 0x5f, 0xff, 0xf2, 0x00, 0x00, 0x00, 0x00,
    0x00, 0xdf, 0xff, 0xf4, 0x0b, 0xff, 0xfb, 0x00,
    0x00, 0x00, 0x00, 0x00, 0x06, 0xff, 0xff, 0x40,
    0xef, 0xff, 0x70, 0x00, 0x00, 0x00, 0x00, 0x00,
    0x1f, 0xff, 0xf4, 0x1f, 0xff, 0xf4, 0x00, 0x00,
    0x00, 0x00, 0x00, 0x00, 0xdf, 0xff, 0x43, 0xff,
    0xff, 0x20, 0x00, 0x00, 0x00, 0x00, 0x00, 0x0b,
    0xff, 0xf4, 0x4f, 0xff, 0xf1, 0x00, 0x00, 0x00,
    0x00, 0x00, 0x00, 0x9f, 0xff, 0x44, 0xff, 0xff,
    0x00, 0x00, 0x00, 0x00, 0x00, 0x00, 0x09, 0xff,
    0xf4, 0x3f, 0xff, 0xf1, 0x00, 0x00, 0x00, 0x00,
    0x00, 0x00, 0x9f, 0xff, 0x42, 0xff, 0xff, 0x20,
    0x00, 0x00, 0x00, 0x00, 0x00, 0x0a, 0xff, 0xf4,
    0x0f, 0xff, 0xf5, 0x00, 0x00, 0x00, 0x00, 0x00,
    0x00, 0xcf, 0xff, 0x40, 0xcf, 0xff, 0x80, 0x00,
    0x00, 0x00, 0x00, 0x00, 0x0f, 0xff, 0xf4, 0x09,
    0xff, 0xfd, 0x00, 0x00, 0x00, 0x00, 0x00, 0x04,
    0xff, 0xff, 0x40, 0x3f, 0xff, 0xf5, 0x00, 0x00,
    0x00, 0x00, 0x00, 0xbf, 0xff, 0xf4, 0x00, 0xbf,
    0xff, 0xe1, 0x00, 0x00, 0x00, 0x00, 0x6f, 0xff,
    0xff, 0x40, 0x03, 0xff, 0xff, 0xd2, 0x00, 0x00,
    0x00, 0x5f, 0xff, 0xff, 0xf4, 0x00, 0x07, 0xff,
    0xff, 0xf9, 0x31, 0x14, 0xbf, 0xff, 0xff, 0xff,
    0x40, 0x00, 0x08, 0xff, 0xff, 0xff, 0xff, 0xff,
    0xff, 0xbf, 0xff, 0xf4, 0x00, 0x00, 0x06, 0xff,
    0xff, 0xff, 0xff, 0xff, 0xb0, 0xff, 0xff, 0x40,
    0x00, 0x00, 0x01, 0xaf, 0xff, 0xff, 0xfd, 0x60,
    0x0f, 0xff, 0xf4, 0x00, 0x00, 0x00, 0x00, 0x04,
    0x67, 0x63, 0x00, 0x00, 0xff, 0xff, 0x40, 0x00,
    0x00, 0x00, 0x00, 0x00, 0x00, 0x00, 0x00, 0x0f,
    0xff, 0xf4, 0x00, 0x00, 0x00, 0x00, 0x00, 0x00,
    0x00, 0x00, 0x00, 0xff, 0xff, 0x40, 0x00, 0x00,
    0x00, 0x00, 0x00, 0x00, 0x00, 0x00, 0x0f, 0xff,
    0xf4, 0x00, 0x00, 0x00, 0x00, 0x00, 0x00, 0x00,
    0x00, 0x00, 0xff, 0xff, 0x40, 0x00, 0x00, 0x00,
    0x00, 0x00, 0x00, 0x00, 0x00, 0x0f, 0xff, 0xf4,
    0x00, 0x00, 0x00, 0x00, 0x00, 0x00, 0x00, 0x00,
    0x00, 0xff, 0xff, 0x40, 0x00, 0x00, 0x00, 0x00,
    0x00, 0x00, 0x00, 0x00, 0x0f, 0xff, 0xf4, 0x00,
    0x00, 0x00, 0x00, 0x00, 0x00, 0x00, 0x00, 0x00,
    0xff, 0xff, 0x40, 0x00, 0x00, 0x00, 0x00, 0x00,
    0x00, 0x00, 0x00, 0x0f, 0xff, 0xf4,

    /* U+0072 "r" */
    0x00, 0x00, 0x00, 0x01, 0x67, 0x52, 0x00, 0xef,
    0xfe, 0x00, 0x8f, 0xff, 0xff, 0xc3, 0xef, 0xfe,
    0x08, 0xff, 0xff, 0xff, 0xf6, 0xef, 0xfe, 0x3f,
    0xff, 0xff, 0xff, 0xf1, 0xef, 0xfe, 0xdf, 0xff,
    0xff, 0xff, 0xa0, 0xef, 0xff, 0xff, 0xd5, 0x00,
    0x28, 0x40, 0xef, 0xff, 0xfd, 0x10, 0x00, 0x00,
    0x00, 0xef, 0xff, 0xf5, 0x00, 0x00, 0x00, 0x00,
    0xef, 0xff, 0xf0, 0x00, 0x00, 0x00, 0x00, 0xef,
    0xff, 0xb0, 0x00, 0x00, 0x00, 0x00, 0xef, 0xff,
    0x80, 0x00, 0x00, 0x00, 0x00, 0xef, 0xff, 0x70,
    0x00, 0x00, 0x00, 0x00, 0xef, 0xff, 0x60, 0x00,
    0x00, 0x00, 0x00, 0xef, 0xff, 0x50, 0x00, 0x00,
    0x00, 0x00, 0xef, 0xff, 0x50, 0x00, 0x00, 0x00,
    0x00, 0xef, 0xff, 0x50, 0x00, 0x00, 0x00, 0x00,
    0xef, 0xff, 0x50, 0x00, 0x00, 0x00, 0x00, 0xef,
    0xff, 0x50, 0x00, 0x00, 0x00, 0x00, 0xef, 0xff,
    0x50, 0x00, 0x00, 0x00, 0x00, 0xef, 0xff, 0x50,
    0x00, 0x00, 0x00, 0x00, 0xef, 0xff, 0x50, 0x00,
    0x00, 0x00, 0x00, 0xef, 0xff, 0x50, 0x00, 0x00,
    0x00, 0x00, 0xef, 0xff, 0x50, 0x00, 0x00, 0x00,
    0x00, 0xef, 0xff, 0x50, 0x00, 0x00, 0x00, 0x00,
    0xef, 0xff, 0x50, 0x00, 0x00, 0x00, 0x00, 0xef,
    0xff, 0x50, 0x00, 0x00, 0x00, 0x00,

    /* U+0073 "s" */
    0x00, 0x00, 0x00, 0x02, 0x57, 0x76, 0x52, 0x00,
    0x00, 0x00, 0x00, 0x00, 0x00, 0x18, 0xef, 0xff,
    0xff, 0xff, 0xea, 0x30, 0x00, 0x00, 0x00, 0x05,
    0xff, 0xff, 0xff, 0xff, 0xff, 0xff, 0xf9, 0x00,
    0x00, 0x00, 0x4f, 0xff, 0xff, 0xff, 0xff, 0xff,
    0xff, 0xff, 0x90, 0x00, 0x01, 0xef, 0xff, 0xe8,
    0x31, 0x01, 0x49, 0xff, 0xff, 0xf3, 0x00, 0x06,
    0xff, 0xfe, 0x10, 0x00, 0x00, 0x00, 0x3f, 0xff,
    0xfa, 0x00, 0x0a, 0xff, 0xf6, 0x00, 0x00, 0x00,
    0x00, 0x06, 0xff, 0xfe, 0x00, 0x0c, 0xff, 0xf5,
    0x00, 0x00, 0x00, 0x00, 0x00, 0xfe, 0xca, 0x10,
    0x0b, 0xff, 0xfa, 0x00, 0x00, 0x00, 0x00, 0x00,
    0x00, 0x00, 0x00, 0x08, 0xff, 0xff, 0xa2, 0x00,
    0x00, 0x00, 0x00, 0x00, 0x00, 0x00, 0x01, 0xff,
    0xff, 0xff, 0xd8, 0x40, 0x00, 0x00, 0x00, 0x00,
    0x00, 0x00, 0x7f, 0xff, 0xff, 0xff, 0xff, 0xb6,
    0x20, 0x00, 0x00, 0x00, 0x00, 0x07, 0xff, 0xff,
    0xff, 0xff, 0xff, 0xfd, 0x71, 0x00, 0x00, 0x00,
    0x00, 0x29, 0xff, 0xff, 0xff, 0xff, 0xff, 0xff,
    0x70, 0x00, 0x00, 0x00, 0x00, 0x04, 0x9e, 0xff,
    0xff, 0xff, 0xff, 0xf9, 0x00, 0x00, 0x00, 0x00,
    0x00, 0x00, 0x26, 0xaf, 0xff, 0xff, 0xff, 0x60,
    0x00, 0x00, 0x00, 0x00, 0x00, 0x00, 0x00, 0x4b,
    0xff, 0xff, 0xd0, 0x00, 0x00, 0x10, 0x00, 0x00,
    0x00, 0x00, 0x00, 0xbf, 0xff, 0xf0, 0x4b, 0xdf,
    0xc0, 0x00, 0x00, 0x00, 0x00, 0x00, 0x4f, 0xff,
    0xf2, 0x4f, 0xff, 0xf1, 0x00, 0x00, 0x00, 0x00,
    0x00, 0x4f, 0xff, 0xf1, 0x0f, 0xff, 0xfa, 0x00,
    0x00, 0x00, 0x00, 0x00, 0x9f, 0xff, 0xe0, 0x08,
    0xff, 0xff, 0x80, 0x00, 0x00, 0x00, 0x05, 0xff,
    0xff, 0x80, 0x01, 0xef, 0xff, 0xfc, 0x62, 0x11,
    0x25, 0xaf, 0xff, 0xfe, 0x10, 0x00, 0x4f, 0xff,
    0xff, 0xff, 0xff, 0xff, 0xff, 0xff, 0xf3, 0x00,
    0x00, 0x04, 0xef, 0xff, 0xff, 0xff, 0xff, 0xff,
    0xfd, 0x30, 0x00, 0x00, 0x00, 0x17, 0xdf, 0xff,
    0xff, 0xff, 0xfc, 0x60, 0x00, 0x00, 0x00, 0x00,
    0x00, 0x01, 0x46, 0x77, 0x64, 0x10, 0x00, 0x00,
    0x00,

    /* U+0074 "t" */
    0x00, 0x00, 0x00, 0x07, 0x10, 0x00, 0x00, 0x00,
    0x00, 0x4d, 0xf2, 0x00, 0x00, 0x00, 0x00, 0xaf,
    0xff, 0x20, 0x00, 0x00, 0x00, 0x1f, 0xff, 0xf2,
    0x00, 0x00, 0x00, 0x01, 0xff, 0xff, 0x20, 0x00,
    0x00, 0x00, 0x1f, 0xff, 0xf2, 0x00, 0x00, 0x00,
    0x01, 0xff, 0xff, 0x20, 0x00, 0x00, 0x00, 0x1f,
    0xff, 0xf2, 0x00, 0x00, 0x00, 0x01, 0xff, 0xff,
    0x20, 0x00, 0x02, 0xff, 0xff, 0xff, 0xff, 0xff,
    0xf6, 0x2f, 0xff, 0xff, 0xff, 0xff, 0xff, 0x62,
    0xff, 0xff, 0xff, 0xff, 0xff, 0xf6, 0x05, 0x56,
    0xff, 0xff, 0x65, 0x55, 0x20, 0x00, 0x1f, 0xff,
    0xf2, 0x00, 0x00, 0x00, 0x01, 0xff, 0xff, 0x20,
    0x00, 0x00, 0x00, 0x1f, 0xff, 0xf2, 0x00, 0x00,
    0x00, 0x01, 0xff, 0xff, 0x20, 0x00, 0x00, 0x00,
    0x1f, 0xff, 0xf2, 0x00, 0x00, 0x00, 0x01, 0xff,
    0xff, 0x20, 0x00, 0x00, 0x00, 0x1f, 0xff, 0xf2,
    0x00, 0x00, 0x00, 0x01, 0xff, 0xff, 0x20, 0x00,
    0x00, 0x00, 0x1f, 0xff, 0xf2, 0x00, 0x00, 0x00,
    0x01, 0xff, 0xff, 0x20, 0x00, 0x00, 0x00, 0x1f,
    0xff, 0xf2, 0x00, 0x00, 0x00, 0x01, 0xff, 0xff,
    0x20, 0x00, 0x00, 0x00, 0x1f, 0xff, 0xf2, 0x00,
    0x00, 0x00, 0x01, 0xff, 0xff, 0x20, 0x00, 0x00,
    0x00, 0x0f, 0xff, 0xf2, 0x00, 0x00, 0x00, 0x00,
    0xff, 0xff, 0x30, 0x00, 0x00, 0x00, 0x0f, 0xff,
    0xf7, 0x00, 0x00, 0x00, 0x00, 0xdf, 0xff, 0xfa,
    0x89, 0x40, 0x00, 0x0a, 0xff, 0xff, 0xff, 0xf9,
    0x00, 0x00, 0x2f, 0xff, 0xff, 0xff, 0xb0, 0x00,
    0x00, 0x3d, 0xff, 0xff, 0xfe, 0x00, 0x00, 0x00,
    0x03, 0x67, 0x75, 0x30,

    /* U+0075 "u" */
    0xef, 0xff, 0x40, 0x00, 0x00, 0x00, 0x00, 0x00,
    0xff, 0xff, 0x4e, 0xff, 0xf4, 0x00, 0x00, 0x00,
    0x00, 0x00, 0x0f, 0xff, 0xf4, 0xef, 0xff, 0x40,
    0x00, 0x00, 0x00, 0x00, 0x00, 0xff, 0xff, 0x4e,
    0xff, 0xf4, 0x00, 0x00, 0x00, 0x00, 0x00, 0x0f,
    0xff, 0xf4, 0xef, 0xff, 0x40, 0x00, 0x00, 0x00,
    0x00, 0x00, 0xff, 0xff, 0x4e, 0xff, 0xf4, 0x00,
    0x00, 0x00, 0x00, 0x00, 0x0f, 0xff, 0xf4, 0xef,
    0xff, 0x40, 0x00, 0x00, 0x00, 0x00, 0x00, 0xff,
    0xff, 0x4e, 0xff, 0xf4, 0x00, 0x00, 0x00, 0x00,
    0x00, 0x0f, 0xff, 0xf4, 0xef, 0xff, 0x40, 0x00,
    0x00, 0x00, 0x00, 0x00, 0xff, 0xff, 0x4e, 0xff,
    0xf4, 0x00, 0x00, 0x00, 0x00, 0x00, 0x0f, 0xff,
    0xf4, 0xef, 0xff, 0x40, 0x00, 0x00, 0x00, 0x00,
    0x00, 0xff, 0xff, 0x4e, 0xff, 0xf4, 0x00, 0x00,
    0x00, 0x00, 0x00, 0x0f, 0xff, 0xf4, 0xef, 0xff,
    0x40, 0x00, 0x00, 0x00, 0x00, 0x00, 0xff, 0xff,
    0x4e, 0xff, 0xf4, 0x00, 0x00, 0x00, 0x00, 0x00,
    0x0f, 0xff, 0xf4, 0xef, 0xff, 0x40, 0x00, 0x00,
    0x00, 0x00, 0x00, 0xff, 0xff, 0x4e, 0xff, 0xf5,
    0x00, 0x00, 0x00, 0x00, 0x00, 0x1f, 0xff, 0xf4,
    0xef, 0xff, 0x50, 0x00, 0x00, 0x00, 0x00, 0x03,
    0xff, 0xff, 0x4d, 0xff, 0xf7, 0x00, 0x00, 0x00,
    0x00, 0x00, 0x7f, 0xff, 0xf4, 0xcf, 0xff, 0xa0,
    0x00, 0x00, 0x00, 0x00, 0x0d, 0xff, 0xff, 0x4a,
    0xff, 0xff, 0x10, 0x00, 0x00, 0x00, 0x08, 0xff,
    0xff, 0xf4, 0x5f, 0xff, 0xfd, 0x10, 0x00, 0x00,
    0x09, 0xff, 0xff, 0xff, 0x40, 0xef, 0xff, 0xff,
    0x85, 0x45, 0x9f, 0xff, 0xfc, 0xff, 0xf4, 0x05,
    0xff, 0xff, 0xff, 0xff, 0xff, 0xff, 0xf7, 0x8f,
    0xff, 0x40, 0x06, 0xff, 0xff, 0xff, 0xff, 0xff,
    0xf6, 0x08, 0xff, 0xf4, 0x00, 0x02, 0xaf, 0xff,
    0xff, 0xff, 0xa2, 0x00, 0x8f, 0xff, 0x40, 0x00,
    0x00, 0x04, 0x67, 0x74, 0x10, 0x00, 0x00, 0x00,
    0x00,

    /* U+0076 "v" */
    0x3f, 0xff, 0xf3, 0x00, 0x00, 0x00, 0x00, 0x00,
    0x00, 0x1f, 0xff, 0xf3, 0x0d, 0xff, 0xf9, 0x00,
    0x00, 0x00, 0x00, 0x00, 0x00, 0x6f, 0xff, 0xd0,
    0x07, 0xff, 0xfe, 0x00, 0x00, 0x00, 0x00, 0x00,
    0x00, 0xcf, 0xff, 0x70, 0x01, 0xff, 0xff, 0x40,
    0x00, 0x00, 0x00, 0x00, 0x02, 0xff, 0xff, 0x10,
    0x00, 0xbf, 0xff, 0xa0, 0x00, 0x00, 0x00, 0x00,
    0x08, 0xff, 0xfb, 0x00, 0x00, 0x4f, 0xff, 0xf0,
    0x00, 0x00, 0x00, 0x00, 0x0e, 0xff, 0xf5, 0x00,
    0x00, 0x0e, 0xff, 0xf6, 0x00, 0x00, 0x00, 0x00,
    0x3f, 0xff, 0xf0, 0x00, 0x00, 0x08, 0xff, 0xfb,
    0x00, 0x00, 0x00, 0x00, 0x9f, 0xff, 0x90, 0x00,
    0x00, 0x02, 0xff, 0xff, 0x10, 0x00, 0x00, 0x00,
    0xff, 0xff, 0x30, 0x00, 0x00, 0x00, 0xcf, 0xff,
    0x70, 0x00, 0x00, 0x05, 0xff, 0xfd, 0x00, 0x00,
    0x00, 0x00, 0x6f, 0xff, 0xc0, 0x00, 0x00, 0x0b,
    0xff, 0xf7, 0x00, 0x00, 0x00, 0x00, 0x1f, 0xff,
    0xf2, 0x00, 0x00, 0x1f, 0xff, 0xf1, 0x00, 0x00,
    0x00, 0x00, 0x0a, 0xff, 0xf8, 0x00, 0x00, 0x6f,
    0xff, 0xb0, 0x00, 0x00, 0x00, 0x00, 0x04, 0xff,
    0xfe, 0x00, 0x00, 0xcf, 0xff, 0x50, 0x00, 0x00,
    0x00, 0x00, 0x00, 0xef, 0xff, 0x30, 0x02, 0xff,
    0xff, 0x00, 0x00, 0x00, 0x00, 0x00, 0x00, 0x8f,
    0xff, 0x90, 0x08, 0xff, 0xf9, 0x00, 0x00, 0x00,
    0x00, 0x00, 0x00, 0x2f, 0xff, 0xe0, 0x0d, 0xff,
    0xf3, 0x00, 0x00, 0x00, 0x00, 0x00, 0x00, 0x0c,
    0xff, 0xf3, 0x3f, 0xff, 0xd0, 0x00, 0x00, 0x00,
    0x00, 0x00, 0x00, 0x06, 0xff, 0xf8, 0x8f, 0xff,
    0x70, 0x00, 0x00, 0x00, 0x00, 0x00, 0x00, 0x00,
    0xff, 0xfd, 0xdf, 0xff, 0x10, 0x00, 0x00, 0x00,
    0x00, 0x00, 0x00, 0x00, 0xaf, 0xff, 0xff, 0xfb,
    0x00, 0x00, 0x00, 0x00, 0x00, 0x00, 0x00, 0x00,
    0x3f, 0xff, 0xff, 0xf5, 0x00, 0x00, 0x00, 0x00,
    0x00, 0x00, 0x00, 0x00, 0x0d, 0xff, 0xff, 0xe0,
    0x00, 0x00, 0x00, 0x00, 0x00, 0x00, 0x00, 0x00,
    0x07, 0xff, 0xff, 0x90, 0x00, 0x00, 0x00, 0x00,
    0x00, 0x00, 0x00, 0x00, 0x01, 0xff, 0xff, 0x30,
    0x00, 0x00, 0x00, 0x00,

    /* U+0077 "w" */
    0xbf, 0xff, 0xa0, 0x00, 0x00, 0x00, 0x00, 0x0e,
    0xff, 0xfa, 0x00, 0x00, 0x00, 0x00, 0x00, 0xff,
    0xff, 0x26, 0xff, 0xfe, 0x00, 0x00, 0x00, 0x00,
    0x03, 0xff, 0xff, 0xe0, 0x00, 0x00, 0x00, 0x00,
    0x4f, 0xff, 0xd0, 0x1f, 0xff, 0xf2, 0x00, 0x00,
    0x00, 0x00, 0x7f, 0xff, 0xff, 0x20, 0x00, 0x00,
    0x00, 0x08, 0xff, 0xf8, 0x00, 0xcf, 0xff, 0x70,
    0x00, 0x00, 0x00, 0x0c, 0xff, 0xff, 0xf6, 0x00,
    0x00, 0x00, 0x00, 0xdf, 0xff, 0x30, 0x07, 0xff,
    0xfb, 0x00, 0x00, 0x00, 0x00, 0xff, 0xff, 0xff,
    0xa0, 0x00, 0x00, 0x00, 0x2f, 0xff, 0xe0, 0x00,
    0x2f, 0xff, 0xf0, 0x00, 0x00, 0x00, 0x4f, 0xff,
    0xff, 0xfe, 0x00, 0x00, 0x00, 0x07, 0xff, 0xf9,
    0x00, 0x00, 0xef, 0xff, 0x40, 0x00, 0x00, 0x09,
    0xff, 0xfa, 0xff, 0xf3, 0x00, 0x00, 0x00, 0xbf,
    0xff, 0x40, 0x00, 0x09, 0xff, 0xf8, 0x00, 0x00,
    0x00, 0xdf, 0xfb, 0x6f, 0xff, 0x70, 0x00, 0x00,
    0x0f, 0xff, 0xf0, 0x00, 0x00, 0x4f, 0xff, 0xd0,
    0x00, 0x00, 0x1f, 0xff, 0x72, 0xff, 0xfb, 0x00,
    0x00, 0x05, 0xff, 0xfa, 0x00, 0x00, 0x00, 0xff,
    0xff, 0x10, 0x00, 0x06, 0xff, 0xf3, 0x0f, 0xff,
    0xf0, 0x00, 0x00, 0x9f, 0xff, 0x50, 0x00, 0x00,
    0x0a, 0xff, 0xf6, 0x00, 0x00, 0xaf, 0xff, 0x00,
    0xbf, 0xff, 0x30, 0x00, 0x0e, 0xff, 0xf0, 0x00,
    0x00, 0x00, 0x5f, 0xff, 0xa0, 0x00, 0x0e, 0xff,
    0xb0, 0x07, 0xff, 0xf7, 0x00, 0x03, 0xff, 0xfb,
    0x00, 0x00, 0x00, 0x01, 0xff, 0xfe, 0x00, 0x03,
    0xff, 0xf7, 0x00, 0x2f, 0xff, 0xb0, 0x00, 0x8f,
    0xff, 0x60, 0x00, 0x00, 0x00, 0x0b, 0xff, 0xf3,
    0x00, 0x7f, 0xff, 0x20, 0x00, 0xef, 0xff, 0x00,
    0x0c, 0xff, 0xf1, 0x00, 0x00, 0x00, 0x00, 0x7f,
    0xff, 0x70, 0x0b, 0xff, 0xe0, 0x00, 0x0a, 0xff,
    0xf4, 0x01, 0xff, 0xfc, 0x00, 0x00, 0x00, 0x00,
    0x02, 0xff, 0xfc, 0x00, 0xff, 0xfa, 0x00, 0x00,
    0x6f, 0xff, 0x80, 0x6f, 0xff, 0x70, 0x00, 0x00,
    0x00, 0x00, 0x0d, 0xff, 0xf0, 0x3f, 0xff, 0x60,
    0x00, 0x01, 0xff, 0xfc, 0x0a, 0xff, 0xf2, 0x00,
    0x00, 0x00, 0x00, 0x00, 0x8f, 0xff, 0x47, 0xff,
    0xf2, 0x00, 0x00, 0x0d, 0xff, 0xf1, 0xff, 0xfd,
    0x00, 0x00, 0x00, 0x00, 0x00, 0x03, 0xff, 0xf9,
    0xbf, 0xfd, 0x00, 0x00, 0x00, 0x9f, 0xff, 0x9f,
    0xff, 0x80, 0x00, 0x00, 0x00, 0x00, 0x00, 0x0e,
    0xff, 0xdf, 0xff, 0x90, 0x00, 0x00, 0x05, 0xff,
    0xff, 0xff, 0xf3, 0x00, 0x00, 0x00, 0x00, 0x00,
    0x00, 0x9f, 0xff, 0xff, 0xf5, 0x00, 0x00, 0x00,
    0x1f, 0xff, 0xff, 0xfe, 0x00, 0x00, 0x00, 0x00,
    0x00, 0x00, 0x04, 0xff, 0xff, 0xff, 0x10, 0x00,
    0x00, 0x00, 0xcf, 0xff, 0xff, 0x90, 0x00, 0x00,
    0x00, 0x00, 0x00, 0x00, 0x0f, 0xff, 0xff, 0xd0,
    0x00, 0x00, 0x00, 0x08, 0xff, 0xff, 0xf4, 0x00,
    0x00, 0x00, 0x00, 0x00, 0x00, 0x00, 0xbf, 0xff,
    0xf8, 0x00, 0x00, 0x00, 0x00, 0x4f, 0xff, 0xff,
    0x00, 0x00, 0x00, 0x00, 0x00, 0x00, 0x00, 0x06,
    0xff, 0xff, 0x40, 0x00, 0x00, 0x00, 0x00, 0xff,
    0xff, 0xa0, 0x00, 0x00, 0x00, 0x00,

    /* U+0078 "x" */
    0x09, 0xff, 0xff, 0xa0, 0x00, 0x00, 0x00, 0x00,
    0x06, 0xff, 0xff, 0xa0, 0x00, 0xdf, 0xff, 0xf4,
    0x00, 0x00, 0x00, 0x00, 0x2f, 0xff, 0xfd, 0x00,
    0x00, 0x3f, 0xff, 0xfe, 0x00, 0x00, 0x00, 0x00,
    0xcf, 0xff, 0xf3, 0x00, 0x00, 0x08, 0xff, 0xff,
    0x90, 0x00, 0x00, 0x08, 0xff, 0xff, 0x70, 0x00,
    0x00, 0x00, 0xcf, 0xff, 0xf4, 0x00, 0x00, 0x4f,
    0xff, 0xfb, 0x00, 0x00, 0x00, 0x00, 0x2f, 0xff,
    0xfd, 0x00, 0x01, 0xef, 0xff, 0xe1, 0x00, 0x00,
    0x00, 0x00, 0x06, 0xff, 0xff, 0x80, 0x0a, 0xff,
    0xff, 0x40, 0x00, 0x00, 0x00, 0x00, 0x00, 0xbf,
    0xff, 0xf2, 0x5f, 0xff, 0xf8, 0x00, 0x00, 0x00,
    0x00, 0x00, 0x00, 0x1e, 0xff, 0xfc, 0xef, 0xff,
    0xc0, 0x00, 0x00, 0x00, 0x00, 0x00, 0x00, 0x04,
    0xff, 0xff, 0xff, 0xfe, 0x10, 0x00, 0x00, 0x00,
    0x00, 0x00, 0x00, 0x00, 0x9f, 0xff, 0xff, 0xf5,
    0x00, 0x00, 0x00, 0x00, 0x00, 0x00, 0x00, 0x00,
    0x0d, 0xff, 0xff, 0x90, 0x00, 0x00, 0x00, 0x00,
    0x00, 0x00, 0x00, 0x00, 0x0d, 0xff, 0xff, 0xd0,
    0x00, 0x00, 0x00, 0x00, 0x00, 0x00, 0x00, 0x00,
    0x9f, 0xff, 0xff, 0xf9, 0x00, 0x00, 0x00, 0x00,
    0x00, 0x00, 0x00, 0x04, 0xff, 0xff, 0xff, 0xff,
    0x40, 0x00, 0x00, 0x00, 0x00, 0x00, 0x00, 0x1e,
    0xff, 0xfc, 0xcf, 0xff, 0xe1, 0x00, 0x00, 0x00,
    0x00, 0x00, 0x00, 0xbf, 0xff, 0xf2, 0x2f, 0xff,
    0xfb, 0x00, 0x00, 0x00, 0x00, 0x00, 0x06, 0xff,
    0xff, 0x60, 0x07, 0xff, 0xff, 0x60, 0x00, 0x00,
    0x00, 0x00, 0x2f, 0xff, 0xfc, 0x00, 0x00, 0xcf,
    0xff, 0xf2, 0x00, 0x00, 0x00, 0x00, 0xcf, 0xff,
    0xf2, 0x00, 0x00, 0x2f, 0xff, 0xfc, 0x00, 0x00,
    0x00, 0x07, 0xff, 0xff, 0x70, 0x00, 0x00, 0x07,
    0xff, 0xff, 0x80, 0x00, 0x00, 0x3f, 0xff, 0xfc,
    0x00, 0x00, 0x00, 0x00, 0xdf, 0xff, 0xf3, 0x00,
    0x00, 0xdf, 0xff, 0xf2, 0x00, 0x00, 0x00, 0x00,
    0x3f, 0xff, 0xfd, 0x00, 0x09, 0xff, 0xff, 0x70,
    0x00, 0x00, 0x00, 0x00, 0x08, 0xff, 0xff, 0x90,
    0x4f, 0xff, 0xfc, 0x00, 0x00, 0x00, 0x00, 0x00,
    0x00, 0xdf, 0xff, 0xf4,

    /* U+0079 "y" */
    0x1f, 0xff, 0xf8, 0x00, 0x00, 0x00, 0x00, 0x00,
    0x00, 0x0d, 0xff, 0xf6, 0x0a, 0xff, 0xfd, 0x00,
    0x00, 0x00, 0x00, 0x00, 0x00, 0x2f, 0xff, 0xf0,
    0x04, 0xff, 0xff, 0x30, 0x00, 0x00, 0x00, 0x00,
    0x00, 0x8f, 0xff, 0xa0, 0x00, 0xef, 0xff, 0x90,
    0x00, 0x00, 0x00, 0x00, 0x00, 0xef, 0xff, 0x40,
    0x00, 0x8f, 0xff, 0xe0, 0x00, 0x00, 0x00, 0x00,
    0x04, 0xff, 0xfe, 0x00, 0x00, 0x2f, 0xff, 0xf4,
    0x00, 0x00, 0x00, 0x00, 0x0a, 0xff, 0xf8, 0x00,
    0x00, 0x0c, 0xff, 0xfa, 0x00, 0x00, 0x00, 0x00,
    0x0f, 0xff, 0xf2, 0x00, 0x00, 0x06, 0xff, 0xff,
    0x00, 0x00, 0x00, 0x00, 0x5f, 0xff, 0xd0, 0x00,
    0x00, 0x01, 0xff, 0xff, 0x50, 0x00, 0x00, 0x00,
    0xbf, 0xff, 0x70, 0x00, 0x00, 0x00, 0xaf, 0xff,
    0xb0, 0x00, 0x00, 0x01, 0xff, 0xff, 0x10, 0x00,
    0x00, 0x00, 0x4f, 0xff, 0xf1, 0x00, 0x00, 0x06,
    0xff, 0xfb, 0x00, 0x00, 0x00, 0x00, 0x0e, 0xff,
    0xf6, 0x00, 0x00, 0x0c, 0xff, 0xf5, 0x00, 0x00,
    0x00, 0x00, 0x08, 0xff, 0xfc, 0x00, 0x00, 0x2f,
    0xff, 0xf0, 0x00, 0x00, 0x00, 0x00, 0x02, 0xff,
    0xff, 0x10, 0x00, 0x8f, 0xff, 0x90, 0x00, 0x00,
    0x00, 0x00, 0x00, 0xcf, 0xff, 0x70, 0x00, 0xdf,
    0xff, 0x30, 0x00, 0x00, 0x00, 0x00, 0x00, 0x6f,
    0xff, 0xc0, 0x03, 0xff, 0xfd, 0x00, 0x00, 0x00,
    0x00, 0x00, 0x00, 0x1f, 0xff, 0xf2, 0x08, 0xff,
    0xf7, 0x00, 0x00, 0x00, 0x00, 0x00, 0x00, 0x0b,
    0xff, 0xf7, 0x0e, 0xff, 0xf2, 0x00, 0x00, 0x00,
    0x00, 0x00, 0x00, 0x05, 0xff, 0xfc, 0x2f, 0xff,
    0xc0, 0x00, 0x00, 0x00, 0x00, 0x00, 0x00, 0x00,
    0xef, 0xff, 0x7f, 0xff, 0x60, 0x00, 0x00, 0x00,
    0x00, 0x00, 0x00, 0x00, 0x9f, 0xff, 0xff, 0xff,
    0x00, 0x00, 0x00, 0x00, 0x00, 0x00, 0x00, 0x00,
    0x3f, 0xff, 0xff, 0xfa, 0x00, 0x00, 0x00, 0x00,
    0x00, 0x00, 0x00, 0x00, 0x0d, 0xff, 0xff, 0xf4,
    0x00, 0x00, 0x00, 0x00, 0x00, 0x00, 0x00, 0x00,
    0x07, 0xff, 0xff, 0xe0, 0x00, 0x00, 0x00, 0x00,
    0x00, 0x00, 0x00, 0x00, 0x01, 0xff, 0xff, 0x80,
    0x00, 0x00, 0x00, 0x00, 0x00, 0x00, 0x00, 0x00,
    0x00, 0xef, 0xff, 0x20, 0x00, 0x00, 0x00, 0x00,
    0x00, 0x00, 0x00, 0x00, 0x03, 0xff, 0xfc, 0x00,
    0x00, 0x00, 0x00, 0x00, 0x00, 0x00, 0x00, 0x00,
    0x09, 0xff, 0xf6, 0x00, 0x00, 0x00, 0x00, 0x00,
    0x00, 0x00, 0x00, 0x00, 0x0e, 0xff, 0xf1, 0x00,
    0x00, 0x00, 0x00, 0x00, 0x00, 0x00, 0x00, 0x00,
    0x7f, 0xff, 0xa0, 0x00, 0x00, 0x00, 0x00, 0x00,
    0x00, 0x00, 0x00, 0x06, 0xff, 0xff, 0x30, 0x00,
    0x00, 0x00, 0x00, 0x00, 0x00, 0x6d, 0xbb, 0xef,
    0xff, 0xfb, 0x00, 0x00, 0x00, 0x00, 0x00, 0x00,
    0x00, 0x4f, 0xff, 0xff, 0xff, 0xf2, 0x00, 0x00,
    0x00, 0x00, 0x00, 0x00, 0x00, 0x3f, 0xff, 0xff,
    0xff, 0x50, 0x00, 0x00, 0x00, 0x00, 0x00, 0x00,
    0x00, 0x1f, 0xff, 0xff, 0xd4, 0x00, 0x00, 0x00,
    0x00, 0x00, 0x00, 0x00, 0x00, 0x02, 0x57, 0x63,
    0x00, 0x00, 0x00, 0x00, 0x00, 0x00, 0x00, 0x00,

    /* U+007A "z" */
    0x02, 0xff, 0xff, 0xff, 0xff, 0xff, 0xff, 0xff,
    0xff, 0xff, 0xff, 0x30, 0x2f, 0xff, 0xff, 0xff,
    0xff, 0xff, 0xff, 0xff, 0xff, 0xff, 0xf3, 0x02,
    0xff, 0xff, 0xff, 0xff, 0xff, 0xff, 0xff, 0xff,
    0xff, 0xff, 0x30, 0x06, 0x66, 0x66, 0x66, 0x66,
    0x66, 0x66, 0x6b, 0xff, 0xff, 0xa0, 0x00, 0x00,
    0x00, 0x00, 0x00, 0x00, 0x00, 0x03, 0xff, 0xff,
    0xc0, 0x00, 0x00, 0x00, 0x00, 0x00, 0x00, 0x00,
    0x02, 0xef, 0xff, 0xd1, 0x00, 0x00, 0x00, 0x00,
    0x00, 0x00, 0x00, 0x01, 0xdf, 0xff, 0xf2, 0x00,
    0x00, 0x00, 0x00, 0x00, 0x00, 0x00, 0x00, 0xcf,
    0xff, 0xf4, 0x00, 0x00, 0x00, 0x00, 0x00, 0x00,
    0x00, 0x00, 0xaf, 0xff, 0xf6, 0x00, 0x00, 0x00,
    0x00, 0x00, 0x00, 0x00, 0x00, 0x8f, 0xff, 0xf8,
    0x00, 0x00, 0x00, 0x00, 0x00, 0x00, 0x00, 0x00,
    0x6f, 0xff, 0xfa, 0x00, 0x00, 0x00, 0x00, 0x00,
    0x00, 0x00, 0x00, 0x4f, 0xff, 0xfc, 0x00, 0x00,
    0x00, 0x00, 0x00, 0x00, 0x00, 0x00, 0x3f, 0xff,
    0xfe, 0x10, 0x00, 0x00, 0x00, 0x00, 0x00, 0x00,
    0x00, 0x2e, 0xff, 0xff, 0x20, 0x00, 0x00, 0x00,
    0x00, 0x00, 0x00, 0x00, 0x1d, 0xff, 0xff, 0x40,
    0x00, 0x00, 0x00, 0x00, 0x00, 0x00, 0x00, 0x0c,
    0xff, 0xff, 0x60, 0x00, 0x00, 0x00, 0x00, 0x00,
    0x00, 0x00, 0x0a, 0xff, 0xff, 0x90, 0x00, 0x00,
    0x00, 0x00, 0x00, 0x00, 0x00, 0x08, 0xff, 0xff,
    0xb0, 0x00, 0x00, 0x00, 0x00, 0x00, 0x00, 0x00,
    0x06, 0xff, 0xff, 0xd0, 0x00, 0x00, 0x00, 0x00,
    0x00, 0x00, 0x00, 0x04, 0xff, 0xff, 0xd1, 0x00,
    0x00, 0x00, 0x00, 0x00, 0x00, 0x00, 0x03, 0xff,
    0xff, 0xe2, 0x00, 0x00, 0x00, 0x00, 0x00, 0x00,
    0x00, 0x00, 0xef, 0xff, 0xfb, 0x99, 0xaa, 0xbb,
    0xbb, 0xbb, 0xbb, 0xbb, 0xba, 0x1f, 0xff, 0xff,
    0xff, 0xff, 0xff, 0xff, 0xff, 0xff, 0xff, 0xff,
    0xf1, 0xff, 0xff, 0xff, 0xff, 0xff, 0xff, 0xff,
    0xff, 0xff, 0xff, 0xff, 0x1f, 0xff, 0xff, 0xff,
    0xff, 0xff, 0xff, 0xff, 0xff, 0xff, 0xff, 0xf0,

    /* U+007B "{" */
    0x00, 0x00, 0x00, 0x00, 0x02, 0x67, 0x77, 0x00,
    0x00, 0x00, 0x02, 0xcf, 0xff, 0xfe, 0x00, 0x00,
    0x00, 0x2e, 0xff, 0xff, 0xfe, 0x00, 0x00, 0x00,
    0xbf, 0xff, 0xff, 0xfe, 0x00, 0x00, 0x02, 0xff,
    0xff, 0xc6, 0x43, 0x00, 0x00, 0x06, 0xff, 0xfb,
    0x00, 0x00, 0x00, 0x00, 0x09, 0xff, 0xf6, 0x00,
    0x00, 0x00, 0x00, 0x0b, 0xff, 0xf3, 0x00, 0x00,
    0x00, 0x00, 0x0c, 0xff, 0xf2, 0x00, 0x00, 0x00,
    0x00, 0x0c, 0xff, 0xf2, 0x00, 0x00, 0x00, 0x00,
    0x0c, 0xff, 0xf2, 0x00, 0x00, 0x00, 0x00, 0x0c,
    0xff, 0xf2, 0x00, 0x00, 0x00, 0x00, 0x0d, 0xff,
    0xf2, 0x00, 0x00, 0x00, 0x00, 0x0d, 0xff, 0xf1,
    0x00, 0x00, 0x00, 0x00, 0x0e, 0xff, 0xf1, 0x00,
    0x00, 0x00, 0x00, 0x0e, 0xff, 0xf0, 0x00, 0x00,
    0x00, 0x00, 0x0f, 0xff, 0xe0, 0x00, 0x00, 0x00,
    0x00, 0x3f, 0xff, 0xb0, 0x00, 0x00, 0x00, 0x00,
    0x8f, 0xff, 0x70, 0x00, 0x00, 0x00, 0x03, 0xff,
    0xff, 0x10, 0x00, 0x00, 0x01, 0x7e, 0xff, 0xf8,
    0x00, 0x00, 0x00, 0xaf, 0xff, 0xff, 0x90, 0x00,
    0x00, 0x00, 0xaf, 0xff, 0xd5, 0x00, 0x00, 0x00,
    0x00, 0xaf, 0xff, 0xd4, 0x00, 0x00, 0x00, 0x00,
    0xaf, 0xff, 0xff, 0x70, 0x00, 0x00, 0x00, 0x02,
    0x8f, 0xff, 0xf5, 0x00, 0x00, 0x00, 0x00, 0x04,
    0xff, 0xfe, 0x00, 0x00, 0x00, 0x00, 0x00, 0xaf,
    0xff, 0x50, 0x00, 0x00, 0x00, 0x00, 0x4f, 0xff,
    0xa0, 0x00, 0x00, 0x00, 0x00, 0x1f, 0xff, 0xd0,
    0x00, 0x00, 0x00, 0x00, 0x0f, 0xff, 0xf0, 0x00,
    0x00, 0x00, 0x00, 0x0e, 0xff, 0xf1, 0x00, 0x00,
    0x00, 0x00, 0x0d, 0xff, 0xf1, 0x00, 0x00, 0x00,
    0x00, 0x0d, 0xff, 0xf2, 0x00, 0x00, 0x00, 0x00,
    0x0d, 0xff, 0xf2, 0x00, 0x00, 0x00, 0x00, 0x0c,
    0xff, 0xf2, 0x00, 0x00, 0x00, 0x00, 0x0c, 0xff,
    0xf2, 0x00, 0x00, 0x00, 0x00, 0x0c, 0xff, 0xf2,
    0x00, 0x00, 0x00, 0x00, 0x0b, 0xff, 0xf3, 0x00,
    0x00, 0x00, 0x00, 0x0a, 0xff, 0xf3, 0x00, 0x00,
    0x00, 0x00, 0x09, 0xff, 0xf6, 0x00, 0x00, 0x00,
    0x00, 0x06, 0xff, 0xfc, 0x00, 0x00, 0x00, 0x00,
    0x02, 0xff, 0xff, 0xb6, 0x43, 0x00, 0x00, 0x00,
    0xaf, 0xff, 0xff, 0xfe, 0x00, 0x00, 0x00, 0x1e,
    0xff, 0xff, 0xfe, 0x00, 0x00, 0x00, 0x01, 0xbf,
    0xff, 0xfe, 0x00, 0x00, 0x00, 0x00, 0x02, 0x67,
    0x77,

    /* U+007C "|" */
    0x9f, 0xff, 0x19, 0xff, 0xf1, 0x9f, 0xff, 0x19,
    0xff, 0xf1, 0x9f, 0xff, 0x19, 0xff, 0xf1, 0x9f,
    0xff, 0x19, 0xff, 0xf1, 0x9f, 0xff, 0x19, 0xff,
    0xf1, 0x9f, 0xff, 0x19, 0xff, 0xf1, 0x9f, 0xff,
    0x19, 0xff, 0xf1, 0x9f, 0xff, 0x19, 0xff, 0xf1,
    0x9f, 0xff, 0x19, 0xff, 0xf1, 0x9f, 0xff, 0x19,
    0xff, 0xf1, 0x9f, 0xff, 0x19, 0xff, 0xf1, 0x9f,
    0xff, 0x19, 0xff, 0xf1, 0x9f, 0xff, 0x19, 0xff,
    0xf1, 0x9f, 0xff, 0x19, 0xff, 0xf1, 0x9f, 0xff,
    0x19, 0xff, 0xf1, 0x9f, 0xff, 0x19, 0xff, 0xf1,
    0x9f, 0xff, 0x19, 0xff, 0xf1, 0x9f, 0xff, 0x19,
    0xff, 0xf1, 0x9f, 0xff, 0x19, 0xff, 0xf1, 0x9f,
    0xff, 0x19, 0xff, 0xf1, 0x9f, 0xff, 0x19, 0xff,
    0xf1, 0x9f, 0xff, 0x19, 0xff, 0xf1, 0x9f, 0xff,
    0x19, 0xff, 0xf1,

    /* U+007D "}" */
    0x77, 0x76, 0x20, 0x00, 0x00, 0x00, 0x00, 0xef,
    0xff, 0xfb, 0x20, 0x00, 0x00, 0x00, 0xef, 0xff,
    0xff, 0xe2, 0x00, 0x00, 0x00, 0xef, 0xff, 0xff,
    0xfb, 0x00, 0x00, 0x00, 0x34, 0x6b, 0xff, 0xff,
    0x20, 0x00, 0x00, 0x00, 0x00, 0xcf, 0xff, 0x70,
    0x00, 0x00, 0x00, 0x00, 0x6f, 0xff, 0x90, 0x00,
    0x00, 0x00, 0x00, 0x3f, 0xff, 0xa0, 0x00, 0x00,
    0x00, 0x00, 0x2f, 0xff, 0xb0, 0x00, 0x00, 0x00,
    0x00, 0x2f, 0xff, 0xc0, 0x00, 0x00, 0x00, 0x00,
    0x2f, 0xff, 0xc0, 0x00, 0x00, 0x00, 0x00, 0x2f,
    0xff, 0xc0, 0x00, 0x00, 0x00, 0x00, 0x2f, 0xff,
    0xd0, 0x00, 0x00, 0x00, 0x00, 0x1f, 0xff, 0xd0,
    0x00, 0x00, 0x00, 0x00, 0x1f, 0xff, 0xe0, 0x00,
    0x00, 0x00, 0x00, 0x0f, 0xff, 0xf0, 0x00, 0x00,
    0x00, 0x00, 0x0e, 0xff, 0xf0, 0x00, 0x00, 0x00,
    0x00, 0x0b, 0xff, 0xf3, 0x00, 0x00, 0x00, 0x00,
    0x07, 0xff, 0xf9, 0x00, 0x00, 0x00, 0x00, 0x01,
    0xff, 0xff, 0x30, 0x00, 0x00, 0x00, 0x00, 0x7f,
    0xff, 0xf7, 0x10, 0x00, 0x00, 0x00, 0x08, 0xff,
    0xff, 0xfa, 0x00, 0x00, 0x00, 0x00, 0x4d, 0xff,
    0xfa, 0x00, 0x00, 0x00, 0x00, 0x3c, 0xff, 0xfa,
    0x00, 0x00, 0x00, 0x06, 0xff, 0xff, 0xfa, 0x00,
    0x00, 0x00, 0x5f, 0xff, 0xf8, 0x20, 0x00, 0x00,
    0x00, 0xef, 0xff, 0x50, 0x00, 0x00, 0x00, 0x05,
    0xff, 0xfa, 0x00, 0x00, 0x00, 0x00, 0x0a, 0xff,
    0xf4, 0x00, 0x00, 0x00, 0x00, 0x0d, 0xff, 0xf1,
    0x00, 0x00, 0x00, 0x00, 0x0f, 0xff, 0xf0, 0x00,
    0x00, 0x00, 0x00, 0x0f, 0xff, 0xe0, 0x00, 0x00,
    0x00, 0x00, 0x1f, 0xff, 0xd0, 0x00, 0x00, 0x00,
    0x00, 0x1f, 0xff, 0xd0, 0x00, 0x00, 0x00, 0x00,
    0x1f, 0xff, 0xc0, 0x00, 0x00, 0x00, 0x00, 0x2f,
    0xff, 0xc0, 0x00, 0x00, 0x00, 0x00, 0x2f, 0xff,
    0xc0, 0x00, 0x00, 0x00, 0x00, 0x2f, 0xff, 0xc0,
    0x00, 0x00, 0x00, 0x00, 0x2f, 0xff, 0xb0, 0x00,
    0x00, 0x00, 0x00, 0x3f, 0xff, 0xb0, 0x00, 0x00,
    0x00, 0x00, 0x6f, 0xff, 0x90, 0x00, 0x00, 0x00,
    0x00, 0xcf, 0xff, 0x60, 0x00, 0x00, 0x34, 0x6c,
    0xff, 0xff, 0x10, 0x00, 0x00, 0xef, 0xff, 0xff,
    0xfa, 0x00, 0x00, 0x00, 0xef, 0xff, 0xff, 0xe1,
    0x00, 0x00, 0x00, 0xef, 0xff, 0xfb, 0x20, 0x00,
    0x00, 0x00, 0x77, 0x76, 0x20, 0x00, 0x00, 0x00,
    0x00,

    /* U+007E "~" */
    0x00, 0x00, 0x46, 0x77, 0x51, 0x00, 0x00, 0x00,
    0x00, 0x00, 0x00, 0x03, 0x00, 0x19, 0xff, 0xff,
    0xff, 0xfd, 0x72, 0x00, 0x00, 0x00, 0x00, 0x04,
    0xf0, 0x4e, 0xff, 0xff, 0xff, 0xff, 0xff, 0xfb,
    0x50, 0x00, 0x00, 0x2a, 0xff, 0x0e, 0xff, 0xff,
    0xff, 0xff, 0xff, 0xff, 0xff, 0xfb, 0x99, 0xcf,
    0xff, 0xf0, 0xff, 0xff, 0xff, 0xff, 0xff, 0xff,
    0xff, 0xff, 0xff, 0xff, 0xff, 0xff, 0x0f, 0xff,
    0x93, 0x10, 0x26, 0xbf, 0xff, 0xff, 0xff, 0xff,
    0xff, 0xff, 0xd0, 0xfc, 0x20, 0x00, 0x00, 0x00,
    0x18, 0xef, 0xff, 0xff, 0xff, 0xff, 0x90, 0x09,
    0x00, 0x00, 0x00, 0x00, 0x00, 0x00, 0x49, 0xdf,
    0xfe, 0xc8, 0x20, 0x00, 0x00, 0x00, 0x00, 0x00,
    0x00, 0x00, 0x00, 0x00, 0x00, 0x00, 0x00, 0x00,
    0x00
};

/*---------------------
 *  GLYPH DESCRIPTION
 *--------------------*/

static const lv_font_fmt_txt_glyph_dsc_t glyph_dsc[] = {
    {.bitmap_index = 0, .adv_w = 0, .box_w = 0, .box_h = 0, .ofs_x = 0, .ofs_y = 0} /* id = 0 reserved */,
    {.bitmap_index = 0, .adv_w = 213, .box_w = 0, .box_h = 0, .ofs_x = 0, .ofs_y = 0},
    {.bitmap_index = 0, .adv_w = 213, .box_w = 6, .box_h = 35, .ofs_x = 4, .ofs_y = 0},
    {.bitmap_index = 105, .adv_w = 273, .box_w = 13, .box_h = 13, .ofs_x = 2, .ofs_y = 22},
    {.bitmap_index = 190, .adv_w = 427, .box_w = 27, .box_h = 38, .ofs_x = 0, .ofs_y = -2},
    {.bitmap_index = 703, .adv_w = 427, .box_w = 24, .box_h = 44, .ofs_x = 1, .ofs_y = -5},
    {.bitmap_index = 1231, .adv_w = 683, .box_w = 38, .box_h = 38, .ofs_x = 2, .ofs_y = -2},
    {.bitmap_index = 1953, .adv_w = 512, .box_w = 29, .box_h = 37, .ofs_x = 2, .ofs_y = -1},
    {.bitmap_index = 2490, .adv_w = 147, .box_w = 5, .box_h = 13, .ofs_x = 2, .ofs_y = 22},
    {.bitmap_index = 2523, .adv_w = 256, .box_w = 13, .box_h = 46, .ofs_x = 2, .ofs_y = -10},
    {.bitmap_index = 2822, .adv_w = 256, .box_w = 13, .box_h = 46, .ofs_x = 2, .ofs_y = -10},
    {.bitmap_index = 3121, .adv_w = 299, .box_w = 16, .box_h = 15, .ofs_x = 1, .ofs_y = 21},
    {.bitmap_index = 3241, .adv_w = 449, .box_w = 24, .box_h = 24, .ofs_x = 2, .ofs_y = 6},
    {.bitmap_index = 3529, .adv_w = 213, .box_w = 7, .box_h = 12, .ofs_x = 3, .ofs_y = -7},
    {.bitmap_index = 3571, .adv_w = 256, .box_w = 14, .box_h = 5, .ofs_x = 1, .ofs_y = 11},
    {.bitmap_index = 3606, .adv_w = 213, .box_w = 6, .box_h = 5, .ofs_x = 4, .ofs_y = 0},
    {.bitmap_index = 3621, .adv_w = 213, .box_w = 14, .box_h = 37, .ofs_x = 0, .ofs_y = -1},
    {.bitmap_index = 3880, .adv_w = 427, .box_w = 23, .box_h = 36, .ofs_x = 2, .ofs_y = -1},
    {.bitmap_index = 4294, .adv_w = 427, .box_w = 13, .box_h = 35, .ofs_x = 5, .ofs_y = 0},
    {.bitmap_index = 4522, .adv_w = 427, .box_w = 24, .box_h = 35, .ofs_x = 1, .ofs_y = 0},
    {.bitmap_index = 4942, .adv_w = 427, .box_w = 23, .box_h = 36, .ofs_x = 2, .ofs_y = -1},
    {.bitmap_index = 5356, .adv_w = 427, .box_w = 25, .box_h = 35, .ofs_x = 0, .ofs_y = 0},
    {.bitmap_index = 5794, .adv_w = 427, .box_w = 23, .box_h = 36, .ofs_x = 2, .ofs_y = -1},
    {.bitmap_index = 6208, .adv_w = 427, .box_w = 24, .box_h = 36, .ofs_x = 1, .ofs_y = -1},
    {.bitmap_index = 6640, .adv_w = 427, .box_w = 23, .box_h = 35, .ofs_x = 2, .ofs_y = 0},
    {.bitmap_index = 7043, .adv_w = 427, .box_w = 24, .box_h = 36, .ofs_x = 1, .ofs_y = -1},
    {.bitmap_index = 7475, .adv_w = 427, .box_w = 23, .box_h = 36, .ofs_x = 2, .ofs_y = -1},
    {.bitmap_index = 7889, .adv_w = 213, .box_w = 6, .box_h = 25, .ofs_x = 4, .ofs_y = 0},
    {.bitmap_index = 7964, .adv_w = 213, .box_w = 7, .box_h = 32, .ofs_x = 3, .ofs_y = -7},
    {.bitmap_index = 8076, .adv_w = 449, .box_w = 24, .box_h = 25, .ofs_x = 2, .ofs_y = 5},
    {.bitmap_index = 8376, .adv_w = 449, .box_w = 24, .box_h = 15, .ofs_x = 2, .ofs_y = 10},
    {.bitmap_index = 8556, .adv_w = 449, .box_w = 24, .box_h = 25, .ofs_x = 2, .ofs_y = 5},
    {.bitmap_index = 8856, .adv_w = 427, .box_w = 23, .box_h = 36, .ofs_x = 2, .ofs_y = 0},
    {.bitmap_index = 9270, .adv_w = 780, .box_w = 45, .box_h = 47, .ofs_x = 2, .ofs_y = -11},
    {.bitmap_index = 10328, .adv_w = 512, .box_w = 34, .box_h = 35, .ofs_x = -1, .ofs_y = 0},
    {.bitmap_index = 10923, .adv_w = 512, .box_w = 27, .box_h = 35, .ofs_x = 3, .ofs_y = 0},
    {.bitmap_index = 11396, .adv_w = 555, .box_w = 31, .box_h = 37, .ofs_x = 2, .ofs_y = -1},
    {.bitmap_index = 11970, .adv_w = 555, .box_w = 30, .box_h = 35, .ofs_x = 3, .ofs_y = 0},
    {.bitmap_index = 12495, .adv_w = 512, .box_w = 27, .box_h = 35, .ofs_x = 3, .ofs_y = 0},
    {.bitmap_index = 12968, .adv_w = 469, .box_w = 25, .box_h = 35, .ofs_x = 3, .ofs_y = 0},
    {.bitmap_index = 13406, .adv_w = 597, .box_w = 33, .box_h = 37, .ofs_x = 2, .ofs_y = -1},
    {.bitmap_index = 14017, .adv_w = 555, .box_w = 28, .box_h = 35, .ofs_x = 3, .ofs_y = 0},
    {.bitmap_index = 14507, .adv_w = 213, .box_w = 6, .box_h = 35, .ofs_x = 4, .ofs_y = 0},
    {.bitmap_index = 14612, .adv_w = 384, .box_w = 20, .box_h = 36, .ofs_x = 1, .ofs_y = -1},
    {.bitmap_index = 14972, .adv_w = 512, .box_w = 29, .box_h = 35, .ofs_x = 3, .ofs_y = 0},
    {.bitmap_index = 15480, .adv_w = 427, .box_w = 22, .box_h = 35, .ofs_x = 3, .ofs_y = 0},
    {.bitmap_index = 15865, .adv_w = 640, .box_w = 34, .box_h = 35, .ofs_x = 3, .ofs_y = 0},
    {.bitmap_index = 16460, .adv_w = 555, .box_w = 28, .box_h = 35, .ofs_x = 3, .ofs_y = 0},
    {.bitmap_index = 16950, .adv_w = 597, .box_w = 34, .box_h = 37, .ofs_x = 2, .ofs_y = -1},
    {.bitmap_index = 17579, .adv_w = 512, .box_w = 27, .box_h = 35, .ofs_x = 3, .ofs_y = 0},
    {.bitmap_index = 18052, .adv_w = 597, .box_w = 34, .box_h = 39, .ofs_x = 2, .ofs_y = -3},
    {.bitmap_index = 18715, .adv_w = 555, .box_w = 32, .box_h = 35, .ofs_x = 3, .ofs_y = 0},
    {.bitmap_index = 19275, .adv_w = 512, .box_w = 28, .box_h = 37, .ofs_x = 2, .ofs_y = -1},
    {.bitmap_index = 19793, .adv_w = 469, .box_w = 28, .box_h = 35, .ofs_x = 1, .ofs_y = 0},
    {.bitmap_index = 20283, .adv_w = 555, .box_w = 28, .box_h = 36, .ofs_x = 3, .ofs_y = -1},
    {.bitmap_index = 20787, .adv_w = 512, .box_w = 32, .box_h = 35, .ofs_x = 0, .ofs_y = 0},
    {.bitmap_index = 21347, .adv_w = 725, .box_w = 45, .box_h = 35, .ofs_x = 0, .ofs_y = 0},
    {.bitmap_index = 22135, .adv_w = 512, .box_w = 32, .box_h = 35, .ofs_x = 0, .ofs_y = 0},
    {.bitmap_index = 22695, .adv_w = 512, .box_w = 32, .box_h = 35, .ofs_x = 0, .ofs_y = 0},
    {.bitmap_index = 23255, .adv_w = 469, .box_w = 29, .box_h = 35, .ofs_x = 0, .ofs_y = 0},
    {.bitmap_index = 23763, .adv_w = 213, .box_w = 10, .box_h = 45, .ofs_x = 3, .ofs_y = -10},
    {.bitmap_index = 23988, .adv_w = 213, .box_w = 14, .box_h = 37, .ofs_x = 0, .ofs_y = -1},
    {.bitmap_index = 24247, .adv_w = 213, .box_w = 11, .box_h = 45, .ofs_x = 0, .ofs_y = -10},
    {.bitmap_index = 24495, .adv_w = 360, .box_w = 21, .box_h = 19, .ofs_x = 1, .ofs_y = 17},
    {.bitmap_index = 24695, .adv_w = 427, .box_w = 29, .box_h = 4, .ofs_x = -1, .ofs_y = -10},
    {.bitmap_index = 24753, .adv_w = 256, .box_w = 9, .box_h = 7, .ofs_x = 2, .ofs_y = 29},
    {.bitmap_index = 24785, .adv_w = 427, .box_w = 24, .box_h = 27, .ofs_x = 1, .ofs_y = -1},
    {.bitmap_index = 25109, .adv_w = 427, .box_w = 22, .box_h = 36, .ofs_x = 3, .ofs_y = -1},
    {.bitmap_index = 25505, .adv_w = 384, .box_w = 23, .box_h = 27, .ofs_x = 1, .ofs_y = -1},
    {.bitmap_index = 25816, .adv_w = 427, .box_w = 23, .box_h = 36, .ofs_x = 1, .ofs_y = -1},
    {.bitmap_index = 26230, .adv_w = 427, .box_w = 24, .box_h = 27, .ofs_x = 1, .ofs_y = -1},
    {.bitmap_index = 26554, .adv_w = 213, .box_w = 15, .box_h = 36, .ofs_x = 0, .ofs_y = 0},
    {.bitmap_index = 26824, .adv_w = 427, .box_w = 23, .box_h = 37, .ofs_x = 1, .ofs_y = -11},
    {.bitmap_index = 27250, .adv_w = 427, .box_w = 21, .box_h = 35, .ofs_x = 3, .ofs_y = 0},
    {.bitmap_index = 27618, .adv_w = 171, .box_w = 5, .box_h = 35, .ofs_x = 3, .ofs_y = 0},
    {.bitmap_index = 27706, .adv_w = 171, .box_w = 11, .box_h = 46, .ofs_x = -3, .ofs_y = -11},
    {.bitmap_index = 27959, .adv_w = 384, .box_w = 21, .box_h = 35, .ofs_x = 3, .ofs_y = 0},
    {.bitmap_index = 28327, .adv_w = 171, .box_w = 5, .box_h = 35, .ofs_x = 3, .ofs_y = 0},
    {.bitmap_index = 28415, .adv_w = 640, .box_w = 34, .box_h = 26, .ofs_x = 3, .ofs_y = 0},
    {.bitmap_index = 28857, .adv_w = 427, .box_w = 21, .box_h = 26, .ofs_x = 3, .ofs_y = 0},
    {.bitmap_index = 29130, .adv_w = 427, .box_w = 24, .box_h = 27, .ofs_x = 1, .ofs_y = -1},
    {.bitmap_index = 29454, .adv_w = 427, .box_w = 22, .box_h = 36, .ofs_x = 3, .ofs_y = -10},
    {.bitmap_index = 29850, .adv_w = 427, .box_w = 23, .box_h = 36, .ofs_x = 1, .ofs_y = -10},
    {.bitmap_index = 30264, .adv_w = 256, .box_w = 14, .box_h = 26, .ofs_x = 3, .ofs_y = 0},
    {.bitmap_index = 30446, .adv_w = 384, .box_w = 22, .box_h = 27, .ofs_x = 1, .ofs_y = -1},
    {.bitmap_index = 30743, .adv_w = 213, .box_w = 13, .box_h = 35, .ofs_x = 0, .ofs_y = -1},
    {.bitmap_index = 30971, .adv_w = 427, .box_w = 21, .box_h = 26, .ofs_x = 3, .ofs_y = -1},
    {.bitmap_index = 31244, .adv_w = 384, .box_w = 24, .box_h = 25, .ofs_x = 0, .ofs_y = 0},
    {.bitmap_index = 31544, .adv_w = 555, .box_w = 35, .box_h = 25, .ofs_x = 0, .ofs_y = 0},
    {.bitmap_index = 31982, .adv_w = 384, .box_w = 24, .box_h = 25, .ofs_x = 0, .ofs_y = 0},
    {.bitmap_index = 32282, .adv_w = 384, .box_w = 24, .box_h = 36, .ofs_x = 0, .ofs_y = -11},
    {.bitmap_index = 32714, .adv_w = 384, .box_w = 23, .box_h = 25, .ofs_x = 0, .ofs_y = 0},
    {.bitmap_index = 33002, .adv_w = 257, .box_w = 14, .box_h = 47, .ofs_x = 1, .ofs_y = -11},
    {.bitmap_index = 33331, .adv_w = 200, .box_w = 5, .box_h = 46, .ofs_x = 4, .ofs_y = -10},
    {.bitmap_index = 33446, .adv_w = 257, .box_w = 14, .box_h = 47, .ofs_x = 1, .ofs_y = -11},
    {.bitmap_index = 33775, .adv_w = 449, .box_w = 25, .box_h = 9, .ofs_x = 2, .ofs_y = 12}
};

/*---------------------
 *  CHARACTER MAPPING
 *--------------------*/



/*Collect the unicode lists and glyph_id offsets*/
static const lv_font_fmt_txt_cmap_t cmaps[] =
{
    {
        .range_start = 32, .range_length = 95, .glyph_id_start = 1,
        .unicode_list = NULL, .glyph_id_ofs_list = NULL, .list_length = 0, .type = LV_FONT_FMT_TXT_CMAP_FORMAT0_TINY
    }
};

/*-----------------
 *    KERNING
 *----------------*/

/*Pair left and right glyphs for kerning*/
static const uint8_t kern_pair_glyph_ids[] =
{
    1, 34,
    1, 53,
    1, 58,
    18, 18,
    34, 1,
    34, 53,
    34, 55,
    34, 56,
    34, 58,
    34, 87,
    34, 88,
    34, 90,
    39, 13,
    39, 15,
    39, 34,
    45, 1,
    45, 53,
    45, 55,
    45, 56,
    45, 58,
    45, 90,
    49, 1,
    49, 13,
    49, 15,
    49, 34,
    51, 53,
    51, 55,
    51, 56,
    51, 58,
    53, 1,
    53, 13,
    53, 14,
    53, 15,
    53, 27,
    53, 28,
    53, 34,
    53, 48,
    53, 66,
    53, 68,
    53, 70,
    53, 74,
    53, 80,
    53, 83,
    53, 84,
    53, 86,
    53, 88,
    53, 90,
    55, 13,
    55, 14,
    55, 15,
    55, 27,
    55, 28,
    55, 34,
    55, 66,
    55, 70,
    55, 74,
    55, 80,
    55, 83,
    55, 86,
    55, 90,
    56, 13,
    56, 14,
    56, 15,
    56, 27,
    56, 28,
    56, 34,
    56, 66,
    56, 70,
    56, 80,
    56, 83,
    56, 86,
    56, 90,
    58, 1,
    58, 13,
    58, 14,
    58, 15,
    58, 27,
    58, 28,
    58, 34,
    58, 66,
    58, 70,
    58, 74,
    58, 80,
    58, 81,
    58, 82,
    58, 86,
    58, 87,
    71, 71,
    83, 13,
    83, 15,
    87, 13,
    87, 15,
    88, 13,
    88, 15,
    90, 13,
    90, 15
};

/* Kerning between the respective left and right glyphs
 * 4.4 format which needs to scaled with `kern_scale`*/
static const int8_t kern_pair_values[] =
{
    -42, -14, -14, -57, -42, -57, -57, -28,
    -57, -14, -14, -14, -85, -85, -42, -28,
    -57, -57, -57, -57, -28, -14, -99, -99,
    -57, -14, -14, -14, -14, -14, -85, -42,
    -85, -85, -85, -57, -14, -85, -85, -85,
    -28, -85, -28, -85, -28, -42, -42, -70,
    -42, -70, -28, -28, -57, -57, -42, -14,
    -42, -28, -28, -28, -42, -14, -42, -14,
    -14, -28, -28, -14, -14, -14, -14, -7,
    -14, -99, -70, -99, -42, -50, -57, -57,
    -70, -28, -70, -57, -70, -42, -42, -14,
    -42, -42, -57, -57, -42, -42, -57, -57
};

/*Collect the kern pair's data in one place*/
static const lv_font_fmt_txt_kern_pair_t kern_pairs =
{
    .glyph_ids = kern_pair_glyph_ids,
    .values = kern_pair_values,
    .pair_cnt = 96,
    .glyph_ids_size = 0
};

/*--------------------
 *  ALL CUSTOM DATA
 *--------------------*/

#if LVGL_VERSION_MAJOR == 8
/*Store all the custom data of the font*/
static  lv_font_fmt_txt_glyph_cache_t cache;
#endif

#if LVGL_VERSION_MAJOR >= 8
static const lv_font_fmt_txt_dsc_t font_dsc = {
#else
static lv_font_fmt_txt_dsc_t font_dsc = {
#endif
    .glyph_bitmap = glyph_bitmap,
    .glyph_dsc = glyph_dsc,
    .cmaps = cmaps,
    .kern_dsc = &kern_pairs,
    .kern_scale = 16,
    .cmap_num = 1,
    .bpp = 4,
    .kern_classes = 0,
    .bitmap_format = 0,
#if LVGL_VERSION_MAJOR == 8
    .cache = &cache
#endif

};



/*-----------------
 *  PUBLIC FONT
 *----------------*/

/*Initialize a public general font descriptor*/
#if LVGL_VERSION_MAJOR >= 8
const lv_font_t font_48_data = {
#else
lv_font_t font_48_data = {
#endif
    .get_glyph_dsc = lv_font_get_glyph_dsc_fmt_txt,    /*Function pointer to get glyph's data*/
    .get_glyph_bitmap = lv_font_get_bitmap_fmt_txt,    /*Function pointer to get glyph's bitmap*/
    .line_height = 50,          /*The maximum line height required by the font*/
    .base_line = 11,             /*Baseline measured from the bottom of the line*/
#if !(LVGL_VERSION_MAJOR == 6 && LVGL_VERSION_MINOR == 0)
    .subpx = LV_FONT_SUBPX_NONE,
#endif
#if LV_VERSION_CHECK(7, 4, 0) || LVGL_VERSION_MAJOR >= 8
    .underline_position = -5,
    .underline_thickness = 4,
#endif

#if LV_VERSION_CHECK(9, 3, 0)
    .static_bitmap = 1,    /*Bitmaps are stored as const so they are always static if not compressed */
#endif

    .dsc = &font_dsc,          /*The custom font data. Will be accessed by `get_glyph_bitmap/dsc` */
#if LV_VERSION_CHECK(8, 2, 0) || LVGL_VERSION_MAJOR >= 9
    .fallback = NULL,
#endif
    .user_data = NULL,
};



#endif /*#if FONT_48_DATA*/
