/*******************************************************************************
 * Size: 32 px
 * Bpp: 4
 * Opts: --font /fonts/Arial.ttf -o /fonts/font_32_data.c --size 32 --bpp 4 --format lvgl --no-compress --range 0x20-0x7f
 ******************************************************************************/

#ifdef __has_include
    #if __has_include("lvgl.h")
        #ifndef LV_LVGL_H_INCLUDE_SIMPLE
            #define LV_LVGL_H_INCLUDE_SIMPLE
        #endif
    #endif
#endif

#ifdef LV_LVGL_H_INCLUDE_SIMPLE
    #include "lvgl.h"
#else
    #include "lvgl/lvgl.h"
#endif



#ifndef FONT_32_DATA
#define FONT_32_DATA 1
#endif

#if FONT_32_DATA

/*-----------------
 *    BITMAPS
 *----------------*/

/*Store the image of the glyphs*/
static LV_ATTRIBUTE_LARGE_CONST const uint8_t glyph_bitmap[] = {
    /* U+0020 " " */

    /* U+0021 "!" */
    0x4f, 0xff, 0x34, 0xff, 0xf3, 0x4f, 0xff, 0x34,
    0xff, 0xf3, 0x4f, 0xff, 0x33, 0xff, 0xf3, 0x2f,
    0xff, 0x21, 0xff, 0xf1, 0x0f, 0xff, 0x00, 0xff,
    0xf0, 0x0d, 0xfd, 0x00, 0xcf, 0xc0, 0x0b, 0xfb,
    0x00, 0xaf, 0xa0, 0x09, 0xf9, 0x00, 0x8f, 0x80,
    0x07, 0xf7, 0x00, 0x14, 0x10, 0x00, 0x00, 0x00,
    0x33, 0x30, 0x2f, 0xff, 0x12, 0xff, 0xf1, 0x2f,
    0xff, 0x10,

    /* U+0022 "\"" */
    0x8f, 0xfa, 0x05, 0xff, 0xd8, 0xff, 0xa0, 0x5f,
    0xfd, 0x8f, 0xfa, 0x05, 0xff, 0xd8, 0xff, 0xa0,
    0x5f, 0xfd, 0x6f, 0xf8, 0x03, 0xff, 0xb3, 0xff,
    0x60, 0x0f, 0xf8, 0x0f, 0xf3, 0x00, 0xdf, 0x60,
    0xdf, 0x10, 0x0b, 0xf3, 0x01, 0x10, 0x00, 0x12,
    0x00,

    /* U+0023 "#" */
    0x00, 0x00, 0x00, 0xbf, 0xa0, 0x00, 0x06, 0xfe,
    0x00, 0x00, 0x00, 0x00, 0xef, 0x60, 0x00, 0x0a,
    0xfb, 0x00, 0x00, 0x00, 0x02, 0xff, 0x30, 0x00,
    0x0e, 0xf7, 0x00, 0x00, 0x00, 0x06, 0xff, 0x00,
    0x00, 0x1f, 0xf4, 0x00, 0x00, 0x00, 0x09, 0xfb,
    0x00, 0x00, 0x5f, 0xf0, 0x00, 0x00, 0x00, 0x0d,
    0xf8, 0x00, 0x00, 0x8f, 0xc0, 0x00, 0xaf, 0xff,
    0xff, 0xff, 0xff, 0xff, 0xff, 0xff, 0xf6, 0xaf,
    0xff, 0xff, 0xff, 0xff, 0xff, 0xff, 0xff, 0xf6,
    0x35, 0x55, 0xaf, 0xe5, 0x55, 0x57, 0xff, 0x65,
    0x52, 0x00, 0x00, 0xaf, 0xb0, 0x00, 0x06, 0xff,
    0x00, 0x00, 0x00, 0x00, 0xdf, 0x70, 0x00, 0x09,
    0xfc, 0x00, 0x00, 0x00, 0x00, 0xff, 0x40, 0x00,
    0x0c, 0xf8, 0x00, 0x00, 0x00, 0x04, 0xff, 0x10,
    0x00, 0x0f, 0xf5, 0x00, 0x00, 0x00, 0x07, 0xfe,
    0x00, 0x00, 0x3f, 0xf2, 0x00, 0x00, 0xaf, 0xff,
    0xff, 0xff, 0xff, 0xff, 0xff, 0xff, 0xf6, 0xaf,
    0xff, 0xff, 0xff, 0xff, 0xff, 0xff, 0xff, 0xf6,
    0x35, 0x6f, 0xf7, 0x55, 0x55, 0xef, 0xa5, 0x55,
    0x52, 0x00, 0x4f, 0xf1, 0x00, 0x00, 0xff, 0x50,
    0x00, 0x00, 0x00, 0x7f, 0xd0, 0x00, 0x03, 0xff,
    0x20, 0x00, 0x00, 0x00, 0xaf, 0xa0, 0x00, 0x06,
    0xfe, 0x00, 0x00, 0x00, 0x00, 0xef, 0x70, 0x00,
    0x09, 0xfb, 0x00, 0x00, 0x00, 0x01, 0xff, 0x40,
    0x00, 0x0d, 0xf8, 0x00, 0x00, 0x00, 0x04, 0xff,
    0x00, 0x00, 0x0f, 0xf5, 0x00, 0x00, 0x00,

    /* U+0024 "$" */
    0x00, 0x00, 0x00, 0x08, 0x50, 0x00, 0x00, 0x00,
    0x00, 0x00, 0x00, 0x1f, 0xa0, 0x00, 0x00, 0x00,
    0x00, 0x02, 0x9e, 0xff, 0xff, 0xc5, 0x00, 0x00,
    0x00, 0x5f, 0xff, 0xff, 0xff, 0xff, 0xa0, 0x00,
    0x03, 0xff, 0xfb, 0x6f, 0xb8, 0xff, 0xf9, 0x00,
    0x0c, 0xff, 0x70, 0x0f, 0xa0, 0x3f, 0xff, 0x20,
    0x2f, 0xfc, 0x00, 0x0f, 0xa0, 0x09, 0xff, 0x80,
    0x4f, 0xf8, 0x00, 0x0f, 0xa0, 0x04, 0xdb, 0x60,
    0x5f, 0xf8, 0x00, 0x0f, 0xa0, 0x00, 0x00, 0x00,
    0x3f, 0xfb, 0x00, 0x0f, 0xa0, 0x00, 0x00, 0x00,
    0x0e, 0xff, 0x50, 0x0f, 0xa0, 0x00, 0x00, 0x00,
    0x07, 0xff, 0xf9, 0x2f, 0xa0, 0x00, 0x00, 0x00,
    0x00, 0xaf, 0xff, 0xff, 0xd6, 0x10, 0x00, 0x00,
    0x00, 0x06, 0xdf, 0xff, 0xff, 0xfb, 0x30, 0x00,
    0x00, 0x00, 0x04, 0x9f, 0xff, 0xff, 0xf6, 0x00,
    0x00, 0x00, 0x00, 0x0f, 0xb7, 0xef, 0xff, 0x30,
    0x00, 0x00, 0x00, 0x0f, 0xa0, 0x0a, 0xff, 0xc0,
    0x00, 0x00, 0x00, 0x0f, 0xa0, 0x00, 0xef, 0xf1,
    0x00, 0x30, 0x00, 0x0f, 0xa0, 0x00, 0xbf, 0xf3,
    0xbf, 0xf1, 0x00, 0x0f, 0xa0, 0x00, 0x9f, 0xf4,
    0xaf, 0xf6, 0x00, 0x0f, 0xa0, 0x00, 0xcf, 0xf2,
    0x6f, 0xfc, 0x00, 0x0f, 0xa0, 0x02, 0xff, 0xe0,
    0x0e, 0xff, 0x90, 0x0f, 0xa0, 0x1d, 0xff, 0x70,
    0x05, 0xff, 0xfc, 0x6f, 0xc8, 0xef, 0xfd, 0x00,
    0x00, 0x6f, 0xff, 0xff, 0xff, 0xff, 0xc1, 0x00,
    0x00, 0x02, 0x8d, 0xff, 0xfe, 0xb6, 0x00, 0x00,
    0x00, 0x00, 0x00, 0x0f, 0xa0, 0x00, 0x00, 0x00,
    0x00, 0x00, 0x00, 0x0f, 0xa0, 0x00, 0x00, 0x00,
    0x00, 0x00, 0x00, 0x0f, 0xa0, 0x00, 0x00, 0x00,

    /* U+0025 "%" */
    0x00, 0x08, 0xdf, 0xea, 0x20, 0x00, 0x00, 0x00,
    0x00, 0xef, 0x40, 0x00, 0x00, 0x00, 0xcf, 0xff,
    0xff, 0xf4, 0x00, 0x00, 0x00, 0x08, 0xfc, 0x00,
    0x00, 0x00, 0x07, 0xff, 0x50, 0x1b, 0xff, 0x00,
    0x00, 0x00, 0x1f, 0xf3, 0x00, 0x00, 0x00, 0x0e,
    0xf9, 0x00, 0x01, 0xff, 0x60, 0x00, 0x00, 0x9f,
    0xa0, 0x00, 0x00, 0x00, 0x1f, 0xf6, 0x00, 0x00,
    0xdf, 0x90, 0x00, 0x02, 0xff, 0x20, 0x00, 0x00,
    0x00, 0x1f, 0xf5, 0x00, 0x00, 0xcf, 0xa0, 0x00,
    0x0b, 0xf9, 0x00, 0x00, 0x00, 0x00, 0x0f, 0xf6,
    0x00, 0x00, 0xef, 0x90, 0x00, 0x3f, 0xf1, 0x00,
    0x00, 0x00, 0x00, 0x0d, 0xf9, 0x00, 0x01, 0xff,
    0x50, 0x00, 0xcf, 0x80, 0x00, 0x00, 0x00, 0x00,
    0x07, 0xff, 0x60, 0x2c, 0xfe, 0x00, 0x05, 0xfe,
    0x00, 0x00, 0x00, 0x00, 0x00, 0x00, 0xbf, 0xff,
    0xff, 0xf3, 0x00, 0x0d, 0xf6, 0x00, 0x00, 0x00,
    0x00, 0x00, 0x00, 0x07, 0xce, 0xe9, 0x20, 0x00,
    0x6f, 0xd0, 0x00, 0x00, 0x00, 0x00, 0x00, 0x00,
    0x00, 0x00, 0x00, 0x00, 0x00, 0xef, 0x50, 0x01,
    0x9e, 0xfe, 0x91, 0x00, 0x00, 0x00, 0x00, 0x00,
    0x00, 0x08, 0xfc, 0x00, 0x0d, 0xff, 0xff, 0xfd,
    0x10, 0x00, 0x00, 0x00, 0x00, 0x00, 0x1f, 0xf4,
    0x00, 0x9f, 0xf4, 0x03, 0xef, 0xb0, 0x00, 0x00,
    0x00, 0x00, 0x00, 0x9f, 0xb0, 0x00, 0xff, 0x70,
    0x00, 0x5f, 0xf2, 0x00, 0x00, 0x00, 0x00, 0x02,
    0xff, 0x20, 0x03, 0xff, 0x30, 0x00, 0x1f, 0xf5,
    0x00, 0x00, 0x00, 0x00, 0x0b, 0xf9, 0x00, 0x04,
    0xff, 0x20, 0x00, 0x0f, 0xf7, 0x00, 0x00, 0x00,
    0x00, 0x3f, 0xf1, 0x00, 0x04, 0xff, 0x20, 0x00,
    0x0f, 0xf7, 0x00, 0x00, 0x00, 0x00, 0xcf, 0x80,
    0x00, 0x03, 0xff, 0x30, 0x00, 0x1f, 0xf5, 0x00,
    0x00, 0x00, 0x05, 0xfe, 0x10, 0x00, 0x00, 0xff,
    0x70, 0x00, 0x5f, 0xf1, 0x00, 0x00, 0x00, 0x0d,
    0xf7, 0x00, 0x00, 0x00, 0x9f, 0xf4, 0x03, 0xef,
    0xb0, 0x00, 0x00, 0x00, 0x6f, 0xe0, 0x00, 0x00,
    0x00, 0x0d, 0xff, 0xff, 0xfd, 0x10, 0x00, 0x00,
    0x00, 0xef, 0x50, 0x00, 0x00, 0x00, 0x00, 0x8d,
    0xfe, 0x81, 0x00,

    /* U+0026 "&" */
    0x00, 0x00, 0x01, 0x8d, 0xff, 0xc6, 0x00, 0x00,
    0x00, 0x00, 0x00, 0x00, 0x3e, 0xff, 0xff, 0xff,
    0xc0, 0x00, 0x00, 0x00, 0x00, 0x01, 0xef, 0xfb,
    0x67, 0xef, 0xfa, 0x00, 0x00, 0x00, 0x00, 0x07,
    0xff, 0x90, 0x00, 0x2f, 0xff, 0x10, 0x00, 0x00,
    0x00, 0x0b, 0xff, 0x30, 0x00, 0x0b, 0xff, 0x30,
    0x00, 0x00, 0x00, 0x0a, 0xff, 0x40, 0x00, 0x0a,
    0xff, 0x20, 0x00, 0x00, 0x00, 0x06, 0xff, 0xb0,
    0x00, 0x1f, 0xfe, 0x00, 0x00, 0x00, 0x00, 0x00,
    0xef, 0xf7, 0x01, 0xcf, 0xf5, 0x00, 0x00, 0x00,
    0x00, 0x00, 0x4f, 0xff, 0x8e, 0xff, 0x60, 0x00,
    0x00, 0x00, 0x00, 0x00, 0x08, 0xff, 0xff, 0xd3,
    0x00, 0x00, 0x00, 0x00, 0x00, 0x00, 0x6e, 0xff,
    0xff, 0x30, 0x00, 0x00, 0x00, 0x00, 0x00, 0x1c,
    0xff, 0xfd, 0xff, 0xe1, 0x00, 0x00, 0x00, 0x00,
    0x01, 0xef, 0xfc, 0x21, 0xef, 0xfc, 0x00, 0x0b,
    0x95, 0x00, 0x0c, 0xff, 0xb0, 0x00, 0x3f, 0xff,
    0xa0, 0x4f, 0xfd, 0x00, 0x3f, 0xfe, 0x00, 0x00,
    0x05, 0xff, 0xf7, 0xaf, 0xf8, 0x00, 0x8f, 0xf8,
    0x00, 0x00, 0x00, 0x7f, 0xff, 0xff, 0xf2, 0x00,
    0x9f, 0xf7, 0x00, 0x00, 0x00, 0x0a, 0xff, 0xff,
    0x90, 0x00, 0x8f, 0xfa, 0x00, 0x00, 0x00, 0x00,
    0xcf, 0xff, 0x30, 0x00, 0x4f, 0xff, 0x20, 0x00,
    0x00, 0x03, 0xff, 0xff, 0xd1, 0x00, 0x0c, 0xff,
    0xd1, 0x00, 0x00, 0x6f, 0xff, 0xff, 0xfc, 0x10,
    0x02, 0xef, 0xff, 0xa8, 0x9e, 0xff, 0xf8, 0x4f,
    0xff, 0xe3, 0x00, 0x2d, 0xff, 0xff, 0xff, 0xff,
    0x60, 0x05, 0xff, 0xf2, 0x00, 0x00, 0x6b, 0xef,
    0xec, 0x71, 0x00, 0x00, 0x3e, 0x40, 0x00, 0x00,
    0x00, 0x00, 0x00, 0x00, 0x00, 0x00, 0x00, 0x00,

    /* U+0027 "'" */
    0x9f, 0xf9, 0x9f, 0xf9, 0x9f, 0xf9, 0x9f, 0xf9,
    0x7f, 0xf7, 0x5f, 0xf5, 0x2f, 0xf2, 0x0f, 0xf0,
    0x01, 0x10,

    /* U+0028 "(" */
    0x00, 0x00, 0x00, 0xdf, 0x30, 0x00, 0x00, 0x9f,
    0x90, 0x00, 0x00, 0x4f, 0xf1, 0x00, 0x00, 0x0d,
    0xf7, 0x00, 0x00, 0x06, 0xff, 0x00, 0x00, 0x00,
    0xef, 0x90, 0x00, 0x00, 0x6f, 0xf3, 0x00, 0x00,
    0x0c, 0xfe, 0x00, 0x00, 0x02, 0xff, 0x90, 0x00,
    0x00, 0x6f, 0xf6, 0x00, 0x00, 0x0a, 0xff, 0x30,
    0x00, 0x00, 0xdf, 0xf0, 0x00, 0x00, 0x0f, 0xff,
    0x00, 0x00, 0x00, 0xff, 0xe0, 0x00, 0x00, 0x0f,
    0xfd, 0x00, 0x00, 0x00, 0xff, 0xd0, 0x00, 0x00,
    0x0f, 0xfe, 0x00, 0x00, 0x00, 0xdf, 0xf0, 0x00,
    0x00, 0x0a, 0xff, 0x30, 0x00, 0x00, 0x6f, 0xf6,
    0x00, 0x00, 0x02, 0xff, 0xa0, 0x00, 0x00, 0x0c,
    0xfe, 0x00, 0x00, 0x00, 0x5f, 0xf4, 0x00, 0x00,
    0x00, 0xdf, 0xa0, 0x00, 0x00, 0x06, 0xff, 0x10,
    0x00, 0x00, 0x0d, 0xf8, 0x00, 0x00, 0x00, 0x4f,
    0xf1, 0x00, 0x00, 0x00, 0x9f, 0x90, 0x00, 0x00,
    0x00, 0xdf, 0x30,

    /* U+0029 ")" */
    0x0c, 0xf5, 0x00, 0x00, 0x00, 0x3f, 0xe1, 0x00,
    0x00, 0x00, 0x9f, 0xb0, 0x00, 0x00, 0x01, 0xff,
    0x50, 0x00, 0x00, 0x09, 0xfd, 0x00, 0x00, 0x00,
    0x2f, 0xf6, 0x00, 0x00, 0x00, 0xcf, 0xd0, 0x00,
    0x00, 0x07, 0xff, 0x30, 0x00, 0x00, 0x2f, 0xf9,
    0x00, 0x00, 0x00, 0xff, 0xd0, 0x00, 0x00, 0x0c,
    0xff, 0x10, 0x00, 0x00, 0x9f, 0xf4, 0x00, 0x00,
    0x08, 0xff, 0x60, 0x00, 0x00, 0x7f, 0xf7, 0x00,
    0x00, 0x06, 0xff, 0x70, 0x00, 0x00, 0x6f, 0xf7,
    0x00, 0x00, 0x07, 0xff, 0x60, 0x00, 0x00, 0x9f,
    0xf3, 0x00, 0x00, 0x0c, 0xff, 0x10, 0x00, 0x00,
    0xff, 0xd0, 0x00, 0x00, 0x3f, 0xf8, 0x00, 0x00,
    0x07, 0xff, 0x30, 0x00, 0x00, 0xdf, 0xc0, 0x00,
    0x00, 0x3f, 0xf4, 0x00, 0x00, 0x0a, 0xfc, 0x00,
    0x00, 0x01, 0xff, 0x40, 0x00, 0x00, 0x9f, 0xa0,
    0x00, 0x00, 0x2f, 0xe1, 0x00, 0x00, 0x0c, 0xf4,
    0x00, 0x00, 0x00,

    /* U+002A "*" */
    0x00, 0x00, 0xff, 0x30, 0x00, 0x00, 0x00, 0x0e,
    0xf2, 0x00, 0x00, 0x35, 0x00, 0xdf, 0x10, 0x35,
    0x0a, 0xfe, 0x8c, 0xf5, 0xdf, 0xf0, 0xaf, 0xff,
    0xff, 0xff, 0xfd, 0x20, 0x02, 0xaf, 0xfd, 0x41,
    0x00, 0x00, 0x3f, 0xfd, 0xf7, 0x00, 0x00, 0x1e,
    0xf8, 0x3f, 0xf5, 0x00, 0x07, 0xfe, 0x00, 0x9f,
    0xc0, 0x00, 0x05, 0x40, 0x00, 0x80, 0x00,

    /* U+002B "+" */
    0x00, 0x00, 0x00, 0x02, 0x21, 0x00, 0x00, 0x00,
    0x00, 0x00, 0x00, 0x0f, 0xfa, 0x00, 0x00, 0x00,
    0x00, 0x00, 0x00, 0x0f, 0xfa, 0x00, 0x00, 0x00,
    0x00, 0x00, 0x00, 0x0f, 0xfa, 0x00, 0x00, 0x00,
    0x00, 0x00, 0x00, 0x0f, 0xfa, 0x00, 0x00, 0x00,
    0x00, 0x00, 0x00, 0x0f, 0xfa, 0x00, 0x00, 0x00,
    0x00, 0x00, 0x00, 0x0f, 0xfa, 0x00, 0x00, 0x00,
    0x3f, 0xff, 0xff, 0xff, 0xff, 0xff, 0xff, 0xfe,
    0x3f, 0xff, 0xff, 0xff, 0xff, 0xff, 0xff, 0xfe,
    0x2a, 0xaa, 0xaa, 0xaf, 0xfe, 0xaa, 0xaa, 0xa9,
    0x00, 0x00, 0x00, 0x0f, 0xfa, 0x00, 0x00, 0x00,
    0x00, 0x00, 0x00, 0x0f, 0xfa, 0x00, 0x00, 0x00,
    0x00, 0x00, 0x00, 0x0f, 0xfa, 0x00, 0x00, 0x00,
    0x00, 0x00, 0x00, 0x0f, 0xfa, 0x00, 0x00, 0x00,
    0x00, 0x00, 0x00, 0x0f, 0xfa, 0x00, 0x00, 0x00,
    0x00, 0x00, 0x00, 0x0f, 0xfa, 0x00, 0x00, 0x00,

    /* U+002C "," */
    0x03, 0x33, 0x02, 0xff, 0xf0, 0x2f, 0xff, 0x02,
    0xff, 0xf0, 0x00, 0x9f, 0x00, 0x0c, 0xe0, 0x04,
    0xf8, 0x02, 0xfd, 0x00, 0x04, 0x00, 0x00,

    /* U+002D "-" */
    0xdd, 0xdd, 0xdd, 0xdd, 0x8f, 0xff, 0xff, 0xff,
    0xfa, 0xff, 0xff, 0xff, 0xff, 0xa0,

    /* U+002E "." */
    0x03, 0x33, 0x01, 0xff, 0xf1, 0x1f, 0xff, 0x11,
    0xff, 0xf1,

    /* U+002F "/" */
    0x00, 0x00, 0x00, 0x8f, 0xb0, 0x00, 0x00, 0x0c,
    0xf7, 0x00, 0x00, 0x01, 0xff, 0x20, 0x00, 0x00,
    0x5f, 0xe0, 0x00, 0x00, 0x0a, 0xf9, 0x00, 0x00,
    0x00, 0xef, 0x40, 0x00, 0x00, 0x3f, 0xf0, 0x00,
    0x00, 0x08, 0xfb, 0x00, 0x00, 0x00, 0xdf, 0x70,
    0x00, 0x00, 0x1f, 0xf2, 0x00, 0x00, 0x06, 0xfd,
    0x00, 0x00, 0x00, 0xaf, 0x90, 0x00, 0x00, 0x0f,
    0xf4, 0x00, 0x00, 0x04, 0xff, 0x00, 0x00, 0x00,
    0x8f, 0xb0, 0x00, 0x00, 0x0d, 0xf6, 0x00, 0x00,
    0x01, 0xff, 0x20, 0x00, 0x00, 0x6f, 0xd0, 0x00,
    0x00, 0x0b, 0xf8, 0x00, 0x00, 0x00, 0xff, 0x40,
    0x00, 0x00, 0x4f, 0xf0, 0x00, 0x00, 0x09, 0xfb,
    0x00, 0x00, 0x00, 0xdf, 0x60, 0x00, 0x00, 0x00,

    /* U+0030 "0" */
    0x00, 0x00, 0x3a, 0xef, 0xec, 0x70, 0x00, 0x00,
    0x00, 0x08, 0xff, 0xff, 0xff, 0xfe, 0x30, 0x00,
    0x00, 0x7f, 0xff, 0x96, 0x7c, 0xff, 0xe1, 0x00,
    0x02, 0xff, 0xe2, 0x00, 0x00, 0x8f, 0xfa, 0x00,
    0x09, 0xff, 0x60, 0x00, 0x00, 0x0c, 0xff, 0x20,
    0x0f, 0xfe, 0x00, 0x00, 0x00, 0x05, 0xff, 0x80,
    0x3f, 0xfa, 0x00, 0x00, 0x00, 0x01, 0xff, 0xc0,
    0x6f, 0xf7, 0x00, 0x00, 0x00, 0x00, 0xef, 0xf0,
    0x8f, 0xf5, 0x00, 0x00, 0x00, 0x00, 0xcf, 0xf2,
    0x9f, 0xf4, 0x00, 0x00, 0x00, 0x00, 0xbf, 0xf3,
    0xaf, 0xf4, 0x00, 0x00, 0x00, 0x00, 0xaf, 0xf3,
    0xaf, 0xf3, 0x00, 0x00, 0x00, 0x00, 0xaf, 0xf4,
    0xaf, 0xf4, 0x00, 0x00, 0x00, 0x00, 0xaf, 0xf3,
    0x9f, 0xf4, 0x00, 0x00, 0x00, 0x00, 0xbf, 0xf3,
    0x8f, 0xf5, 0x00, 0x00, 0x00, 0x00, 0xcf, 0xf1,
    0x5f, 0xf7, 0x00, 0x00, 0x00, 0x00, 0xef, 0xf0,
    0x2f, 0xfa, 0x00, 0x00, 0x00, 0x01, 0xff, 0xc0,
    0x0e, 0xfe, 0x00, 0x00, 0x00, 0x05, 0xff, 0x80,
    0x09, 0xff, 0x50, 0x00, 0x00, 0x0c, 0xff, 0x30,
    0x02, 0xff, 0xe2, 0x00, 0x00, 0x8f, 0xfb, 0x00,
    0x00, 0x7f, 0xff, 0x95, 0x6c, 0xff, 0xe2, 0x00,
    0x00, 0x08, 0xff, 0xff, 0xff, 0xfe, 0x30, 0x00,
    0x00, 0x00, 0x3a, 0xef, 0xfc, 0x71, 0x00, 0x00,

    /* U+0031 "1" */
    0x00, 0x00, 0x00, 0x3f, 0xe0, 0x00, 0x00, 0x0d,
    0xfe, 0x00, 0x00, 0x0c, 0xff, 0xe0, 0x00, 0x2d,
    0xff, 0xfe, 0x00, 0x6f, 0xff, 0xff, 0xe3, 0xcf,
    0xff, 0x9e, 0xfe, 0x8f, 0xfe, 0x50, 0xef, 0xe8,
    0xf8, 0x00, 0x0e, 0xfe, 0x21, 0x00, 0x00, 0xef,
    0xe0, 0x00, 0x00, 0x0e, 0xfe, 0x00, 0x00, 0x00,
    0xef, 0xe0, 0x00, 0x00, 0x0e, 0xfe, 0x00, 0x00,
    0x00, 0xef, 0xe0, 0x00, 0x00, 0x0e, 0xfe, 0x00,
    0x00, 0x00, 0xef, 0xe0, 0x00, 0x00, 0x0e, 0xfe,
    0x00, 0x00, 0x00, 0xef, 0xe0, 0x00, 0x00, 0x0e,
    0xfe, 0x00, 0x00, 0x00, 0xef, 0xe0, 0x00, 0x00,
    0x0e, 0xfe, 0x00, 0x00, 0x00, 0xef, 0xe0, 0x00,
    0x00, 0x0e, 0xfe, 0x00, 0x00, 0x00, 0xef, 0xe0,

    /* U+0032 "2" */
    0x00, 0x00, 0x05, 0xae, 0xff, 0xda, 0x40, 0x00,
    0x00, 0x00, 0x2d, 0xff, 0xff, 0xff, 0xff, 0xa0,
    0x00, 0x00, 0x1e, 0xff, 0xe8, 0x66, 0x9f, 0xff,
    0xb0, 0x00, 0x09, 0xff, 0xb0, 0x00, 0x00, 0x2e,
    0xff, 0x60, 0x01, 0xff, 0xe0, 0x00, 0x00, 0x00,
    0x4f, 0xfc, 0x00, 0x5f, 0xf9, 0x00, 0x00, 0x00,
    0x00, 0xef, 0xf0, 0x04, 0xbd, 0x60, 0x00, 0x00,
    0x00, 0x0d, 0xff, 0x00, 0x00, 0x00, 0x00, 0x00,
    0x00, 0x00, 0xff, 0xf0, 0x00, 0x00, 0x00, 0x00,
    0x00, 0x00, 0x6f, 0xfb, 0x00, 0x00, 0x00, 0x00,
    0x00, 0x00, 0x1e, 0xff, 0x40, 0x00, 0x00, 0x00,
    0x00, 0x00, 0x0c, 0xff, 0xa0, 0x00, 0x00, 0x00,
    0x00, 0x00, 0x0b, 0xff, 0xd1, 0x00, 0x00, 0x00,
    0x00, 0x00, 0x0c, 0xff, 0xe2, 0x00, 0x00, 0x00,
    0x00, 0x00, 0x1d, 0xff, 0xd2, 0x00, 0x00, 0x00,
    0x00, 0x00, 0x3e, 0xff, 0xd1, 0x00, 0x00, 0x00,
    0x00, 0x00, 0x5f, 0xff, 0xb0, 0x00, 0x00, 0x00,
    0x00, 0x00, 0x6f, 0xff, 0x90, 0x00, 0x00, 0x00,
    0x00, 0x00, 0x6f, 0xff, 0x60, 0x00, 0x00, 0x00,
    0x00, 0x00, 0x3f, 0xff, 0x50, 0x00, 0x00, 0x00,
    0x00, 0x00, 0x0d, 0xff, 0x70, 0x00, 0x00, 0x00,
    0x00, 0x00, 0x07, 0xff, 0xfb, 0xbb, 0xbb, 0xbb,
    0xbb, 0xbb, 0x10, 0xdf, 0xff, 0xff, 0xff, 0xff,
    0xff, 0xff, 0xf1, 0x0f, 0xff, 0xff, 0xff, 0xff,
    0xff, 0xff, 0xff, 0x10,

    /* U+0033 "3" */
    0x00, 0x00, 0x6b, 0xef, 0xeb, 0x60, 0x00, 0x00,
    0x00, 0x2d, 0xff, 0xff, 0xff, 0xfd, 0x30, 0x00,
    0x01, 0xef, 0xfd, 0x75, 0x7c, 0xff, 0xf2, 0x00,
    0x0a, 0xff, 0xa0, 0x00, 0x00, 0x8f, 0xfb, 0x00,
    0x1f, 0xfe, 0x00, 0x00, 0x00, 0x0d, 0xff, 0x10,
    0x2b, 0xe9, 0x00, 0x00, 0x00, 0x0b, 0xff, 0x20,
    0x00, 0x00, 0x00, 0x00, 0x00, 0x0d, 0xff, 0x10,
    0x00, 0x00, 0x00, 0x00, 0x00, 0x6f, 0xfb, 0x00,
    0x00, 0x00, 0x00, 0x01, 0x4a, 0xff, 0xe1, 0x00,
    0x00, 0x00, 0x00, 0xdf, 0xff, 0xfa, 0x10, 0x00,
    0x00, 0x00, 0x00, 0xff, 0xff, 0xff, 0x90, 0x00,
    0x00, 0x00, 0x00, 0x52, 0x36, 0xef, 0xfd, 0x00,
    0x00, 0x00, 0x00, 0x00, 0x00, 0x1d, 0xff, 0x90,
    0x00, 0x00, 0x00, 0x00, 0x00, 0x02, 0xff, 0xf0,
    0x00, 0x00, 0x00, 0x00, 0x00, 0x00, 0xcf, 0xf3,
    0x00, 0x00, 0x00, 0x00, 0x00, 0x00, 0xaf, 0xf5,
    0x6b, 0xe4, 0x00, 0x00, 0x00, 0x00, 0xbf, 0xf4,
    0x7f, 0xf8, 0x00, 0x00, 0x00, 0x00, 0xef, 0xf1,
    0x2f, 0xfe, 0x10, 0x00, 0x00, 0x07, 0xff, 0xc0,
    0x0b, 0xff, 0xb0, 0x00, 0x00, 0x5f, 0xff, 0x30,
    0x01, 0xef, 0xfd, 0x75, 0x6b, 0xff, 0xf7, 0x00,
    0x00, 0x2c, 0xff, 0xff, 0xff, 0xff, 0x60, 0x00,
    0x00, 0x00, 0x5b, 0xef, 0xec, 0x81, 0x00, 0x00,

    /* U+0034 "4" */
    0x00, 0x00, 0x00, 0x00, 0x00, 0x7f, 0xf2, 0x00,
    0x00, 0x00, 0x00, 0x00, 0x00, 0x3f, 0xff, 0x20,
    0x00, 0x00, 0x00, 0x00, 0x00, 0x0d, 0xff, 0xf2,
    0x00, 0x00, 0x00, 0x00, 0x00, 0x09, 0xff, 0xff,
    0x20, 0x00, 0x00, 0x00, 0x00, 0x04, 0xff, 0xef,
    0xf2, 0x00, 0x00, 0x00, 0x00, 0x01, 0xef, 0xba,
    0xff, 0x20, 0x00, 0x00, 0x00, 0x00, 0xaf, 0xe1,
    0xaf, 0xf2, 0x00, 0x00, 0x00, 0x00, 0x5f, 0xf5,
    0x0a, 0xff, 0x20, 0x00, 0x00, 0x00, 0x1f, 0xfa,
    0x00, 0xaf, 0xf2, 0x00, 0x00, 0x00, 0x0c, 0xfe,
    0x10, 0x0a, 0xff, 0x20, 0x00, 0x00, 0x07, 0xff,
    0x40, 0x00, 0xaf, 0xf2, 0x00, 0x00, 0x02, 0xff,
    0x90, 0x00, 0x0a, 0xff, 0x20, 0x00, 0x00, 0xdf,
    0xd0, 0x00, 0x00, 0xaf, 0xf2, 0x00, 0x00, 0x8f,
    0xf3, 0x00, 0x00, 0x0a, 0xff, 0x20, 0x00, 0x4f,
    0xf8, 0x00, 0x00, 0x00, 0xaf, 0xf2, 0x00, 0x09,
    0xff, 0xff, 0xff, 0xff, 0xff, 0xff, 0xff, 0xf4,
    0x9f, 0xff, 0xff, 0xff, 0xff, 0xff, 0xff, 0xff,
    0x45, 0x99, 0x99, 0x99, 0x99, 0x9d, 0xff, 0xa9,
    0x92, 0x00, 0x00, 0x00, 0x00, 0x00, 0xaf, 0xf2,
    0x00, 0x00, 0x00, 0x00, 0x00, 0x00, 0x0a, 0xff,
    0x20, 0x00, 0x00, 0x00, 0x00, 0x00, 0x00, 0xaf,
    0xf2, 0x00, 0x00, 0x00, 0x00, 0x00, 0x00, 0x0a,
    0xff, 0x20, 0x00, 0x00, 0x00, 0x00, 0x00, 0x00,
    0xaf, 0xf2, 0x00, 0x00,

    /* U+0035 "5" */
    0x00, 0x0f, 0xff, 0xff, 0xff, 0xff, 0xff, 0x70,
    0x00, 0x3f, 0xff, 0xff, 0xff, 0xff, 0xff, 0x70,
    0x00, 0x6f, 0xfc, 0xbb, 0xbb, 0xbb, 0xbb, 0x40,
    0x00, 0x9f, 0xf2, 0x00, 0x00, 0x00, 0x00, 0x00,
    0x00, 0xcf, 0xe0, 0x00, 0x00, 0x00, 0x00, 0x00,
    0x00, 0xff, 0xb0, 0x00, 0x00, 0x00, 0x00, 0x00,
    0x02, 0xff, 0x80, 0x00, 0x00, 0x00, 0x00, 0x00,
    0x05, 0xff, 0x50, 0x36, 0x76, 0x20, 0x00, 0x00,
    0x08, 0xff, 0x7d, 0xff, 0xff, 0xfc, 0x30, 0x00,
    0x0b, 0xff, 0xff, 0xff, 0xff, 0xff, 0xf5, 0x00,
    0x0e, 0xff, 0xf8, 0x20, 0x15, 0xdf, 0xff, 0x30,
    0x1f, 0xfe, 0x20, 0x00, 0x00, 0x0b, 0xff, 0xc0,
    0x00, 0x11, 0x00, 0x00, 0x00, 0x01, 0xff, 0xf2,
    0x00, 0x00, 0x00, 0x00, 0x00, 0x00, 0xbf, 0xf6,
    0x00, 0x00, 0x00, 0x00, 0x00, 0x00, 0x8f, 0xf7,
    0x00, 0x00, 0x00, 0x00, 0x00, 0x00, 0x7f, 0xf7,
    0x37, 0x83, 0x00, 0x00, 0x00, 0x00, 0x9f, 0xf5,
    0x8f, 0xf8, 0x00, 0x00, 0x00, 0x00, 0xdf, 0xf2,
    0x3f, 0xfe, 0x00, 0x00, 0x00, 0x06, 0xff, 0xb0,
    0x0c, 0xff, 0xb0, 0x00, 0x00, 0x4f, 0xff, 0x30,
    0x02, 0xff, 0xfd, 0x75, 0x6b, 0xff, 0xf6, 0x00,
    0x00, 0x3d, 0xff, 0xff, 0xff, 0xff, 0x60, 0x00,
    0x00, 0x00, 0x6b, 0xef, 0xec, 0x81, 0x00, 0x00,

    /* U+0036 "6" */
    0x00, 0x00, 0x07, 0xce, 0xfe, 0xb6, 0x00, 0x00,
    0x00, 0x04, 0xef, 0xff, 0xff, 0xff, 0xc1, 0x00,
    0x00, 0x3f, 0xff, 0xb6, 0x58, 0xef, 0xfc, 0x00,
    0x00, 0xdf, 0xf6, 0x00, 0x00, 0x1d, 0xff, 0x60,
    0x07, 0xff, 0x70, 0x00, 0x00, 0x04, 0xff, 0xb0,
    0x0d, 0xfd, 0x00, 0x00, 0x00, 0x00, 0x76, 0x50,
    0x2f, 0xf8, 0x00, 0x00, 0x00, 0x00, 0x00, 0x00,
    0x5f, 0xf4, 0x00, 0x25, 0x76, 0x20, 0x00, 0x00,
    0x8f, 0xf2, 0x1b, 0xff, 0xff, 0xfc, 0x20, 0x00,
    0xaf, 0xf3, 0xef, 0xff, 0xff, 0xff, 0xf3, 0x00,
    0xbf, 0xfd, 0xfc, 0x40, 0x04, 0xcf, 0xfe, 0x10,
    0xcf, 0xff, 0xb0, 0x00, 0x00, 0x0b, 0xff, 0x90,
    0xcf, 0xff, 0x10, 0x00, 0x00, 0x02, 0xff, 0xf0,
    0xbf, 0xfa, 0x00, 0x00, 0x00, 0x00, 0xcf, 0xf2,
    0xaf, 0xf7, 0x00, 0x00, 0x00, 0x00, 0x9f, 0xf4,
    0x8f, 0xf7, 0x00, 0x00, 0x00, 0x00, 0x9f, 0xf4,
    0x5f, 0xf9, 0x00, 0x00, 0x00, 0x00, 0xaf, 0xf2,
    0x1f, 0xfe, 0x00, 0x00, 0x00, 0x00, 0xef, 0xf0,
    0x0b, 0xff, 0x60, 0x00, 0x00, 0x05, 0xff, 0x90,
    0x03, 0xff, 0xf4, 0x00, 0x00, 0x3e, 0xff, 0x20,
    0x00, 0x7f, 0xff, 0xa6, 0x59, 0xff, 0xf7, 0x00,
    0x00, 0x07, 0xff, 0xff, 0xff, 0xff, 0x70, 0x00,
    0x00, 0x00, 0x28, 0xdf, 0xfd, 0x92, 0x00, 0x00,

    /* U+0037 "7" */
    0x7f, 0xff, 0xff, 0xff, 0xff, 0xff, 0xff, 0xf5,
    0x7f, 0xff, 0xff, 0xff, 0xff, 0xff, 0xff, 0xf5,
    0x5b, 0xbb, 0xbb, 0xbb, 0xbb, 0xbd, 0xff, 0xe2,
    0x00, 0x00, 0x00, 0x00, 0x00, 0x0d, 0xff, 0x40,
    0x00, 0x00, 0x00, 0x00, 0x00, 0xaf, 0xf8, 0x00,
    0x00, 0x00, 0x00, 0x00, 0x05, 0xff, 0xc0, 0x00,
    0x00, 0x00, 0x00, 0x00, 0x1e, 0xff, 0x30, 0x00,
    0x00, 0x00, 0x00, 0x00, 0x9f, 0xf9, 0x00, 0x00,
    0x00, 0x00, 0x00, 0x02, 0xff, 0xf1, 0x00, 0x00,
    0x00, 0x00, 0x00, 0x09, 0xff, 0x80, 0x00, 0x00,
    0x00, 0x00, 0x00, 0x1f, 0xff, 0x10, 0x00, 0x00,
    0x00, 0x00, 0x00, 0x8f, 0xf9, 0x00, 0x00, 0x00,
    0x00, 0x00, 0x00, 0xef, 0xf1, 0x00, 0x00, 0x00,
    0x00, 0x00, 0x04, 0xff, 0xc0, 0x00, 0x00, 0x00,
    0x00, 0x00, 0x09, 0xff, 0x60, 0x00, 0x00, 0x00,
    0x00, 0x00, 0x0e, 0xff, 0x10, 0x00, 0x00, 0x00,
    0x00, 0x00, 0x3f, 0xfb, 0x00, 0x00, 0x00, 0x00,
    0x00, 0x00, 0x7f, 0xf7, 0x00, 0x00, 0x00, 0x00,
    0x00, 0x00, 0xbf, 0xf4, 0x00, 0x00, 0x00, 0x00,
    0x00, 0x00, 0xef, 0xf0, 0x00, 0x00, 0x00, 0x00,
    0x00, 0x01, 0xff, 0xe0, 0x00, 0x00, 0x00, 0x00,
    0x00, 0x02, 0xff, 0xc0, 0x00, 0x00, 0x00, 0x00,
    0x00, 0x04, 0xff, 0xa0, 0x00, 0x00, 0x00, 0x00,

    /* U+0038 "8" */
    0x00, 0x00, 0x4a, 0xef, 0xfd, 0x82, 0x00, 0x00,
    0x00, 0x0a, 0xff, 0xff, 0xff, 0xff, 0x60, 0x00,
    0x00, 0xaf, 0xff, 0x96, 0x7b, 0xff, 0xf5, 0x00,
    0x04, 0xff, 0xd2, 0x00, 0x00, 0x6f, 0xfe, 0x00,
    0x09, 0xff, 0x50, 0x00, 0x00, 0x0b, 0xff, 0x40,
    0x0b, 0xff, 0x10, 0x00, 0x00, 0x07, 0xff, 0x60,
    0x0b, 0xff, 0x30, 0x00, 0x00, 0x08, 0xff, 0x50,
    0x07, 0xff, 0xb0, 0x00, 0x00, 0x1e, 0xff, 0x10,
    0x00, 0xef, 0xfb, 0x30, 0x15, 0xef, 0xf6, 0x00,
    0x00, 0x2d, 0xff, 0xff, 0xff, 0xfd, 0x50, 0x00,
    0x00, 0x02, 0xcf, 0xff, 0xff, 0xfc, 0x40, 0x00,
    0x00, 0x8f, 0xfd, 0x75, 0x6a, 0xff, 0xf8, 0x00,
    0x09, 0xff, 0xa0, 0x00, 0x00, 0x2e, 0xff, 0x60,
    0x2f, 0xfd, 0x00, 0x00, 0x00, 0x03, 0xff, 0xe0,
    0x8f, 0xf6, 0x00, 0x00, 0x00, 0x00, 0xbf, 0xf3,
    0xaf, 0xf3, 0x00, 0x00, 0x00, 0x00, 0x8f, 0xf5,
    0xaf, 0xf4, 0x00, 0x00, 0x00, 0x00, 0x8f, 0xf5,
    0x8f, 0xf7, 0x00, 0x00, 0x00, 0x00, 0xbf, 0xf3,
    0x4f, 0xfd, 0x00, 0x00, 0x00, 0x02, 0xff, 0xe0,
    0x0c, 0xff, 0xb0, 0x00, 0x00, 0x2d, 0xff, 0x70,
    0x02, 0xef, 0xfe, 0x85, 0x59, 0xff, 0xfb, 0x00,
    0x00, 0x2d, 0xff, 0xff, 0xff, 0xff, 0x90, 0x00,
    0x00, 0x00, 0x5b, 0xef, 0xfd, 0x93, 0x00, 0x00,

    /* U+0039 "9" */
    0x00, 0x00, 0x5b, 0xef, 0xeb, 0x60, 0x00, 0x00,
    0x00, 0x1c, 0xff, 0xff, 0xff, 0xfd, 0x10, 0x00,
    0x01, 0xdf, 0xff, 0x96, 0x6b, 0xff, 0xe2, 0x00,
    0x0a, 0xff, 0xd2, 0x00, 0x00, 0x5f, 0xfc, 0x00,
    0x2f, 0xff, 0x20, 0x00, 0x00, 0x07, 0xff, 0x50,
    0x6f, 0xf9, 0x00, 0x00, 0x00, 0x00, 0xff, 0xb0,
    0x9f, 0xf5, 0x00, 0x00, 0x00, 0x00, 0xdf, 0xf0,
    0xaf, 0xf3, 0x00, 0x00, 0x00, 0x00, 0xcf, 0xf2,
    0x9f, 0xf4, 0x00, 0x00, 0x00, 0x00, 0xdf, 0xf4,
    0x7f, 0xf8, 0x00, 0x00, 0x00, 0x01, 0xff, 0xf5,
    0x3f, 0xfe, 0x10, 0x00, 0x00, 0x08, 0xff, 0xf6,
    0x0c, 0xff, 0xd2, 0x00, 0x00, 0x6f, 0xff, 0xf5,
    0x02, 0xff, 0xff, 0xa8, 0x8d, 0xff, 0x9f, 0xf5,
    0x00, 0x3e, 0xff, 0xff, 0xff, 0xe4, 0x7f, 0xf4,
    0x00, 0x00, 0x7c, 0xff, 0xd7, 0x10, 0x9f, 0xf2,
    0x00, 0x00, 0x00, 0x00, 0x00, 0x00, 0xbf, 0xf0,
    0x00, 0x00, 0x00, 0x00, 0x00, 0x00, 0xff, 0xc0,
    0x1a, 0xc7, 0x00, 0x00, 0x00, 0x05, 0xff, 0x80,
    0x0f, 0xfd, 0x00, 0x00, 0x00, 0x0d, 0xff, 0x20,
    0x0a, 0xff, 0x70, 0x00, 0x00, 0xaf, 0xf9, 0x00,
    0x02, 0xff, 0xfb, 0x65, 0x8e, 0xff, 0xc0, 0x00,
    0x00, 0x4e, 0xff, 0xff, 0xff, 0xfb, 0x10, 0x00,
    0x00, 0x01, 0x8d, 0xff, 0xea, 0x40, 0x00, 0x00,

    /* U+003A ":" */
    0x1f, 0xff, 0x11, 0xff, 0xf1, 0x1f, 0xff, 0x10,
    0x33, 0x30, 0x00, 0x00, 0x00, 0x00, 0x00, 0x00,
    0x00, 0x00, 0x00, 0x00, 0x00, 0x00, 0x00, 0x00,
    0x00, 0x00, 0x00, 0x00, 0x00, 0x00, 0x00, 0x00,
    0x00, 0x33, 0x30, 0x1f, 0xff, 0x11, 0xff, 0xf1,
    0x1f, 0xff, 0x10,

    /* U+003B ";" */
    0x2f, 0xff, 0x02, 0xff, 0xf0, 0x2f, 0xff, 0x00,
    0x33, 0x30, 0x00, 0x00, 0x00, 0x00, 0x00, 0x00,
    0x00, 0x00, 0x00, 0x00, 0x00, 0x00, 0x00, 0x00,
    0x00, 0x00, 0x00, 0x00, 0x00, 0x00, 0x00, 0x00,
    0x00, 0x33, 0x30, 0x2f, 0xff, 0x02, 0xff, 0xf0,
    0x2f, 0xff, 0x00, 0x09, 0xf0, 0x00, 0xce, 0x00,
    0x4f, 0x80, 0x2f, 0xd0, 0x00, 0x40, 0x00,

    /* U+003C "<" */
    0x00, 0x00, 0x00, 0x00, 0x00, 0x00, 0x00, 0x00,
    0x00, 0x00, 0x00, 0x00, 0x00, 0x00, 0x01, 0x7c,
    0x00, 0x00, 0x00, 0x00, 0x00, 0x03, 0xaf, 0xfe,
    0x00, 0x00, 0x00, 0x00, 0x05, 0xcf, 0xff, 0xfd,
    0x00, 0x00, 0x00, 0x18, 0xef, 0xff, 0xfb, 0x40,
    0x00, 0x00, 0x3a, 0xff, 0xff, 0xe8, 0x20, 0x00,
    0x00, 0x6d, 0xff, 0xff, 0xc5, 0x00, 0x00, 0x00,
    0x2e, 0xff, 0xff, 0x92, 0x00, 0x00, 0x00, 0x00,
    0x4f, 0xff, 0x80, 0x00, 0x00, 0x00, 0x00, 0x00,
    0x3f, 0xff, 0xfa, 0x30, 0x00, 0x00, 0x00, 0x00,
    0x04, 0xbf, 0xff, 0xfd, 0x60, 0x00, 0x00, 0x00,
    0x00, 0x02, 0x9f, 0xff, 0xff, 0x92, 0x00, 0x00,
    0x00, 0x00, 0x00, 0x6d, 0xff, 0xff, 0xc5, 0x00,
    0x00, 0x00, 0x00, 0x00, 0x4b, 0xff, 0xff, 0xe7,
    0x00, 0x00, 0x00, 0x00, 0x00, 0x29, 0xff, 0xfe,
    0x00, 0x00, 0x00, 0x00, 0x00, 0x00, 0x06, 0xde,
    0x00, 0x00, 0x00, 0x00, 0x00, 0x00, 0x00, 0x04,

    /* U+003D "=" */
    0x2a, 0xaa, 0xaa, 0xaa, 0xaa, 0xaa, 0xaa, 0xa9,
    0x3f, 0xff, 0xff, 0xff, 0xff, 0xff, 0xff, 0xfe,
    0x3f, 0xff, 0xff, 0xff, 0xff, 0xff, 0xff, 0xfe,
    0x00, 0x00, 0x00, 0x00, 0x00, 0x00, 0x00, 0x00,
    0x00, 0x00, 0x00, 0x00, 0x00, 0x00, 0x00, 0x00,
    0x00, 0x00, 0x00, 0x00, 0x00, 0x00, 0x00, 0x00,
    0x00, 0x00, 0x00, 0x00, 0x00, 0x00, 0x00, 0x00,
    0x2a, 0xaa, 0xaa, 0xaa, 0xaa, 0xaa, 0xaa, 0xa9,
    0x3f, 0xff, 0xff, 0xff, 0xff, 0xff, 0xff, 0xfe,
    0x3f, 0xff, 0xff, 0xff, 0xff, 0xff, 0xff, 0xfe,

    /* U+003E ">" */
    0x00, 0x00, 0x00, 0x00, 0x00, 0x00, 0x00, 0x00,
    0x3c, 0x50, 0x00, 0x00, 0x00, 0x00, 0x00, 0x00,
    0x4f, 0xfe, 0x71, 0x00, 0x00, 0x00, 0x00, 0x00,
    0x3f, 0xff, 0xff, 0xa3, 0x00, 0x00, 0x00, 0x00,
    0x01, 0x7d, 0xff, 0xff, 0xc5, 0x00, 0x00, 0x00,
    0x00, 0x00, 0x4a, 0xff, 0xff, 0xe8, 0x10, 0x00,
    0x00, 0x00, 0x00, 0x18, 0xef, 0xff, 0xfa, 0x40,
    0x00, 0x00, 0x00, 0x00, 0x05, 0xbf, 0xff, 0xfc,
    0x00, 0x00, 0x00, 0x00, 0x00, 0x02, 0xcf, 0xfe,
    0x00, 0x00, 0x00, 0x00, 0x00, 0x6c, 0xff, 0xfe,
    0x00, 0x00, 0x00, 0x02, 0x8e, 0xff, 0xff, 0x92,
    0x00, 0x00, 0x05, 0xbf, 0xff, 0xfd, 0x70, 0x00,
    0x00, 0x17, 0xef, 0xff, 0xfb, 0x40, 0x00, 0x00,
    0x1a, 0xff, 0xff, 0xf9, 0x20, 0x00, 0x00, 0x00,
    0x4f, 0xff, 0xd6, 0x00, 0x00, 0x00, 0x00, 0x00,
    0x4f, 0xb4, 0x00, 0x00, 0x00, 0x00, 0x00, 0x00,
    0x12, 0x00, 0x00, 0x00, 0x00, 0x00, 0x00, 0x00,

    /* U+003F "?" */
    0x00, 0x00, 0x5b, 0xef, 0xfd, 0xa4, 0x00, 0x00,
    0x00, 0x2d, 0xff, 0xff, 0xff, 0xff, 0xa1, 0x00,
    0x01, 0xef, 0xfe, 0x85, 0x6a, 0xff, 0xfc, 0x00,
    0x0a, 0xff, 0xc1, 0x00, 0x00, 0x2e, 0xff, 0x80,
    0x1f, 0xff, 0x10, 0x00, 0x00, 0x03, 0xff, 0xe0,
    0x6f, 0xfa, 0x00, 0x00, 0x00, 0x00, 0xdf, 0xf1,
    0x5a, 0xc5, 0x00, 0x00, 0x00, 0x00, 0xbf, 0xf2,
    0x00, 0x00, 0x00, 0x00, 0x00, 0x00, 0xef, 0xf0,
    0x00, 0x00, 0x00, 0x00, 0x00, 0x08, 0xff, 0xa0,
    0x00, 0x00, 0x00, 0x00, 0x00, 0x7f, 0xfe, 0x20,
    0x00, 0x00, 0x00, 0x00, 0x08, 0xff, 0xf3, 0x00,
    0x00, 0x00, 0x00, 0x00, 0x9f, 0xff, 0x30, 0x00,
    0x00, 0x00, 0x00, 0x07, 0xff, 0xe3, 0x00, 0x00,
    0x00, 0x00, 0x00, 0x1f, 0xff, 0x20, 0x00, 0x00,
    0x00, 0x00, 0x00, 0x6f, 0xf8, 0x00, 0x00, 0x00,
    0x00, 0x00, 0x00, 0x8f, 0xf3, 0x00, 0x00, 0x00,
    0x00, 0x00, 0x00, 0xaf, 0xf1, 0x00, 0x00, 0x00,
    0x00, 0x00, 0x00, 0x36, 0x60, 0x00, 0x00, 0x00,
    0x00, 0x00, 0x00, 0x00, 0x00, 0x00, 0x00, 0x00,
    0x00, 0x00, 0x00, 0x23, 0x31, 0x00, 0x00, 0x00,
    0x00, 0x00, 0x00, 0xcf, 0xf6, 0x00, 0x00, 0x00,
    0x00, 0x00, 0x00, 0xcf, 0xf6, 0x00, 0x00, 0x00,
    0x00, 0x00, 0x00, 0xcf, 0xf6, 0x00, 0x00, 0x00,

    /* U+0040 "@" */
    0x00, 0x00, 0x00, 0x00, 0x00, 0x16, 0x9c, 0xef,
    0xfe, 0xda, 0x62, 0x00, 0x00, 0x00, 0x00, 0x00,
    0x00, 0x00, 0x00, 0x03, 0xbf, 0xff, 0xff, 0xff,
    0xff, 0xff, 0xfb, 0x30, 0x00, 0x00, 0x00, 0x00,
    0x00, 0x00, 0x1a, 0xff, 0xff, 0xb8, 0x65, 0x56,
    0x8b, 0xff, 0xff, 0xa0, 0x00, 0x00, 0x00, 0x00,
    0x00, 0x2e, 0xff, 0xd6, 0x10, 0x00, 0x00, 0x00,
    0x01, 0x7e, 0xff, 0xc1, 0x00, 0x00, 0x00, 0x00,
    0x2e, 0xff, 0x80, 0x00, 0x00, 0x00, 0x00, 0x00,
    0x00, 0x09, 0xff, 0xc0, 0x00, 0x00, 0x00, 0x0d,
    0xff, 0x40, 0x00, 0x00, 0x00, 0x00, 0x00, 0x00,
    0x00, 0x07, 0xff, 0x90, 0x00, 0x00, 0x0a, 0xff,
    0x30, 0x00, 0x00, 0x7d, 0xfe, 0xa3, 0x00, 0xff,
    0xb0, 0x09, 0xff, 0x30, 0x00, 0x03, 0xff, 0x60,
    0x00, 0x04, 0xef, 0xff, 0xff, 0xf6, 0x3f, 0xf8,
    0x00, 0x0e, 0xfa, 0x00, 0x00, 0xbf, 0xc0, 0x00,
    0x05, 0xff, 0xfa, 0x66, 0xbf, 0xfa, 0xff, 0x50,
    0x00, 0x7f, 0xf0, 0x00, 0x2f, 0xf4, 0x00, 0x02,
    0xff, 0xf5, 0x00, 0x00, 0x7f, 0xff, 0xf1, 0x00,
    0x01, 0xff, 0x40, 0x07, 0xfd, 0x00, 0x00, 0xcf,
    0xf6, 0x00, 0x00, 0x00, 0xdf, 0xfe, 0x00, 0x00,
    0x0e, 0xf7, 0x00, 0xcf, 0x80, 0x00, 0x4f, 0xfc,
    0x00, 0x00, 0x00, 0x08, 0xff, 0xb0, 0x00, 0x00,
    0xcf, 0x80, 0x0f, 0xf5, 0x00, 0x0a, 0xff, 0x50,
    0x00, 0x00, 0x00, 0x6f, 0xf7, 0x00, 0x00, 0x0c,
    0xf8, 0x02, 0xff, 0x20, 0x00, 0xff, 0xf0, 0x00,
    0x00, 0x00, 0x07, 0xff, 0x40, 0x00, 0x00, 0xef,
    0x60, 0x3f, 0xf1, 0x00, 0x2f, 0xfc, 0x00, 0x00,
    0x00, 0x00, 0x8f, 0xf1, 0x00, 0x00, 0x2f, 0xf4,
    0x04, 0xff, 0x10, 0x04, 0xff, 0xa0, 0x00, 0x00,
    0x00, 0x0c, 0xfd, 0x00, 0x00, 0x07, 0xff, 0x00,
    0x3f, 0xf1, 0x00, 0x4f, 0xf9, 0x00, 0x00, 0x00,
    0x02, 0xff, 0xa0, 0x00, 0x01, 0xef, 0x90, 0x01,
    0xff, 0x30, 0x02, 0xff, 0xb0, 0x00, 0x00, 0x00,
    0xaf, 0xf7, 0x00, 0x00, 0xaf, 0xf1, 0x00, 0x0f,
    0xf7, 0x00, 0x0e, 0xff, 0x00, 0x00, 0x00, 0x5f,
    0xff, 0x40, 0x00, 0x8f, 0xf7, 0x00, 0x00, 0xbf,
    0xc0, 0x00, 0x8f, 0xfa, 0x00, 0x00, 0x5f, 0xff,
    0xf3, 0x01, 0xaf, 0xfa, 0x00, 0x00, 0x06, 0xff,
    0x20, 0x01, 0xef, 0xfb, 0x56, 0xbf, 0xee, 0xff,
    0xda, 0xff, 0xfb, 0x00, 0x00, 0x00, 0x0e, 0xfb,
    0x00, 0x03, 0xef, 0xff, 0xff, 0xd2, 0xaf, 0xff,
    0xff, 0xf8, 0x00, 0x00, 0x00, 0x00, 0x7f, 0xf7,
    0x00, 0x01, 0x9e, 0xfd, 0x70, 0x01, 0xaf, 0xfd,
    0x82, 0x00, 0x03, 0x55, 0x10, 0x00, 0xcf, 0xf7,
    0x00, 0x00, 0x00, 0x00, 0x00, 0x00, 0x00, 0x00,
    0x00, 0x05, 0xff, 0xc0, 0x00, 0x01, 0xdf, 0xfa,
    0x10, 0x00, 0x00, 0x00, 0x00, 0x00, 0x00, 0x00,
    0x1a, 0xff, 0xd1, 0x00, 0x00, 0x01, 0xcf, 0xff,
    0x93, 0x00, 0x00, 0x00, 0x00, 0x00, 0x02, 0x8f,
    0xff, 0xb1, 0x00, 0x00, 0x00, 0x00, 0x7f, 0xff,
    0xfe, 0xb8, 0x65, 0x55, 0x68, 0xae, 0xff, 0xff,
    0x60, 0x00, 0x00, 0x00, 0x00, 0x00, 0x17, 0xef,
    0xff, 0xff, 0xff, 0xff, 0xff, 0xff, 0xe7, 0x10,
    0x00, 0x00, 0x00, 0x00, 0x00, 0x00, 0x00, 0x36,
    0xac, 0xde, 0xff, 0xed, 0xb8, 0x30, 0x00, 0x00,
    0x00, 0x00,

    /* U+0041 "A" */
    0x00, 0x00, 0x00, 0x00, 0x07, 0xff, 0xf3, 0x00,
    0x00, 0x00, 0x00, 0x00, 0x00, 0x00, 0x00, 0x00,
    0xdf, 0xff, 0xa0, 0x00, 0x00, 0x00, 0x00, 0x00,
    0x00, 0x00, 0x00, 0x3f, 0xfe, 0xff, 0x10, 0x00,
    0x00, 0x00, 0x00, 0x00, 0x00, 0x00, 0x09, 0xff,
    0x6f, 0xf7, 0x00, 0x00, 0x00, 0x00, 0x00, 0x00,
    0x00, 0x00, 0xef, 0xc0, 0xff, 0xd0, 0x00, 0x00,
    0x00, 0x00, 0x00, 0x00, 0x00, 0x5f, 0xf7, 0x0a,
    0xff, 0x40, 0x00, 0x00, 0x00, 0x00, 0x00, 0x00,
    0x0b, 0xff, 0x20, 0x4f, 0xfa, 0x00, 0x00, 0x00,
    0x00, 0x00, 0x00, 0x02, 0xff, 0xc0, 0x00, 0xef,
    0xf1, 0x00, 0x00, 0x00, 0x00, 0x00, 0x00, 0x8f,
    0xf6, 0x00, 0x09, 0xff, 0x70, 0x00, 0x00, 0x00,
    0x00, 0x00, 0x0e, 0xff, 0x10, 0x00, 0x2f, 0xfe,
    0x00, 0x00, 0x00, 0x00, 0x00, 0x04, 0xff, 0xb0,
    0x00, 0x00, 0xdf, 0xf4, 0x00, 0x00, 0x00, 0x00,
    0x00, 0xaf, 0xf5, 0x00, 0x00, 0x07, 0xff, 0xb0,
    0x00, 0x00, 0x00, 0x00, 0x1f, 0xfe, 0x00, 0x00,
    0x00, 0x1f, 0xff, 0x10, 0x00, 0x00, 0x00, 0x06,
    0xff, 0xd7, 0x77, 0x77, 0x77, 0xef, 0xf8, 0x00,
    0x00, 0x00, 0x00, 0xcf, 0xff, 0xff, 0xff, 0xff,
    0xff, 0xff, 0xe0, 0x00, 0x00, 0x00, 0x2f, 0xff,
    0xff, 0xff, 0xff, 0xff, 0xff, 0xff, 0x50, 0x00,
    0x00, 0x09, 0xff, 0x80, 0x00, 0x00, 0x00, 0x00,
    0x8f, 0xfb, 0x00, 0x00, 0x00, 0xef, 0xf2, 0x00,
    0x00, 0x00, 0x00, 0x02, 0xff, 0xf2, 0x00, 0x00,
    0x5f, 0xfc, 0x00, 0x00, 0x00, 0x00, 0x00, 0x0c,
    0xff, 0x80, 0x00, 0x0b, 0xff, 0x60, 0x00, 0x00,
    0x00, 0x00, 0x00, 0x6f, 0xfe, 0x00, 0x01, 0xff,
    0xf1, 0x00, 0x00, 0x00, 0x00, 0x00, 0x00, 0xff,
    0xf5, 0x00, 0x7f, 0xfb, 0x00, 0x00, 0x00, 0x00,
    0x00, 0x00, 0x0a, 0xff, 0xc0, 0x0d, 0xff, 0x50,
    0x00, 0x00, 0x00, 0x00, 0x00, 0x00, 0x4f, 0xff,
    0x20,

    /* U+0042 "B" */
    0xaf, 0xff, 0xff, 0xff, 0xff, 0xec, 0x81, 0x00,
    0x00, 0xaf, 0xff, 0xff, 0xff, 0xff, 0xff, 0xff,
    0x50, 0x00, 0xaf, 0xfd, 0xbb, 0xbb, 0xbc, 0xdf,
    0xff, 0xf4, 0x00, 0xaf, 0xf6, 0x00, 0x00, 0x00,
    0x02, 0xbf, 0xfd, 0x00, 0xaf, 0xf6, 0x00, 0x00,
    0x00, 0x00, 0x0e, 0xff, 0x40, 0xaf, 0xf6, 0x00,
    0x00, 0x00, 0x00, 0x09, 0xff, 0x70, 0xaf, 0xf6,
    0x00, 0x00, 0x00, 0x00, 0x07, 0xff, 0x70, 0xaf,
    0xf6, 0x00, 0x00, 0x00, 0x00, 0x09, 0xff, 0x40,
    0xaf, 0xf6, 0x00, 0x00, 0x00, 0x00, 0x2f, 0xfe,
    0x00, 0xaf, 0xf6, 0x00, 0x00, 0x00, 0x26, 0xef,
    0xf4, 0x00, 0xaf, 0xff, 0xff, 0xff, 0xff, 0xff,
    0xfe, 0x40, 0x00, 0xaf, 0xff, 0xff, 0xff, 0xff,
    0xff, 0xfd, 0x60, 0x00, 0xaf, 0xfd, 0xbb, 0xbb,
    0xbb, 0xcf, 0xff, 0xfc, 0x10, 0xaf, 0xf6, 0x00,
    0x00, 0x00, 0x00, 0x5e, 0xff, 0xc0, 0xaf, 0xf6,
    0x00, 0x00, 0x00, 0x00, 0x02, 0xff, 0xf4, 0xaf,
    0xf6, 0x00, 0x00, 0x00, 0x00, 0x00, 0xaf, 0xf8,
    0xaf, 0xf6, 0x00, 0x00, 0x00, 0x00, 0x00, 0x8f,
    0xf9, 0xaf, 0xf6, 0x00, 0x00, 0x00, 0x00, 0x00,
    0xaf, 0xf8, 0xaf, 0xf6, 0x00, 0x00, 0x00, 0x00,
    0x01, 0xff, 0xf4, 0xaf, 0xf6, 0x00, 0x00, 0x00,
    0x00, 0x3d, 0xff, 0xd0, 0xaf, 0xfd, 0xbb, 0xbb,
    0xbb, 0xce, 0xff, 0xff, 0x40, 0xaf, 0xff, 0xff,
    0xff, 0xff, 0xff, 0xff, 0xe5, 0x00, 0xaf, 0xff,
    0xff, 0xff, 0xff, 0xfd, 0xa6, 0x00, 0x00,

    /* U+0043 "C" */
    0x00, 0x00, 0x00, 0x05, 0xad, 0xff, 0xec, 0x93,
    0x00, 0x00, 0x00, 0x00, 0x00, 0x6e, 0xff, 0xff,
    0xff, 0xff, 0xfb, 0x10, 0x00, 0x00, 0x01, 0xbf,
    0xff, 0xfc, 0xaa, 0xbe, 0xff, 0xfe, 0x20, 0x00,
    0x00, 0xcf, 0xff, 0x81, 0x00, 0x00, 0x05, 0xef,
    0xfd, 0x10, 0x00, 0x8f, 0xfe, 0x30, 0x00, 0x00,
    0x00, 0x01, 0xef, 0xf9, 0x00, 0x2f, 0xff, 0x40,
    0x00, 0x00, 0x00, 0x00, 0x04, 0xff, 0xf1, 0x09,
    0xff, 0xb0, 0x00, 0x00, 0x00, 0x00, 0x00, 0x0c,
    0xfb, 0x30, 0xef, 0xf5, 0x00, 0x00, 0x00, 0x00,
    0x00, 0x00, 0x10, 0x00, 0x2f, 0xff, 0x10, 0x00,
    0x00, 0x00, 0x00, 0x00, 0x00, 0x00, 0x04, 0xff,
    0xd0, 0x00, 0x00, 0x00, 0x00, 0x00, 0x00, 0x00,
    0x00, 0x5f, 0xfc, 0x00, 0x00, 0x00, 0x00, 0x00,
    0x00, 0x00, 0x00, 0x06, 0xff, 0xb0, 0x00, 0x00,
    0x00, 0x00, 0x00, 0x00, 0x00, 0x00, 0x5f, 0xfc,
    0x00, 0x00, 0x00, 0x00, 0x00, 0x00, 0x00, 0x00,
    0x03, 0xff, 0xe0, 0x00, 0x00, 0x00, 0x00, 0x00,
    0x00, 0x00, 0x00, 0x1f, 0xff, 0x10, 0x00, 0x00,
    0x00, 0x00, 0x00, 0x00, 0x10, 0x00, 0xdf, 0xf5,
    0x00, 0x00, 0x00, 0x00, 0x00, 0x00, 0x6f, 0xc7,
    0x08, 0xff, 0xb0, 0x00, 0x00, 0x00, 0x00, 0x00,
    0x0c, 0xff, 0x80, 0x1f, 0xff, 0x40, 0x00, 0x00,
    0x00, 0x00, 0x04, 0xff, 0xf2, 0x00, 0x9f, 0xfe,
    0x20, 0x00, 0x00, 0x00, 0x02, 0xef, 0xfa, 0x00,
    0x00, 0xdf, 0xff, 0x71, 0x00, 0x00, 0x06, 0xff,
    0xfe, 0x10, 0x00, 0x01, 0xdf, 0xff, 0xfc, 0xa9,
    0xbf, 0xff, 0xfe, 0x20, 0x00, 0x00, 0x00, 0x9f,
    0xff, 0xff, 0xff, 0xff, 0xfa, 0x10, 0x00, 0x00,
    0x00, 0x00, 0x27, 0xbe, 0xff, 0xec, 0x82, 0x00,
    0x00, 0x00,

    /* U+0044 "D" */
    0x8f, 0xff, 0xff, 0xff, 0xff, 0xed, 0xa4, 0x00,
    0x00, 0x00, 0x8f, 0xff, 0xff, 0xff, 0xff, 0xff,
    0xff, 0xd3, 0x00, 0x00, 0x8f, 0xfd, 0xbb, 0xbb,
    0xbc, 0xdf, 0xff, 0xff, 0x40, 0x00, 0x8f, 0xf8,
    0x00, 0x00, 0x00, 0x00, 0x5e, 0xff, 0xf3, 0x00,
    0x8f, 0xf8, 0x00, 0x00, 0x00, 0x00, 0x01, 0xdf,
    0xfc, 0x00, 0x8f, 0xf8, 0x00, 0x00, 0x00, 0x00,
    0x00, 0x2f, 0xff, 0x40, 0x8f, 0xf8, 0x00, 0x00,
    0x00, 0x00, 0x00, 0x08, 0xff, 0xa0, 0x8f, 0xf8,
    0x00, 0x00, 0x00, 0x00, 0x00, 0x03, 0xff, 0xe0,
    0x8f, 0xf8, 0x00, 0x00, 0x00, 0x00, 0x00, 0x00,
    0xff, 0xf2, 0x8f, 0xf8, 0x00, 0x00, 0x00, 0x00,
    0x00, 0x00, 0xdf, 0xf4, 0x8f, 0xf8, 0x00, 0x00,
    0x00, 0x00, 0x00, 0x00, 0xcf, 0xf5, 0x8f, 0xf8,
    0x00, 0x00, 0x00, 0x00, 0x00, 0x00, 0xbf, 0xf6,
    0x8f, 0xf8, 0x00, 0x00, 0x00, 0x00, 0x00, 0x00,
    0xcf, 0xf5, 0x8f, 0xf8, 0x00, 0x00, 0x00, 0x00,
    0x00, 0x00, 0xdf, 0xf4, 0x8f, 0xf8, 0x00, 0x00,
    0x00, 0x00, 0x00, 0x00, 0xff, 0xf1, 0x8f, 0xf8,
    0x00, 0x00, 0x00, 0x00, 0x00, 0x04, 0xff, 0xe0,
    0x8f, 0xf8, 0x00, 0x00, 0x00, 0x00, 0x00, 0x0a,
    0xff, 0x90, 0x8f, 0xf8, 0x00, 0x00, 0x00, 0x00,
    0x00, 0x2f, 0xff, 0x30, 0x8f, 0xf8, 0x00, 0x00,
    0x00, 0x00, 0x01, 0xdf, 0xfb, 0x00, 0x8f, 0xf8,
    0x00, 0x00, 0x00, 0x00, 0x5e, 0xff, 0xf2, 0x00,
    0x8f, 0xfd, 0xbb, 0xbb, 0xbc, 0xdf, 0xff, 0xff,
    0x40, 0x00, 0x8f, 0xff, 0xff, 0xff, 0xff, 0xff,
    0xff, 0xc3, 0x00, 0x00, 0x8f, 0xff, 0xff, 0xff,
    0xff, 0xec, 0x94, 0x00, 0x00, 0x00,

    /* U+0045 "E" */
    0x7f, 0xff, 0xff, 0xff, 0xff, 0xff, 0xff, 0xff,
    0xf1, 0x7f, 0xff, 0xff, 0xff, 0xff, 0xff, 0xff,
    0xff, 0xf1, 0x7f, 0xfe, 0xbb, 0xbb, 0xbb, 0xbb,
    0xbb, 0xbb, 0xb1, 0x7f, 0xf9, 0x00, 0x00, 0x00,
    0x00, 0x00, 0x00, 0x00, 0x7f, 0xf9, 0x00, 0x00,
    0x00, 0x00, 0x00, 0x00, 0x00, 0x7f, 0xf9, 0x00,
    0x00, 0x00, 0x00, 0x00, 0x00, 0x00, 0x7f, 0xf9,
    0x00, 0x00, 0x00, 0x00, 0x00, 0x00, 0x00, 0x7f,
    0xf9, 0x00, 0x00, 0x00, 0x00, 0x00, 0x00, 0x00,
    0x7f, 0xf9, 0x00, 0x00, 0x00, 0x00, 0x00, 0x00,
    0x00, 0x7f, 0xf9, 0x00, 0x00, 0x00, 0x00, 0x00,
    0x00, 0x00, 0x7f, 0xff, 0xff, 0xff, 0xff, 0xff,
    0xff, 0xff, 0x30, 0x7f, 0xff, 0xff, 0xff, 0xff,
    0xff, 0xff, 0xff, 0x30, 0x7f, 0xfd, 0xbb, 0xbb,
    0xbb, 0xbb, 0xbb, 0xbb, 0x20, 0x7f, 0xf9, 0x00,
    0x00, 0x00, 0x00, 0x00, 0x00, 0x00, 0x7f, 0xf9,
    0x00, 0x00, 0x00, 0x00, 0x00, 0x00, 0x00, 0x7f,
    0xf9, 0x00, 0x00, 0x00, 0x00, 0x00, 0x00, 0x00,
    0x7f, 0xf9, 0x00, 0x00, 0x00, 0x00, 0x00, 0x00,
    0x00, 0x7f, 0xf9, 0x00, 0x00, 0x00, 0x00, 0x00,
    0x00, 0x00, 0x7f, 0xf9, 0x00, 0x00, 0x00, 0x00,
    0x00, 0x00, 0x00, 0x7f, 0xf9, 0x00, 0x00, 0x00,
    0x00, 0x00, 0x00, 0x00, 0x7f, 0xfd, 0xbb, 0xbb,
    0xbb, 0xbb, 0xbb, 0xbb, 0xb7, 0x7f, 0xff, 0xff,
    0xff, 0xff, 0xff, 0xff, 0xff, 0xfa, 0x7f, 0xff,
    0xff, 0xff, 0xff, 0xff, 0xff, 0xff, 0xfa,

    /* U+0046 "F" */
    0x6f, 0xff, 0xff, 0xff, 0xff, 0xff, 0xff, 0xff,
    0x16, 0xff, 0xff, 0xff, 0xff, 0xff, 0xff, 0xff,
    0xf1, 0x6f, 0xfe, 0xbb, 0xbb, 0xbb, 0xbb, 0xbb,
    0xbb, 0x06, 0xff, 0xa0, 0x00, 0x00, 0x00, 0x00,
    0x00, 0x00, 0x6f, 0xfa, 0x00, 0x00, 0x00, 0x00,
    0x00, 0x00, 0x06, 0xff, 0xa0, 0x00, 0x00, 0x00,
    0x00, 0x00, 0x00, 0x6f, 0xfa, 0x00, 0x00, 0x00,
    0x00, 0x00, 0x00, 0x06, 0xff, 0xa0, 0x00, 0x00,
    0x00, 0x00, 0x00, 0x00, 0x6f, 0xfa, 0x00, 0x00,
    0x00, 0x00, 0x00, 0x00, 0x06, 0xff, 0xa0, 0x00,
    0x00, 0x00, 0x00, 0x00, 0x00, 0x6f, 0xff, 0xff,
    0xff, 0xff, 0xff, 0xff, 0x60, 0x06, 0xff, 0xff,
    0xff, 0xff, 0xff, 0xff, 0xf6, 0x00, 0x6f, 0xfe,
    0xbb, 0xbb, 0xbb, 0xbb, 0xbb, 0x40, 0x06, 0xff,
    0xa0, 0x00, 0x00, 0x00, 0x00, 0x00, 0x00, 0x6f,
    0xfa, 0x00, 0x00, 0x00, 0x00, 0x00, 0x00, 0x06,
    0xff, 0xa0, 0x00, 0x00, 0x00, 0x00, 0x00, 0x00,
    0x6f, 0xfa, 0x00, 0x00, 0x00, 0x00, 0x00, 0x00,
    0x06, 0xff, 0xa0, 0x00, 0x00, 0x00, 0x00, 0x00,
    0x00, 0x6f, 0xfa, 0x00, 0x00, 0x00, 0x00, 0x00,
    0x00, 0x06, 0xff, 0xa0, 0x00, 0x00, 0x00, 0x00,
    0x00, 0x00, 0x6f, 0xfa, 0x00, 0x00, 0x00, 0x00,
    0x00, 0x00, 0x06, 0xff, 0xa0, 0x00, 0x00, 0x00,
    0x00, 0x00, 0x00, 0x6f, 0xfa, 0x00, 0x00, 0x00,
    0x00, 0x00, 0x00, 0x00,

    /* U+0047 "G" */
    0x00, 0x00, 0x00, 0x03, 0x8b, 0xef, 0xfe, 0xc8,
    0x30, 0x00, 0x00, 0x00, 0x00, 0x03, 0xcf, 0xff,
    0xff, 0xff, 0xff, 0xfc, 0x30, 0x00, 0x00, 0x00,
    0x8f, 0xff, 0xff, 0xba, 0xab, 0xef, 0xff, 0xf5,
    0x00, 0x00, 0x08, 0xff, 0xfc, 0x40, 0x00, 0x00,
    0x04, 0xcf, 0xff, 0x30, 0x00, 0x4f, 0xff, 0x80,
    0x00, 0x00, 0x00, 0x00, 0x0a, 0xff, 0xc0, 0x00,
    0xdf, 0xf9, 0x00, 0x00, 0x00, 0x00, 0x00, 0x00,
    0xef, 0xf2, 0x05, 0xff, 0xe0, 0x00, 0x00, 0x00,
    0x00, 0x00, 0x00, 0x7f, 0xc4, 0x0a, 0xff, 0x80,
    0x00, 0x00, 0x00, 0x00, 0x00, 0x00, 0x00, 0x00,
    0x0e, 0xff, 0x30, 0x00, 0x00, 0x00, 0x00, 0x00,
    0x00, 0x00, 0x00, 0x2f, 0xff, 0x00, 0x00, 0x00,
    0x00, 0x00, 0x00, 0x00, 0x00, 0x00, 0x3f, 0xfe,
    0x00, 0x00, 0x00, 0x00, 0x00, 0x00, 0x00, 0x00,
    0x00, 0x4f, 0xfd, 0x00, 0x00, 0x00, 0x00, 0xdf,
    0xff, 0xff, 0xff, 0xfe, 0x4f, 0xfe, 0x00, 0x00,
    0x00, 0x00, 0xdf, 0xff, 0xff, 0xff, 0xfe, 0x2f,
    0xff, 0x00, 0x00, 0x00, 0x00, 0x8b, 0xbb, 0xbb,
    0xbf, 0xfe, 0x0f, 0xff, 0x30, 0x00, 0x00, 0x00,
    0x00, 0x00, 0x00, 0x1f, 0xfe, 0x0b, 0xff, 0x80,
    0x00, 0x00, 0x00, 0x00, 0x00, 0x00, 0x1f, 0xfe,
    0x05, 0xff, 0xe1, 0x00, 0x00, 0x00, 0x00, 0x00,
    0x00, 0x1f, 0xfe, 0x00, 0xdf, 0xfb, 0x00, 0x00,
    0x00, 0x00, 0x00, 0x00, 0x1f, 0xfe, 0x00, 0x4f,
    0xff, 0xb1, 0x00, 0x00, 0x00, 0x00, 0x02, 0xcf,
    0xfe, 0x00, 0x07, 0xff, 0xfe, 0x82, 0x00, 0x00,
    0x05, 0xaf, 0xff, 0xfa, 0x00, 0x00, 0x6f, 0xff,
    0xff, 0xed, 0xcd, 0xff, 0xff, 0xff, 0x60, 0x00,
    0x00, 0x02, 0xbf, 0xff, 0xff, 0xff, 0xff, 0xff,
    0x81, 0x00, 0x00, 0x00, 0x00, 0x02, 0x7b, 0xdf,
    0xfe, 0xc9, 0x50, 0x00, 0x00,

    /* U+0048 "H" */
    0x7f, 0xf9, 0x00, 0x00, 0x00, 0x00, 0x00, 0x08,
    0xff, 0x87, 0xff, 0x90, 0x00, 0x00, 0x00, 0x00,
    0x00, 0x8f, 0xf8, 0x7f, 0xf9, 0x00, 0x00, 0x00,
    0x00, 0x00, 0x08, 0xff, 0x87, 0xff, 0x90, 0x00,
    0x00, 0x00, 0x00, 0x00, 0x8f, 0xf8, 0x7f, 0xf9,
    0x00, 0x00, 0x00, 0x00, 0x00, 0x08, 0xff, 0x87,
    0xff, 0x90, 0x00, 0x00, 0x00, 0x00, 0x00, 0x8f,
    0xf8, 0x7f, 0xf9, 0x00, 0x00, 0x00, 0x00, 0x00,
    0x08, 0xff, 0x87, 0xff, 0x90, 0x00, 0x00, 0x00,
    0x00, 0x00, 0x8f, 0xf8, 0x7f, 0xf9, 0x00, 0x00,
    0x00, 0x00, 0x00, 0x08, 0xff, 0x87, 0xff, 0xeb,
    0xbb, 0xbb, 0xbb, 0xbb, 0xbb, 0xdf, 0xf8, 0x7f,
    0xff, 0xff, 0xff, 0xff, 0xff, 0xff, 0xff, 0xff,
    0x87, 0xff, 0xff, 0xff, 0xff, 0xff, 0xff, 0xff,
    0xff, 0xf8, 0x7f, 0xf9, 0x00, 0x00, 0x00, 0x00,
    0x00, 0x08, 0xff, 0x87, 0xff, 0x90, 0x00, 0x00,
    0x00, 0x00, 0x00, 0x8f, 0xf8, 0x7f, 0xf9, 0x00,
    0x00, 0x00, 0x00, 0x00, 0x08, 0xff, 0x87, 0xff,
    0x90, 0x00, 0x00, 0x00, 0x00, 0x00, 0x8f, 0xf8,
    0x7f, 0xf9, 0x00, 0x00, 0x00, 0x00, 0x00, 0x08,
    0xff, 0x87, 0xff, 0x90, 0x00, 0x00, 0x00, 0x00,
    0x00, 0x8f, 0xf8, 0x7f, 0xf9, 0x00, 0x00, 0x00,
    0x00, 0x00, 0x08, 0xff, 0x87, 0xff, 0x90, 0x00,
    0x00, 0x00, 0x00, 0x00, 0x8f, 0xf8, 0x7f, 0xf9,
    0x00, 0x00, 0x00, 0x00, 0x00, 0x08, 0xff, 0x87,
    0xff, 0x90, 0x00, 0x00, 0x00, 0x00, 0x00, 0x8f,
    0xf8, 0x7f, 0xf9, 0x00, 0x00, 0x00, 0x00, 0x00,
    0x08, 0xff, 0x80,

    /* U+0049 "I" */
    0x0f, 0xff, 0x00, 0xff, 0xf0, 0x0f, 0xff, 0x00,
    0xff, 0xf0, 0x0f, 0xff, 0x00, 0xff, 0xf0, 0x0f,
    0xff, 0x00, 0xff, 0xf0, 0x0f, 0xff, 0x00, 0xff,
    0xf0, 0x0f, 0xff, 0x00, 0xff, 0xf0, 0x0f, 0xff,
    0x00, 0xff, 0xf0, 0x0f, 0xff, 0x00, 0xff, 0xf0,
    0x0f, 0xff, 0x00, 0xff, 0xf0, 0x0f, 0xff, 0x00,
    0xff, 0xf0, 0x0f, 0xff, 0x00, 0xff, 0xf0, 0x0f,
    0xff, 0x00,

    /* U+004A "J" */
    0x00, 0x00, 0x00, 0x00, 0x00, 0x8f, 0xf8, 0x00,
    0x00, 0x00, 0x00, 0x00, 0x8f, 0xf8, 0x00, 0x00,
    0x00, 0x00, 0x00, 0x8f, 0xf8, 0x00, 0x00, 0x00,
    0x00, 0x00, 0x8f, 0xf8, 0x00, 0x00, 0x00, 0x00,
    0x00, 0x8f, 0xf8, 0x00, 0x00, 0x00, 0x00, 0x00,
    0x8f, 0xf8, 0x00, 0x00, 0x00, 0x00, 0x00, 0x8f,
    0xf8, 0x00, 0x00, 0x00, 0x00, 0x00, 0x8f, 0xf8,
    0x00, 0x00, 0x00, 0x00, 0x00, 0x8f, 0xf8, 0x00,
    0x00, 0x00, 0x00, 0x00, 0x8f, 0xf8, 0x00, 0x00,
    0x00, 0x00, 0x00, 0x8f, 0xf8, 0x00, 0x00, 0x00,
    0x00, 0x00, 0x8f, 0xf8, 0x00, 0x00, 0x00, 0x00,
    0x00, 0x8f, 0xf8, 0x00, 0x00, 0x00, 0x00, 0x00,
    0x8f, 0xf8, 0x00, 0x00, 0x00, 0x00, 0x00, 0x8f,
    0xf8, 0x00, 0x01, 0x00, 0x00, 0x00, 0x8f, 0xf8,
    0x0e, 0xfb, 0x00, 0x00, 0x00, 0x8f, 0xf7, 0x0f,
    0xfd, 0x00, 0x00, 0x00, 0xaf, 0xf6, 0x0d, 0xff,
    0x20, 0x00, 0x00, 0xef, 0xf3, 0x09, 0xff, 0xc1,
    0x00, 0x0a, 0xff, 0xe0, 0x02, 0xff, 0xff, 0xcc,
    0xff, 0xff, 0x50, 0x00, 0x5f, 0xff, 0xff, 0xff,
    0xf8, 0x00, 0x00, 0x02, 0x9d, 0xff, 0xd9, 0x30,
    0x00,

    /* U+004B "K" */
    0xaf, 0xf6, 0x00, 0x00, 0x00, 0x00, 0x00, 0xbf,
    0xff, 0x50, 0xaf, 0xf6, 0x00, 0x00, 0x00, 0x00,
    0x0b, 0xff, 0xf5, 0x00, 0xaf, 0xf6, 0x00, 0x00,
    0x00, 0x00, 0xbf, 0xff, 0x40, 0x00, 0xaf, 0xf6,
    0x00, 0x00, 0x00, 0x0b, 0xff, 0xf4, 0x00, 0x00,
    0xaf, 0xf6, 0x00, 0x00, 0x00, 0xbf, 0xff, 0x40,
    0x00, 0x00, 0xaf, 0xf6, 0x00, 0x00, 0x0b, 0xff,
    0xf3, 0x00, 0x00, 0x00, 0xaf, 0xf6, 0x00, 0x00,
    0xbf, 0xfe, 0x30, 0x00, 0x00, 0x00, 0xaf, 0xf6,
    0x00, 0x0b, 0xff, 0xe3, 0x00, 0x00, 0x00, 0x00,
    0xaf, 0xf6, 0x00, 0xbf, 0xfe, 0x20, 0x00, 0x00,
    0x00, 0x00, 0xaf, 0xf6, 0x0b, 0xff, 0xf7, 0x00,
    0x00, 0x00, 0x00, 0x00, 0xaf, 0xf6, 0xbf, 0xff,
    0xff, 0x20, 0x00, 0x00, 0x00, 0x00, 0xaf, 0xfe,
    0xff, 0xdc, 0xff, 0xd0, 0x00, 0x00, 0x00, 0x00,
    0xaf, 0xff, 0xfd, 0x12, 0xff, 0xf9, 0x00, 0x00,
    0x00, 0x00, 0xaf, 0xff, 0xd1, 0x00, 0x6f, 0xff,
    0x50, 0x00, 0x00, 0x00, 0xaf, 0xfd, 0x10, 0x00,
    0x0a, 0xff, 0xe1, 0x00, 0x00, 0x00, 0xaf, 0xf6,
    0x00, 0x00, 0x01, 0xef, 0xfc, 0x00, 0x00, 0x00,
    0xaf, 0xf6, 0x00, 0x00, 0x00, 0x4f, 0xff, 0x80,
    0x00, 0x00, 0xaf, 0xf6, 0x00, 0x00, 0x00, 0x09,
    0xff, 0xf4, 0x00, 0x00, 0xaf, 0xf6, 0x00, 0x00,
    0x00, 0x00, 0xdf, 0xfe, 0x10, 0x00, 0xaf, 0xf6,
    0x00, 0x00, 0x00, 0x00, 0x3f, 0xff, 0xb0, 0x00,
    0xaf, 0xf6, 0x00, 0x00, 0x00, 0x00, 0x07, 0xff,
    0xf7, 0x00, 0xaf, 0xf6, 0x00, 0x00, 0x00, 0x00,
    0x00, 0xcf, 0xff, 0x30, 0xaf, 0xf6, 0x00, 0x00,
    0x00, 0x00, 0x00, 0x2f, 0xff, 0xd0,

    /* U+004C "L" */
    0xaf, 0xf6, 0x00, 0x00, 0x00, 0x00, 0x00, 0x0a,
    0xff, 0x60, 0x00, 0x00, 0x00, 0x00, 0x00, 0xaf,
    0xf6, 0x00, 0x00, 0x00, 0x00, 0x00, 0x0a, 0xff,
    0x60, 0x00, 0x00, 0x00, 0x00, 0x00, 0xaf, 0xf6,
    0x00, 0x00, 0x00, 0x00, 0x00, 0x0a, 0xff, 0x60,
    0x00, 0x00, 0x00, 0x00, 0x00, 0xaf, 0xf6, 0x00,
    0x00, 0x00, 0x00, 0x00, 0x0a, 0xff, 0x60, 0x00,
    0x00, 0x00, 0x00, 0x00, 0xaf, 0xf6, 0x00, 0x00,
    0x00, 0x00, 0x00, 0x0a, 0xff, 0x60, 0x00, 0x00,
    0x00, 0x00, 0x00, 0xaf, 0xf6, 0x00, 0x00, 0x00,
    0x00, 0x00, 0x0a, 0xff, 0x60, 0x00, 0x00, 0x00,
    0x00, 0x00, 0xaf, 0xf6, 0x00, 0x00, 0x00, 0x00,
    0x00, 0x0a, 0xff, 0x60, 0x00, 0x00, 0x00, 0x00,
    0x00, 0xaf, 0xf6, 0x00, 0x00, 0x00, 0x00, 0x00,
    0x0a, 0xff, 0x60, 0x00, 0x00, 0x00, 0x00, 0x00,
    0xaf, 0xf6, 0x00, 0x00, 0x00, 0x00, 0x00, 0x0a,
    0xff, 0x60, 0x00, 0x00, 0x00, 0x00, 0x00, 0xaf,
    0xf6, 0x00, 0x00, 0x00, 0x00, 0x00, 0x0a, 0xff,
    0x60, 0x00, 0x00, 0x00, 0x00, 0x00, 0xaf, 0xfd,
    0xbb, 0xbb, 0xbb, 0xbb, 0xbb, 0x7a, 0xff, 0xff,
    0xff, 0xff, 0xff, 0xff, 0xfa, 0xaf, 0xff, 0xff,
    0xff, 0xff, 0xff, 0xff, 0xa0,

    /* U+004D "M" */
    0xaf, 0xff, 0xf1, 0x00, 0x00, 0x00, 0x00, 0x00,
    0x00, 0xff, 0xff, 0x3a, 0xff, 0xff, 0x60, 0x00,
    0x00, 0x00, 0x00, 0x00, 0x5f, 0xff, 0xf3, 0xaf,
    0xff, 0xfc, 0x00, 0x00, 0x00, 0x00, 0x00, 0x0b,
    0xff, 0xff, 0x3a, 0xff, 0xff, 0xf1, 0x00, 0x00,
    0x00, 0x00, 0x01, 0xff, 0xff, 0xf3, 0xaf, 0xfa,
    0xff, 0x60, 0x00, 0x00, 0x00, 0x00, 0x6f, 0xfc,
    0xff, 0x3a, 0xff, 0x5f, 0xfc, 0x00, 0x00, 0x00,
    0x00, 0x0b, 0xfb, 0xbf, 0xf3, 0xaf, 0xf4, 0xaf,
    0xf1, 0x00, 0x00, 0x00, 0x01, 0xff, 0x5b, 0xff,
    0x3a, 0xff, 0x45, 0xff, 0x60, 0x00, 0x00, 0x00,
    0x6f, 0xf0, 0xbf, 0xf3, 0xaf, 0xf4, 0x0f, 0xfc,
    0x00, 0x00, 0x00, 0x0c, 0xfa, 0x0b, 0xff, 0x3a,
    0xff, 0x40, 0xaf, 0xf1, 0x00, 0x00, 0x01, 0xff,
    0x50, 0xbf, 0xf3, 0xaf, 0xf4, 0x04, 0xff, 0x60,
    0x00, 0x00, 0x7f, 0xf0, 0x0b, 0xff, 0x3a, 0xff,
    0x40, 0x0f, 0xfc, 0x00, 0x00, 0x0c, 0xfa, 0x00,
    0xbf, 0xf3, 0xaf, 0xf4, 0x00, 0xaf, 0xf1, 0x00,
    0x02, 0xff, 0x40, 0x0b, 0xff, 0x3a, 0xff, 0x40,
    0x04, 0xff, 0x60, 0x00, 0x7f, 0xe0, 0x00, 0xbf,
    0xf3, 0xaf, 0xf4, 0x00, 0x0e, 0xfc, 0x00, 0x0d,
    0xf9, 0x00, 0x0b, 0xff, 0x3a, 0xff, 0x40, 0x00,
    0x9f, 0xf1, 0x02, 0xff, 0x30, 0x00, 0xbf, 0xf3,
    0xaf, 0xf4, 0x00, 0x04, 0xff, 0x60, 0x8f, 0xe0,
    0x00, 0x0b, 0xff, 0x3a, 0xff, 0x40, 0x00, 0x0e,
    0xfc, 0x0d, 0xf8, 0x00, 0x00, 0xbf, 0xf3, 0xaf,
    0xf4, 0x00, 0x00, 0x9f, 0xf4, 0xff, 0x30, 0x00,
    0x0b, 0xff, 0x3a, 0xff, 0x40, 0x00, 0x04, 0xff,
    0xdf, 0xd0, 0x00, 0x00, 0xbf, 0xf3, 0xaf, 0xf4,
    0x00, 0x00, 0x0e, 0xff, 0xf8, 0x00, 0x00, 0x0b,
    0xff, 0x3a, 0xff, 0x40, 0x00, 0x00, 0x9f, 0xff,
    0x20, 0x00, 0x00, 0xbf, 0xf3, 0xaf, 0xf4, 0x00,
    0x00, 0x03, 0xff, 0xd0, 0x00, 0x00, 0x0b, 0xff,
    0x30,

    /* U+004E "N" */
    0x9f, 0xfd, 0x00, 0x00, 0x00, 0x00, 0x00, 0x06,
    0xff, 0x79, 0xff, 0xf8, 0x00, 0x00, 0x00, 0x00,
    0x00, 0x6f, 0xf7, 0x9f, 0xff, 0xf3, 0x00, 0x00,
    0x00, 0x00, 0x06, 0xff, 0x79, 0xff, 0xff, 0xd0,
    0x00, 0x00, 0x00, 0x00, 0x6f, 0xf7, 0x9f, 0xff,
    0xff, 0x80, 0x00, 0x00, 0x00, 0x06, 0xff, 0x79,
    0xff, 0x9f, 0xff, 0x30, 0x00, 0x00, 0x00, 0x6f,
    0xf7, 0x9f, 0xf5, 0x9f, 0xfd, 0x00, 0x00, 0x00,
    0x06, 0xff, 0x79, 0xff, 0x50, 0xef, 0xf8, 0x00,
    0x00, 0x00, 0x6f, 0xf7, 0x9f, 0xf5, 0x04, 0xff,
    0xf3, 0x00, 0x00, 0x06, 0xff, 0x79, 0xff, 0x50,
    0x09, 0xff, 0xd0, 0x00, 0x00, 0x6f, 0xf7, 0x9f,
    0xf5, 0x00, 0x0e, 0xff, 0x80, 0x00, 0x06, 0xff,
    0x79, 0xff, 0x50, 0x00, 0x4f, 0xff, 0x30, 0x00,
    0x6f, 0xf7, 0x9f, 0xf5, 0x00, 0x00, 0x9f, 0xfd,
    0x00, 0x06, 0xff, 0x79, 0xff, 0x50, 0x00, 0x00,
    0xef, 0xf8, 0x00, 0x6f, 0xf7, 0x9f, 0xf5, 0x00,
    0x00, 0x04, 0xff, 0xf3, 0x06, 0xff, 0x79, 0xff,
    0x50, 0x00, 0x00, 0x09, 0xff, 0xd0, 0x6f, 0xf7,
    0x9f, 0xf5, 0x00, 0x00, 0x00, 0x0e, 0xff, 0x86,
    0xff, 0x79, 0xff, 0x50, 0x00, 0x00, 0x00, 0x4f,
    0xff, 0xaf, 0xf7, 0x9f, 0xf5, 0x00, 0x00, 0x00,
    0x00, 0x9f, 0xff, 0xff, 0x79, 0xff, 0x50, 0x00,
    0x00, 0x00, 0x01, 0xef, 0xff, 0xf7, 0x9f, 0xf5,
    0x00, 0x00, 0x00, 0x00, 0x04, 0xff, 0xff, 0x79,
    0xff, 0x50, 0x00, 0x00, 0x00, 0x00, 0x0a, 0xff,
    0xf7, 0x9f, 0xf5, 0x00, 0x00, 0x00, 0x00, 0x00,
    0x1e, 0xff, 0x70,

    /* U+004F "O" */
    0x00, 0x00, 0x00, 0x05, 0x9d, 0xef, 0xfd, 0x94,
    0x00, 0x00, 0x00, 0x00, 0x00, 0x00, 0x5d, 0xff,
    0xff, 0xff, 0xff, 0xfd, 0x50, 0x00, 0x00, 0x00,
    0x00, 0x9f, 0xff, 0xfe, 0xba, 0xbd, 0xff, 0xff,
    0x90, 0x00, 0x00, 0x00, 0xaf, 0xff, 0xa3, 0x00,
    0x00, 0x03, 0xbf, 0xff, 0xa0, 0x00, 0x00, 0x7f,
    0xff, 0x50, 0x00, 0x00, 0x00, 0x00, 0x7f, 0xff,
    0x70, 0x00, 0x1f, 0xff, 0x50, 0x00, 0x00, 0x00,
    0x00, 0x00, 0x7f, 0xff, 0x10, 0x08, 0xff, 0xb0,
    0x00, 0x00, 0x00, 0x00, 0x00, 0x00, 0xdf, 0xf8,
    0x00, 0xdf, 0xf4, 0x00, 0x00, 0x00, 0x00, 0x00,
    0x00, 0x06, 0xff, 0xd0, 0x1f, 0xff, 0x00, 0x00,
    0x00, 0x00, 0x00, 0x00, 0x00, 0x1f, 0xff, 0x24,
    0xff, 0xd0, 0x00, 0x00, 0x00, 0x00, 0x00, 0x00,
    0x00, 0xdf, 0xf4, 0x5f, 0xfc, 0x00, 0x00, 0x00,
    0x00, 0x00, 0x00, 0x00, 0x0c, 0xff, 0x66, 0xff,
    0xb0, 0x00, 0x00, 0x00, 0x00, 0x00, 0x00, 0x00,
    0xbf, 0xf7, 0x6f, 0xfb, 0x00, 0x00, 0x00, 0x00,
    0x00, 0x00, 0x00, 0x0b, 0xff, 0x65, 0xff, 0xc0,
    0x00, 0x00, 0x00, 0x00, 0x00, 0x00, 0x00, 0xdf,
    0xf4, 0x2f, 0xff, 0x00, 0x00, 0x00, 0x00, 0x00,
    0x00, 0x00, 0x0f, 0xff, 0x20, 0xdf, 0xf4, 0x00,
    0x00, 0x00, 0x00, 0x00, 0x00, 0x05, 0xff, 0xd0,
    0x08, 0xff, 0xc0, 0x00, 0x00, 0x00, 0x00, 0x00,
    0x00, 0xcf, 0xf8, 0x00, 0x1f, 0xff, 0x60, 0x00,
    0x00, 0x00, 0x00, 0x00, 0x7f, 0xff, 0x10, 0x00,
    0x7f, 0xff, 0x50, 0x00, 0x00, 0x00, 0x00, 0x6f,
    0xff, 0x70, 0x00, 0x00, 0xaf, 0xff, 0xa2, 0x00,
    0x00, 0x02, 0xaf, 0xff, 0xb0, 0x00, 0x00, 0x00,
    0x9f, 0xff, 0xfd, 0xa9, 0xad, 0xff, 0xff, 0xa0,
    0x00, 0x00, 0x00, 0x00, 0x5d, 0xff, 0xff, 0xff,
    0xff, 0xfe, 0x50, 0x00, 0x00, 0x00, 0x00, 0x00,
    0x04, 0x9d, 0xff, 0xfd, 0x94, 0x00, 0x00, 0x00,
    0x00,

    /* U+0050 "P" */
    0x8f, 0xff, 0xff, 0xff, 0xff, 0xfe, 0xc8, 0x20,
    0x00, 0x8f, 0xff, 0xff, 0xff, 0xff, 0xff, 0xff,
    0xf9, 0x00, 0x8f, 0xfd, 0xbb, 0xbb, 0xbb, 0xbd,
    0xff, 0xff, 0x90, 0x8f, 0xf8, 0x00, 0x00, 0x00,
    0x00, 0x1a, 0xff, 0xf3, 0x8f, 0xf8, 0x00, 0x00,
    0x00, 0x00, 0x00, 0xcf, 0xf9, 0x8f, 0xf8, 0x00,
    0x00, 0x00, 0x00, 0x00, 0x6f, 0xfd, 0x8f, 0xf8,
    0x00, 0x00, 0x00, 0x00, 0x00, 0x3f, 0xfe, 0x8f,
    0xf8, 0x00, 0x00, 0x00, 0x00, 0x00, 0x3f, 0xfe,
    0x8f, 0xf8, 0x00, 0x00, 0x00, 0x00, 0x00, 0x7f,
    0xfb, 0x8f, 0xf8, 0x00, 0x00, 0x00, 0x00, 0x02,
    0xef, 0xf6, 0x8f, 0xf8, 0x00, 0x00, 0x00, 0x03,
    0x7e, 0xff, 0xe0, 0x8f, 0xff, 0xff, 0xff, 0xff,
    0xff, 0xff, 0xff, 0x30, 0x8f, 0xff, 0xff, 0xff,
    0xff, 0xff, 0xff, 0xc2, 0x00, 0x8f, 0xfd, 0xbb,
    0xbb, 0xbb, 0xa9, 0x62, 0x00, 0x00, 0x8f, 0xf8,
    0x00, 0x00, 0x00, 0x00, 0x00, 0x00, 0x00, 0x8f,
    0xf8, 0x00, 0x00, 0x00, 0x00, 0x00, 0x00, 0x00,
    0x8f, 0xf8, 0x00, 0x00, 0x00, 0x00, 0x00, 0x00,
    0x00, 0x8f, 0xf8, 0x00, 0x00, 0x00, 0x00, 0x00,
    0x00, 0x00, 0x8f, 0xf8, 0x00, 0x00, 0x00, 0x00,
    0x00, 0x00, 0x00, 0x8f, 0xf8, 0x00, 0x00, 0x00,
    0x00, 0x00, 0x00, 0x00, 0x8f, 0xf8, 0x00, 0x00,
    0x00, 0x00, 0x00, 0x00, 0x00, 0x8f, 0xf8, 0x00,
    0x00, 0x00, 0x00, 0x00, 0x00, 0x00, 0x8f, 0xf8,
    0x00, 0x00, 0x00, 0x00, 0x00, 0x00, 0x00,

    /* U+0051 "Q" */
    0x00, 0x00, 0x00, 0x05, 0xad, 0xff, 0xec, 0x93,
    0x00, 0x00, 0x00, 0x00, 0x00, 0x00, 0x7e, 0xff,
    0xff, 0xff, 0xff, 0xfc, 0x30, 0x00, 0x00, 0x00,
    0x01, 0xcf, 0xff, 0xfd, 0xba, 0xbe, 0xff, 0xff,
    0x70, 0x00, 0x00, 0x00, 0xdf, 0xff, 0x91, 0x00,
    0x00, 0x04, 0xcf, 0xff, 0x80, 0x00, 0x00, 0xaf,
    0xfe, 0x40, 0x00, 0x00, 0x00, 0x00, 0x9f, 0xff,
    0x40, 0x00, 0x3f, 0xff, 0x30, 0x00, 0x00, 0x00,
    0x00, 0x00, 0xaf, 0xfd, 0x00, 0x0a, 0xff, 0x90,
    0x00, 0x00, 0x00, 0x00, 0x00, 0x01, 0xef, 0xf5,
    0x00, 0xff, 0xf2, 0x00, 0x00, 0x00, 0x00, 0x00,
    0x00, 0x09, 0xff, 0xb0, 0x4f, 0xfd, 0x00, 0x00,
    0x00, 0x00, 0x00, 0x00, 0x00, 0x3f, 0xff, 0x07,
    0xff, 0xa0, 0x00, 0x00, 0x00, 0x00, 0x00, 0x00,
    0x00, 0xff, 0xf2, 0x9f, 0xf9, 0x00, 0x00, 0x00,
    0x00, 0x00, 0x00, 0x00, 0x0f, 0xff, 0x39, 0xff,
    0x80, 0x00, 0x00, 0x00, 0x00, 0x00, 0x00, 0x00,
    0xdf, 0xf4, 0x9f, 0xf9, 0x00, 0x00, 0x00, 0x00,
    0x00, 0x00, 0x00, 0x0e, 0xff, 0x37, 0xff, 0xa0,
    0x00, 0x00, 0x00, 0x00, 0x00, 0x00, 0x00, 0xff,
    0xf1, 0x4f, 0xfd, 0x00, 0x00, 0x00, 0x00, 0x00,
    0x00, 0x00, 0x3f, 0xfe, 0x00, 0xff, 0xf2, 0x00,
    0x00, 0x00, 0x00, 0x00, 0x00, 0x08, 0xff, 0xa0,
    0x0a, 0xff, 0x90, 0x00, 0x00, 0x00, 0x72, 0x00,
    0x00, 0xef, 0xf5, 0x00, 0x3f, 0xff, 0x40, 0x00,
    0x00, 0x3f, 0xfb, 0x20, 0x9f, 0xfd, 0x00, 0x00,
    0x9f, 0xfe, 0x30, 0x00, 0x05, 0xef, 0xff, 0xaf,
    0xff, 0x40, 0x00, 0x00, 0xcf, 0xff, 0x81, 0x00,
    0x00, 0x5e, 0xff, 0xff, 0x70, 0x00, 0x00, 0x01,
    0xbf, 0xff, 0xfc, 0xa9, 0xbe, 0xff, 0xff, 0xf6,
    0x00, 0x00, 0x00, 0x00, 0x7e, 0xff, 0xff, 0xff,
    0xff, 0xfc, 0xef, 0xfc, 0x40, 0x00, 0x00, 0x00,
    0x05, 0xad, 0xff, 0xec, 0x83, 0x01, 0xbf, 0xff,
    0x80, 0x00, 0x00, 0x00, 0x00, 0x00, 0x00, 0x00,
    0x00, 0x00, 0x4d, 0xf3, 0x00, 0x00, 0x00, 0x00,
    0x00, 0x00, 0x00, 0x00, 0x00, 0x00, 0x03, 0x00,

    /* U+0052 "R" */
    0x7f, 0xff, 0xff, 0xff, 0xff, 0xff, 0xed, 0xa4,
    0x00, 0x00, 0x07, 0xff, 0xff, 0xff, 0xff, 0xff,
    0xff, 0xff, 0xfa, 0x00, 0x00, 0x7f, 0xfc, 0x88,
    0x88, 0x88, 0x89, 0xbf, 0xff, 0xfa, 0x00, 0x07,
    0xff, 0x80, 0x00, 0x00, 0x00, 0x00, 0x09, 0xff,
    0xf3, 0x00, 0x7f, 0xf8, 0x00, 0x00, 0x00, 0x00,
    0x00, 0x0c, 0xff, 0x90, 0x07, 0xff, 0x80, 0x00,
    0x00, 0x00, 0x00, 0x00, 0x6f, 0xfb, 0x00, 0x7f,
    0xf8, 0x00, 0x00, 0x00, 0x00, 0x00, 0x05, 0xff,
    0xc0, 0x07, 0xff, 0x80, 0x00, 0x00, 0x00, 0x00,
    0x00, 0x9f, 0xfa, 0x00, 0x7f, 0xf8, 0x00, 0x00,
    0x00, 0x00, 0x00, 0x3f, 0xff, 0x50, 0x07, 0xff,
    0x80, 0x00, 0x00, 0x00, 0x13, 0x8f, 0xff, 0xd0,
    0x00, 0x7f, 0xff, 0xff, 0xff, 0xff, 0xff, 0xff,
    0xff, 0xd2, 0x00, 0x07, 0xff, 0xff, 0xff, 0xff,
    0xff, 0xff, 0xfe, 0x70, 0x00, 0x00, 0x7f, 0xfd,
    0xaa, 0xaa, 0xbf, 0xff, 0xd3, 0x00, 0x00, 0x00,
    0x07, 0xff, 0x80, 0x00, 0x00, 0x1a, 0xff, 0xe3,
    0x00, 0x00, 0x00, 0x7f, 0xf8, 0x00, 0x00, 0x00,
    0x0b, 0xff, 0xe2, 0x00, 0x00, 0x07, 0xff, 0x80,
    0x00, 0x00, 0x00, 0x0d, 0xff, 0xd0, 0x00, 0x00,
    0x7f, 0xf8, 0x00, 0x00, 0x00, 0x00, 0x3f, 0xff,
    0x90, 0x00, 0x07, 0xff, 0x80, 0x00, 0x00, 0x00,
    0x00, 0x9f, 0xff, 0x40, 0x00, 0x7f, 0xf8, 0x00,
    0x00, 0x00, 0x00, 0x00, 0xef, 0xfd, 0x00, 0x07,
    0xff, 0x80, 0x00, 0x00, 0x00, 0x00, 0x04, 0xff,
    0xf8, 0x00, 0x7f, 0xf8, 0x00, 0x00, 0x00, 0x00,
    0x00, 0x0a, 0xff, 0xf2, 0x07, 0xff, 0x80, 0x00,
    0x00, 0x00, 0x00, 0x00, 0x1f, 0xff, 0xc0, 0x7f,
    0xf8, 0x00, 0x00, 0x00, 0x00, 0x00, 0x00, 0x6f,
    0xff, 0x60,

    /* U+0053 "S" */
    0x00, 0x00, 0x05, 0x9d, 0xef, 0xed, 0x94, 0x00,
    0x00, 0x00, 0x00, 0x4d, 0xff, 0xff, 0xff, 0xff,
    0xfc, 0x30, 0x00, 0x00, 0x4f, 0xff, 0xfd, 0xbb,
    0xbe, 0xff, 0xff, 0x40, 0x00, 0x0e, 0xff, 0xb2,
    0x00, 0x00, 0x03, 0xcf, 0xff, 0x10, 0x06, 0xff,
    0xb0, 0x00, 0x00, 0x00, 0x00, 0xcf, 0xf7, 0x00,
    0x9f, 0xf4, 0x00, 0x00, 0x00, 0x00, 0x04, 0xff,
    0xc0, 0x0a, 0xff, 0x50, 0x00, 0x00, 0x00, 0x00,
    0x0d, 0xca, 0x00, 0x7f, 0xfc, 0x00, 0x00, 0x00,
    0x00, 0x00, 0x00, 0x00, 0x01, 0xff, 0xfc, 0x50,
    0x00, 0x00, 0x00, 0x00, 0x00, 0x00, 0x05, 0xff,
    0xff, 0xfb, 0x74, 0x00, 0x00, 0x00, 0x00, 0x00,
    0x03, 0xdf, 0xff, 0xff, 0xff, 0xc7, 0x20, 0x00,
    0x00, 0x00, 0x00, 0x5a, 0xef, 0xff, 0xff, 0xff,
    0xa1, 0x00, 0x00, 0x00, 0x00, 0x00, 0x37, 0xae,
    0xff, 0xff, 0xe2, 0x00, 0x00, 0x00, 0x00, 0x00,
    0x00, 0x03, 0x9f, 0xff, 0xd0, 0x00, 0x00, 0x00,
    0x00, 0x00, 0x00, 0x00, 0x3e, 0xff, 0x55, 0xab,
    0x40, 0x00, 0x00, 0x00, 0x00, 0x00, 0x7f, 0xf8,
    0x7f, 0xf9, 0x00, 0x00, 0x00, 0x00, 0x00, 0x04,
    0xff, 0xa3, 0xff, 0xf1, 0x00, 0x00, 0x00, 0x00,
    0x00, 0x7f, 0xf8, 0x0d, 0xff, 0xc0, 0x00, 0x00,
    0x00, 0x00, 0x2e, 0xff, 0x30, 0x4f, 0xff, 0xe6,
    0x10, 0x00, 0x01, 0x6e, 0xff, 0xb0, 0x00, 0x5f,
    0xff, 0xff, 0xdc, 0xcd, 0xff, 0xff, 0xd1, 0x00,
    0x00, 0x3d, 0xff, 0xff, 0xff, 0xff, 0xff, 0x91,
    0x00, 0x00, 0x00, 0x04, 0x8c, 0xdf, 0xfe, 0xc7,
    0x20, 0x00, 0x00,

    /* U+0054 "T" */
    0x4f, 0xff, 0xff, 0xff, 0xff, 0xff, 0xff, 0xff,
    0xff, 0xe4, 0xff, 0xff, 0xff, 0xff, 0xff, 0xff,
    0xff, 0xff, 0xfe, 0x2b, 0xbb, 0xbb, 0xbb, 0xef,
    0xfc, 0xbb, 0xbb, 0xbb, 0xa0, 0x00, 0x00, 0x00,
    0x0b, 0xff, 0x50, 0x00, 0x00, 0x00, 0x00, 0x00,
    0x00, 0x00, 0xbf, 0xf5, 0x00, 0x00, 0x00, 0x00,
    0x00, 0x00, 0x00, 0x0b, 0xff, 0x50, 0x00, 0x00,
    0x00, 0x00, 0x00, 0x00, 0x00, 0xbf, 0xf5, 0x00,
    0x00, 0x00, 0x00, 0x00, 0x00, 0x00, 0x0b, 0xff,
    0x50, 0x00, 0x00, 0x00, 0x00, 0x00, 0x00, 0x00,
    0xbf, 0xf5, 0x00, 0x00, 0x00, 0x00, 0x00, 0x00,
    0x00, 0x0b, 0xff, 0x50, 0x00, 0x00, 0x00, 0x00,
    0x00, 0x00, 0x00, 0xbf, 0xf5, 0x00, 0x00, 0x00,
    0x00, 0x00, 0x00, 0x00, 0x0b, 0xff, 0x50, 0x00,
    0x00, 0x00, 0x00, 0x00, 0x00, 0x00, 0xbf, 0xf5,
    0x00, 0x00, 0x00, 0x00, 0x00, 0x00, 0x00, 0x0b,
    0xff, 0x50, 0x00, 0x00, 0x00, 0x00, 0x00, 0x00,
    0x00, 0xbf, 0xf5, 0x00, 0x00, 0x00, 0x00, 0x00,
    0x00, 0x00, 0x0b, 0xff, 0x50, 0x00, 0x00, 0x00,
    0x00, 0x00, 0x00, 0x00, 0xbf, 0xf5, 0x00, 0x00,
    0x00, 0x00, 0x00, 0x00, 0x00, 0x0b, 0xff, 0x50,
    0x00, 0x00, 0x00, 0x00, 0x00, 0x00, 0x00, 0xbf,
    0xf5, 0x00, 0x00, 0x00, 0x00, 0x00, 0x00, 0x00,
    0x0b, 0xff, 0x50, 0x00, 0x00, 0x00, 0x00, 0x00,
    0x00, 0x00, 0xbf, 0xf5, 0x00, 0x00, 0x00, 0x00,
    0x00, 0x00, 0x00, 0x0b, 0xff, 0x50, 0x00, 0x00,
    0x00, 0x00, 0x00, 0x00, 0x00, 0xbf, 0xf5, 0x00,
    0x00, 0x00, 0x00,

    /* U+0055 "U" */
    0x7f, 0xf8, 0x00, 0x00, 0x00, 0x00, 0x00, 0x08,
    0xff, 0x87, 0xff, 0x80, 0x00, 0x00, 0x00, 0x00,
    0x00, 0x8f, 0xf8, 0x7f, 0xf8, 0x00, 0x00, 0x00,
    0x00, 0x00, 0x08, 0xff, 0x87, 0xff, 0x80, 0x00,
    0x00, 0x00, 0x00, 0x00, 0x8f, 0xf8, 0x7f, 0xf8,
    0x00, 0x00, 0x00, 0x00, 0x00, 0x08, 0xff, 0x87,
    0xff, 0x80, 0x00, 0x00, 0x00, 0x00, 0x00, 0x8f,
    0xf8, 0x7f, 0xf8, 0x00, 0x00, 0x00, 0x00, 0x00,
    0x08, 0xff, 0x87, 0xff, 0x80, 0x00, 0x00, 0x00,
    0x00, 0x00, 0x8f, 0xf8, 0x7f, 0xf8, 0x00, 0x00,
    0x00, 0x00, 0x00, 0x08, 0xff, 0x87, 0xff, 0x80,
    0x00, 0x00, 0x00, 0x00, 0x00, 0x8f, 0xf8, 0x7f,
    0xf8, 0x00, 0x00, 0x00, 0x00, 0x00, 0x08, 0xff,
    0x87, 0xff, 0x80, 0x00, 0x00, 0x00, 0x00, 0x00,
    0x8f, 0xf8, 0x7f, 0xf8, 0x00, 0x00, 0x00, 0x00,
    0x00, 0x08, 0xff, 0x87, 0xff, 0x80, 0x00, 0x00,
    0x00, 0x00, 0x00, 0x8f, 0xf8, 0x6f, 0xf9, 0x00,
    0x00, 0x00, 0x00, 0x00, 0x09, 0xff, 0x75, 0xff,
    0xa0, 0x00, 0x00, 0x00, 0x00, 0x00, 0xaf, 0xf6,
    0x3f, 0xfd, 0x00, 0x00, 0x00, 0x00, 0x00, 0x0d,
    0xff, 0x40, 0xff, 0xf3, 0x00, 0x00, 0x00, 0x00,
    0x02, 0xff, 0xf1, 0x0a, 0xff, 0xc0, 0x00, 0x00,
    0x00, 0x00, 0xbf, 0xfb, 0x00, 0x3f, 0xff, 0xd4,
    0x00, 0x00, 0x04, 0xcf, 0xff, 0x30, 0x00, 0x7f,
    0xff, 0xff, 0xdc, 0xcf, 0xff, 0xff, 0x60, 0x00,
    0x00, 0x5e, 0xff, 0xff, 0xff, 0xff, 0xfe, 0x50,
    0x00, 0x00, 0x00, 0x06, 0xad, 0xff, 0xfd, 0xa6,
    0x00, 0x00, 0x00,

    /* U+0056 "V" */
    0xaf, 0xf9, 0x00, 0x00, 0x00, 0x00, 0x00, 0x00,
    0x02, 0xff, 0xe0, 0x4f, 0xfe, 0x00, 0x00, 0x00,
    0x00, 0x00, 0x00, 0x08, 0xff, 0x80, 0x0e, 0xff,
    0x40, 0x00, 0x00, 0x00, 0x00, 0x00, 0x0e, 0xff,
    0x20, 0x08, 0xff, 0xa0, 0x00, 0x00, 0x00, 0x00,
    0x00, 0x4f, 0xfb, 0x00, 0x02, 0xff, 0xf0, 0x00,
    0x00, 0x00, 0x00, 0x00, 0xaf, 0xf5, 0x00, 0x00,
    0xbf, 0xf6, 0x00, 0x00, 0x00, 0x00, 0x01, 0xff,
    0xe0, 0x00, 0x00, 0x5f, 0xfb, 0x00, 0x00, 0x00,
    0x00, 0x06, 0xff, 0x80, 0x00, 0x00, 0x0e, 0xff,
    0x10, 0x00, 0x00, 0x00, 0x0c, 0xff, 0x20, 0x00,
    0x00, 0x09, 0xff, 0x70, 0x00, 0x00, 0x00, 0x2f,
    0xfc, 0x00, 0x00, 0x00, 0x03, 0xff, 0xc0, 0x00,
    0x00, 0x00, 0x8f, 0xf6, 0x00, 0x00, 0x00, 0x00,
    0xcf, 0xf2, 0x00, 0x00, 0x00, 0xef, 0xf0, 0x00,
    0x00, 0x00, 0x00, 0x6f, 0xf8, 0x00, 0x00, 0x04,
    0xff, 0x90, 0x00, 0x00, 0x00, 0x00, 0x1f, 0xfd,
    0x00, 0x00, 0x0a, 0xff, 0x30, 0x00, 0x00, 0x00,
    0x00, 0x0a, 0xff, 0x30, 0x00, 0x0f, 0xfd, 0x00,
    0x00, 0x00, 0x00, 0x00, 0x04, 0xff, 0x90, 0x00,
    0x5f, 0xf7, 0x00, 0x00, 0x00, 0x00, 0x00, 0x00,
    0xdf, 0xe0, 0x00, 0xbf, 0xf1, 0x00, 0x00, 0x00,
    0x00, 0x00, 0x00, 0x7f, 0xf4, 0x01, 0xff, 0xa0,
    0x00, 0x00, 0x00, 0x00, 0x00, 0x00, 0x1f, 0xfa,
    0x07, 0xff, 0x40, 0x00, 0x00, 0x00, 0x00, 0x00,
    0x00, 0x0b, 0xfe, 0x0c, 0xfd, 0x00, 0x00, 0x00,
    0x00, 0x00, 0x00, 0x00, 0x05, 0xff, 0x6f, 0xf7,
    0x00, 0x00, 0x00, 0x00, 0x00, 0x00, 0x00, 0x00,
    0xef, 0xef, 0xf1, 0x00, 0x00, 0x00, 0x00, 0x00,
    0x00, 0x00, 0x00, 0x9f, 0xff, 0xb0, 0x00, 0x00,
    0x00, 0x00, 0x00, 0x00, 0x00, 0x00, 0x2f, 0xff,
    0x50, 0x00, 0x00, 0x00, 0x00,

    /* U+0057 "W" */
    0x7f, 0xf9, 0x00, 0x00, 0x00, 0x00, 0x0c, 0xff,
    0xf2, 0x00, 0x00, 0x00, 0x00, 0x5f, 0xfb, 0x3f,
    0xfd, 0x00, 0x00, 0x00, 0x00, 0x1f, 0xff, 0xf6,
    0x00, 0x00, 0x00, 0x00, 0x9f, 0xf6, 0x0f, 0xff,
    0x10, 0x00, 0x00, 0x00, 0x5f, 0xff, 0xfb, 0x00,
    0x00, 0x00, 0x00, 0xdf, 0xf2, 0x0b, 0xff, 0x40,
    0x00, 0x00, 0x00, 0xaf, 0xeb, 0xff, 0x00, 0x00,
    0x00, 0x01, 0xff, 0xe0, 0x06, 0xff, 0x80, 0x00,
    0x00, 0x00, 0xef, 0xa7, 0xff, 0x40, 0x00, 0x00,
    0x04, 0xff, 0x90, 0x02, 0xff, 0xc0, 0x00, 0x00,
    0x03, 0xff, 0x62, 0xff, 0x80, 0x00, 0x00, 0x08,
    0xff, 0x50, 0x00, 0xef, 0xf0, 0x00, 0x00, 0x07,
    0xff, 0x20, 0xef, 0xd0, 0x00, 0x00, 0x0c, 0xff,
    0x10, 0x00, 0xaf, 0xf3, 0x00, 0x00, 0x0c, 0xfd,
    0x00, 0xaf, 0xf1, 0x00, 0x00, 0x0f, 0xfc, 0x00,
    0x00, 0x5f, 0xf7, 0x00, 0x00, 0x0f, 0xf9, 0x00,
    0x5f, 0xf6, 0x00, 0x00, 0x4f, 0xf8, 0x00, 0x00,
    0x1f, 0xfb, 0x00, 0x00, 0x5f, 0xf4, 0x00, 0x1f,
    0xfa, 0x00, 0x00, 0x8f, 0xf3, 0x00, 0x00, 0x0d,
    0xfe, 0x00, 0x00, 0x9f, 0xf0, 0x00, 0x0c, 0xff,
    0x00, 0x00, 0xcf, 0xf0, 0x00, 0x00, 0x09, 0xff,
    0x20, 0x00, 0xef, 0xb0, 0x00, 0x08, 0xff, 0x30,
    0x00, 0xff, 0xb0, 0x00, 0x00, 0x04, 0xff, 0x60,
    0x02, 0xff, 0x70, 0x00, 0x04, 0xff, 0x70, 0x03,
    0xff, 0x60, 0x00, 0x00, 0x00, 0xff, 0x90, 0x07,
    0xff, 0x30, 0x00, 0x00, 0xff, 0xc0, 0x07, 0xff,
    0x20, 0x00, 0x00, 0x00, 0xcf, 0xd0, 0x0b, 0xfe,
    0x00, 0x00, 0x00, 0xbf, 0xf0, 0x0b, 0xfe, 0x00,
    0x00, 0x00, 0x00, 0x8f, 0xf1, 0x0f, 0xfa, 0x00,
    0x00, 0x00, 0x6f, 0xf4, 0x0f, 0xf9, 0x00, 0x00,
    0x00, 0x00, 0x4f, 0xf4, 0x4f, 0xf5, 0x00, 0x00,
    0x00, 0x2f, 0xf7, 0x3f, 0xf5, 0x00, 0x00, 0x00,
    0x00, 0x0f, 0xf7, 0x8f, 0xf1, 0x00, 0x00, 0x00,
    0x0d, 0xfa, 0x7f, 0xf1, 0x00, 0x00, 0x00, 0x00,
    0x0b, 0xfb, 0xbf, 0xc0, 0x00, 0x00, 0x00, 0x09,
    0xfd, 0xaf, 0xc0, 0x00, 0x00, 0x00, 0x00, 0x07,
    0xfe, 0xff, 0x80, 0x00, 0x00, 0x00, 0x05, 0xff,
    0xef, 0x80, 0x00, 0x00, 0x00, 0x00, 0x03, 0xff,
    0xff, 0x40, 0x00, 0x00, 0x00, 0x01, 0xff, 0xff,
    0x30, 0x00, 0x00, 0x00, 0x00, 0x00, 0xef, 0xff,
    0x00, 0x00, 0x00, 0x00, 0x00, 0xcf, 0xff, 0x00,
    0x00, 0x00, 0x00, 0x00, 0x00, 0xaf, 0xfb, 0x00,
    0x00, 0x00, 0x00, 0x00, 0x7f, 0xfb, 0x00, 0x00,
    0x00,

    /* U+0058 "X" */
    0x07, 0xff, 0xf2, 0x00, 0x00, 0x00, 0x00, 0x00,
    0x3f, 0xff, 0x20, 0x00, 0xbf, 0xfd, 0x00, 0x00,
    0x00, 0x00, 0x00, 0xdf, 0xf6, 0x00, 0x00, 0x1e,
    0xff, 0x80, 0x00, 0x00, 0x00, 0x0a, 0xff, 0xa0,
    0x00, 0x00, 0x05, 0xff, 0xf4, 0x00, 0x00, 0x00,
    0x6f, 0xfd, 0x00, 0x00, 0x00, 0x00, 0x9f, 0xfe,
    0x10, 0x00, 0x03, 0xff, 0xf3, 0x00, 0x00, 0x00,
    0x00, 0x0d, 0xff, 0xa0, 0x00, 0x1d, 0xff, 0x60,
    0x00, 0x00, 0x00, 0x00, 0x03, 0xff, 0xf5, 0x00,
    0xaf, 0xfb, 0x00, 0x00, 0x00, 0x00, 0x00, 0x00,
    0x7f, 0xfe, 0x16, 0xff, 0xe1, 0x00, 0x00, 0x00,
    0x00, 0x00, 0x00, 0x0c, 0xff, 0xbf, 0xff, 0x30,
    0x00, 0x00, 0x00, 0x00, 0x00, 0x00, 0x02, 0xff,
    0xff, 0xf7, 0x00, 0x00, 0x00, 0x00, 0x00, 0x00,
    0x00, 0x00, 0x5f, 0xff, 0xb0, 0x00, 0x00, 0x00,
    0x00, 0x00, 0x00, 0x00, 0x00, 0x5f, 0xff, 0xe0,
    0x00, 0x00, 0x00, 0x00, 0x00, 0x00, 0x00, 0x02,
    0xff, 0xff, 0xfa, 0x00, 0x00, 0x00, 0x00, 0x00,
    0x00, 0x00, 0x0c, 0xff, 0xaf, 0xff, 0x50, 0x00,
    0x00, 0x00, 0x00, 0x00, 0x00, 0x9f, 0xfd, 0x08,
    0xff, 0xf2, 0x00, 0x00, 0x00, 0x00, 0x00, 0x05,
    0xff, 0xf2, 0x00, 0xdf, 0xfc, 0x00, 0x00, 0x00,
    0x00, 0x00, 0x1e, 0xff, 0x60, 0x00, 0x3f, 0xff,
    0x80, 0x00, 0x00, 0x00, 0x00, 0xcf, 0xfb, 0x00,
    0x00, 0x07, 0xff, 0xf3, 0x00, 0x00, 0x00, 0x08,
    0xff, 0xe1, 0x00, 0x00, 0x00, 0xcf, 0xfd, 0x00,
    0x00, 0x00, 0x4f, 0xff, 0x40, 0x00, 0x00, 0x00,
    0x1f, 0xff, 0xa0, 0x00, 0x01, 0xef, 0xf9, 0x00,
    0x00, 0x00, 0x00, 0x05, 0xff, 0xf5, 0x00, 0x0b,
    0xff, 0xd0, 0x00, 0x00, 0x00, 0x00, 0x00, 0xaf,
    0xff, 0x20, 0x7f, 0xff, 0x20, 0x00, 0x00, 0x00,
    0x00, 0x00, 0x1e, 0xff, 0xc0,

    /* U+0059 "Y" */
    0x9f, 0xff, 0x20, 0x00, 0x00, 0x00, 0x00, 0x00,
    0x0c, 0xff, 0xb0, 0x0d, 0xff, 0xc0, 0x00, 0x00,
    0x00, 0x00, 0x00, 0x6f, 0xff, 0x10, 0x03, 0xff,
    0xf6, 0x00, 0x00, 0x00, 0x00, 0x02, 0xff, 0xf5,
    0x00, 0x00, 0x9f, 0xff, 0x10, 0x00, 0x00, 0x00,
    0x0b, 0xff, 0xa0, 0x00, 0x00, 0x0d, 0xff, 0xb0,
    0x00, 0x00, 0x00, 0x6f, 0xfe, 0x10, 0x00, 0x00,
    0x03, 0xff, 0xf5, 0x00, 0x00, 0x01, 0xff, 0xf4,
    0x00, 0x00, 0x00, 0x00, 0x9f, 0xfe, 0x10, 0x00,
    0x0b, 0xff, 0x90, 0x00, 0x00, 0x00, 0x00, 0x0d,
    0xff, 0xa0, 0x00, 0x5f, 0xfd, 0x00, 0x00, 0x00,
    0x00, 0x00, 0x04, 0xff, 0xf3, 0x01, 0xef, 0xf3,
    0x00, 0x00, 0x00, 0x00, 0x00, 0x00, 0x9f, 0xfd,
    0x09, 0xff, 0x80, 0x00, 0x00, 0x00, 0x00, 0x00,
    0x00, 0x0d, 0xff, 0x9f, 0xfd, 0x00, 0x00, 0x00,
    0x00, 0x00, 0x00, 0x00, 0x04, 0xff, 0xff, 0xf2,
    0x00, 0x00, 0x00, 0x00, 0x00, 0x00, 0x00, 0x00,
    0x9f, 0xff, 0x70, 0x00, 0x00, 0x00, 0x00, 0x00,
    0x00, 0x00, 0x00, 0x1f, 0xff, 0x00, 0x00, 0x00,
    0x00, 0x00, 0x00, 0x00, 0x00, 0x00, 0x1f, 0xff,
    0x00, 0x00, 0x00, 0x00, 0x00, 0x00, 0x00, 0x00,
    0x00, 0x1f, 0xff, 0x00, 0x00, 0x00, 0x00, 0x00,
    0x00, 0x00, 0x00, 0x00, 0x1f, 0xff, 0x00, 0x00,
    0x00, 0x00, 0x00, 0x00, 0x00, 0x00, 0x00, 0x1f,
    0xff, 0x00, 0x00, 0x00, 0x00, 0x00, 0x00, 0x00,
    0x00, 0x00, 0x1f, 0xff, 0x00, 0x00, 0x00, 0x00,
    0x00, 0x00, 0x00, 0x00, 0x00, 0x1f, 0xff, 0x00,
    0x00, 0x00, 0x00, 0x00, 0x00, 0x00, 0x00, 0x00,
    0x1f, 0xff, 0x00, 0x00, 0x00, 0x00, 0x00, 0x00,
    0x00, 0x00, 0x00, 0x1f, 0xff, 0x00, 0x00, 0x00,
    0x00, 0x00, 0x00, 0x00, 0x00, 0x00, 0x1f, 0xff,
    0x00, 0x00, 0x00, 0x00, 0x00,

    /* U+005A "Z" */
    0x00, 0xff, 0xff, 0xff, 0xff, 0xff, 0xff, 0xff,
    0xff, 0x60, 0x0f, 0xff, 0xff, 0xff, 0xff, 0xff,
    0xff, 0xff, 0xf6, 0x00, 0xbb, 0xbb, 0xbb, 0xbb,
    0xbb, 0xbb, 0xdf, 0xff, 0x50, 0x00, 0x00, 0x00,
    0x00, 0x00, 0x00, 0x1d, 0xff, 0xb0, 0x00, 0x00,
    0x00, 0x00, 0x00, 0x00, 0x0c, 0xff, 0xd1, 0x00,
    0x00, 0x00, 0x00, 0x00, 0x00, 0x0a, 0xff, 0xf2,
    0x00, 0x00, 0x00, 0x00, 0x00, 0x00, 0x07, 0xff,
    0xf5, 0x00, 0x00, 0x00, 0x00, 0x00, 0x00, 0x04,
    0xff, 0xf8, 0x00, 0x00, 0x00, 0x00, 0x00, 0x00,
    0x02, 0xef, 0xfb, 0x00, 0x00, 0x00, 0x00, 0x00,
    0x00, 0x00, 0xdf, 0xfd, 0x00, 0x00, 0x00, 0x00,
    0x00, 0x00, 0x00, 0xaf, 0xff, 0x20, 0x00, 0x00,
    0x00, 0x00, 0x00, 0x00, 0x7f, 0xff, 0x40, 0x00,
    0x00, 0x00, 0x00, 0x00, 0x00, 0x4f, 0xff, 0x70,
    0x00, 0x00, 0x00, 0x00, 0x00, 0x00, 0x1e, 0xff,
    0xa0, 0x00, 0x00, 0x00, 0x00, 0x00, 0x00, 0x0c,
    0xff, 0xd0, 0x00, 0x00, 0x00, 0x00, 0x00, 0x00,
    0x0a, 0xff, 0xe2, 0x00, 0x00, 0x00, 0x00, 0x00,
    0x00, 0x06, 0xff, 0xf4, 0x00, 0x00, 0x00, 0x00,
    0x00, 0x00, 0x03, 0xff, 0xf7, 0x00, 0x00, 0x00,
    0x00, 0x00, 0x00, 0x01, 0xef, 0xfa, 0x00, 0x00,
    0x00, 0x00, 0x00, 0x00, 0x00, 0xcf, 0xfc, 0x00,
    0x00, 0x00, 0x00, 0x00, 0x00, 0x00, 0x5f, 0xff,
    0xcb, 0xbb, 0xbb, 0xbb, 0xbb, 0xbb, 0xbb, 0x85,
    0xff, 0xff, 0xff, 0xff, 0xff, 0xff, 0xff, 0xff,
    0xfc, 0x5f, 0xff, 0xff, 0xff, 0xff, 0xff, 0xff,
    0xff, 0xff, 0xc0,

    /* U+005B "[" */
    0xdf, 0xff, 0xff, 0x6d, 0xff, 0xff, 0xf6, 0xdf,
    0xf5, 0x55, 0x2d, 0xff, 0x00, 0x00, 0xdf, 0xf0,
    0x00, 0x0d, 0xff, 0x00, 0x00, 0xdf, 0xf0, 0x00,
    0x0d, 0xff, 0x00, 0x00, 0xdf, 0xf0, 0x00, 0x0d,
    0xff, 0x00, 0x00, 0xdf, 0xf0, 0x00, 0x0d, 0xff,
    0x00, 0x00, 0xdf, 0xf0, 0x00, 0x0d, 0xff, 0x00,
    0x00, 0xdf, 0xf0, 0x00, 0x0d, 0xff, 0x00, 0x00,
    0xdf, 0xf0, 0x00, 0x0d, 0xff, 0x00, 0x00, 0xdf,
    0xf0, 0x00, 0x0d, 0xff, 0x00, 0x00, 0xdf, 0xf0,
    0x00, 0x0d, 0xff, 0x00, 0x00, 0xdf, 0xf0, 0x00,
    0x0d, 0xff, 0x00, 0x00, 0xdf, 0xf0, 0x00, 0x0d,
    0xff, 0x00, 0x00, 0xdf, 0xf5, 0x55, 0x2d, 0xff,
    0xff, 0xf6, 0xdf, 0xff, 0xff, 0x60,

    /* U+005C "\\" */
    0xdf, 0x60, 0x00, 0x00, 0x09, 0xfb, 0x00, 0x00,
    0x00, 0x4f, 0xf0, 0x00, 0x00, 0x00, 0xff, 0x40,
    0x00, 0x00, 0x0b, 0xf8, 0x00, 0x00, 0x00, 0x6f,
    0xd0, 0x00, 0x00, 0x02, 0xff, 0x20, 0x00, 0x00,
    0x0d, 0xf6, 0x00, 0x00, 0x00, 0x8f, 0xb0, 0x00,
    0x00, 0x04, 0xff, 0x00, 0x00, 0x00, 0x0f, 0xf4,
    0x00, 0x00, 0x00, 0xaf, 0x90, 0x00, 0x00, 0x06,
    0xfd, 0x00, 0x00, 0x00, 0x1f, 0xf2, 0x00, 0x00,
    0x00, 0xdf, 0x70, 0x00, 0x00, 0x08, 0xfb, 0x00,
    0x00, 0x00, 0x3f, 0xf0, 0x00, 0x00, 0x00, 0xef,
    0x40, 0x00, 0x00, 0x0a, 0xf9, 0x00, 0x00, 0x00,
    0x5f, 0xe0, 0x00, 0x00, 0x01, 0xff, 0x20, 0x00,
    0x00, 0x0c, 0xf7, 0x00, 0x00, 0x00, 0x8f, 0xb0,

    /* U+005D "]" */
    0x6f, 0xff, 0xff, 0xd6, 0xff, 0xff, 0xfd, 0x25,
    0x55, 0xff, 0xd0, 0x00, 0x0f, 0xfd, 0x00, 0x00,
    0xff, 0xd0, 0x00, 0x0f, 0xfd, 0x00, 0x00, 0xff,
    0xd0, 0x00, 0x0f, 0xfd, 0x00, 0x00, 0xff, 0xd0,
    0x00, 0x0f, 0xfd, 0x00, 0x00, 0xff, 0xd0, 0x00,
    0x0f, 0xfd, 0x00, 0x00, 0xff, 0xd0, 0x00, 0x0f,
    0xfd, 0x00, 0x00, 0xff, 0xd0, 0x00, 0x0f, 0xfd,
    0x00, 0x00, 0xff, 0xd0, 0x00, 0x0f, 0xfd, 0x00,
    0x00, 0xff, 0xd0, 0x00, 0x0f, 0xfd, 0x00, 0x00,
    0xff, 0xd0, 0x00, 0x0f, 0xfd, 0x00, 0x00, 0xff,
    0xd0, 0x00, 0x0f, 0xfd, 0x00, 0x00, 0xff, 0xd0,
    0x00, 0x0f, 0xfd, 0x25, 0x55, 0xff, 0xd6, 0xff,
    0xff, 0xfd, 0x6f, 0xff, 0xff, 0xd0,

    /* U+005E "^" */
    0x00, 0x00, 0x00, 0x68, 0x50, 0x00, 0x00, 0x00,
    0x00, 0x00, 0x1f, 0xff, 0x10, 0x00, 0x00, 0x00,
    0x00, 0x08, 0xff, 0xf8, 0x00, 0x00, 0x00, 0x00,
    0x00, 0xef, 0xff, 0xe0, 0x00, 0x00, 0x00, 0x00,
    0x6f, 0xf5, 0xff, 0x60, 0x00, 0x00, 0x00, 0x0d,
    0xfc, 0x0c, 0xfd, 0x00, 0x00, 0x00, 0x04, 0xff,
    0x50, 0x5f, 0xf4, 0x00, 0x00, 0x00, 0xbf, 0xe0,
    0x00, 0xef, 0xb0, 0x00, 0x00, 0x2f, 0xf8, 0x00,
    0x08, 0xff, 0x20, 0x00, 0x09, 0xff, 0x20, 0x00,
    0x1f, 0xf9, 0x00, 0x01, 0xff, 0xb0, 0x00, 0x00,
    0xbf, 0xf1, 0x00, 0x7f, 0xf5, 0x00, 0x00, 0x04,
    0xff, 0x80, 0x0e, 0xfe, 0x00, 0x00, 0x00, 0x0d,
    0xfe, 0x00,

    /* U+005F "_" */
    0x00, 0x00, 0x00, 0x00, 0x00, 0x00, 0x00, 0x00,
    0x00, 0x00, 0x7f, 0xff, 0xff, 0xff, 0xff, 0xff,
    0xff, 0xff, 0xff, 0xf2, 0x7f, 0xff, 0xff, 0xff,
    0xff, 0xff, 0xff, 0xff, 0xff, 0xf2,

    /* U+0060 "`" */
    0x26, 0x66, 0x10, 0x00, 0xdf, 0xf9, 0x00, 0x02,
    0xef, 0xf1, 0x00, 0x04, 0xff, 0x80, 0x00, 0x06,
    0xff, 0x10,

    /* U+0061 "a" */
    0x00, 0x00, 0x7b, 0xef, 0xfe, 0xc7, 0x10, 0x00,
    0x00, 0x5f, 0xff, 0xff, 0xff, 0xff, 0xf4, 0x00,
    0x04, 0xff, 0xfa, 0x65, 0x68, 0xef, 0xfe, 0x00,
    0x0d, 0xff, 0x40, 0x00, 0x00, 0x1e, 0xff, 0x50,
    0x3f, 0xfb, 0x00, 0x00, 0x00, 0x07, 0xff, 0x70,
    0x02, 0x42, 0x00, 0x00, 0x00, 0x04, 0xff, 0x80,
    0x00, 0x00, 0x00, 0x00, 0x02, 0x5b, 0xff, 0x80,
    0x00, 0x01, 0x58, 0xbd, 0xff, 0xff, 0xff, 0x80,
    0x00, 0x9f, 0xff, 0xff, 0xff, 0xdb, 0xff, 0x80,
    0x0c, 0xff, 0xfc, 0x97, 0x41, 0x04, 0xff, 0x80,
    0x6f, 0xfd, 0x20, 0x00, 0x00, 0x05, 0xff, 0x80,
    0xbf, 0xf4, 0x00, 0x00, 0x00, 0x08, 0xff, 0x80,
    0xdf, 0xf3, 0x00, 0x00, 0x00, 0x1e, 0xff, 0x90,
    0xbf, 0xf9, 0x00, 0x00, 0x01, 0xbf, 0xff, 0x90,
    0x4f, 0xff, 0xa5, 0x35, 0x8e, 0xff, 0xff, 0xa0,
    0x08, 0xff, 0xff, 0xff, 0xff, 0xe4, 0xff, 0xd0,
    0x00, 0x4a, 0xef, 0xfe, 0xb6, 0x00, 0xbf, 0xf3,

    /* U+0062 "b" */
    0xef, 0xe0, 0x00, 0x00, 0x00, 0x00, 0x00, 0x0e,
    0xfe, 0x00, 0x00, 0x00, 0x00, 0x00, 0x00, 0xef,
    0xe0, 0x00, 0x00, 0x00, 0x00, 0x00, 0x0e, 0xfe,
    0x00, 0x00, 0x00, 0x00, 0x00, 0x00, 0xef, 0xe0,
    0x00, 0x00, 0x00, 0x00, 0x00, 0x0e, 0xfe, 0x00,
    0x00, 0x00, 0x00, 0x00, 0x00, 0xef, 0xe0, 0x2a,
    0xef, 0xea, 0x40, 0x00, 0x0e, 0xfe, 0x6f, 0xff,
    0xff, 0xff, 0xb0, 0x00, 0xef, 0xff, 0xfb, 0x65,
    0x8f, 0xff, 0xb0, 0x0e, 0xff, 0xf6, 0x00, 0x00,
    0x2e, 0xff, 0x50, 0xef, 0xf9, 0x00, 0x00, 0x00,
    0x4f, 0xfc, 0x0e, 0xff, 0x20, 0x00, 0x00, 0x00,
    0xdf, 0xf1, 0xef, 0xd0, 0x00, 0x00, 0x00, 0x09,
    0xff, 0x5e, 0xfb, 0x00, 0x00, 0x00, 0x00, 0x7f,
    0xf6, 0xef, 0xa0, 0x00, 0x00, 0x00, 0x06, 0xff,
    0x7e, 0xfb, 0x00, 0x00, 0x00, 0x00, 0x7f, 0xf6,
    0xef, 0xd0, 0x00, 0x00, 0x00, 0x09, 0xff, 0x4e,
    0xff, 0x00, 0x00, 0x00, 0x00, 0xdf, 0xf1, 0xef,
    0xf7, 0x00, 0x00, 0x00, 0x5f, 0xfb, 0x0e, 0xff,
    0xf4, 0x00, 0x00, 0x3e, 0xff, 0x30, 0xef, 0xef,
    0xfa, 0x65, 0x9f, 0xff, 0x80, 0x0e, 0xfb, 0x7f,
    0xff, 0xff, 0xff, 0x70, 0x00, 0xef, 0xb0, 0x3b,
    0xef, 0xe9, 0x20, 0x00, 0x00,

    /* U+0063 "c" */
    0x00, 0x00, 0x4a, 0xdf, 0xfd, 0x92, 0x00, 0x00,
    0x01, 0xbf, 0xff, 0xff, 0xff, 0xf6, 0x00, 0x00,
    0xdf, 0xfe, 0x85, 0x6b, 0xff, 0xf4, 0x00, 0x9f,
    0xfb, 0x00, 0x00, 0x06, 0xff, 0xd0, 0x0f, 0xfe,
    0x10, 0x00, 0x00, 0x0b, 0xff, 0x45, 0xff, 0x80,
    0x00, 0x00, 0x00, 0x37, 0x51, 0x9f, 0xf5, 0x00,
    0x00, 0x00, 0x00, 0x00, 0x0a, 0xff, 0x30, 0x00,
    0x00, 0x00, 0x00, 0x00, 0xbf, 0xf2, 0x00, 0x00,
    0x00, 0x00, 0x00, 0x0b, 0xff, 0x30, 0x00, 0x00,
    0x00, 0x00, 0x00, 0x9f, 0xf4, 0x00, 0x00, 0x00,
    0x00, 0x42, 0x06, 0xff, 0x80, 0x00, 0x00, 0x00,
    0x3f, 0xf9, 0x1f, 0xfe, 0x00, 0x00, 0x00, 0x09,
    0xff, 0x40, 0x9f, 0xfb, 0x00, 0x00, 0x05, 0xff,
    0xd0, 0x00, 0xdf, 0xfe, 0x75, 0x6b, 0xff, 0xf3,
    0x00, 0x01, 0xcf, 0xff, 0xff, 0xff, 0xe4, 0x00,
    0x00, 0x00, 0x5a, 0xef, 0xfc, 0x81, 0x00, 0x00,

    /* U+0064 "d" */
    0x00, 0x00, 0x00, 0x00, 0x00, 0x05, 0xff, 0x70,
    0x00, 0x00, 0x00, 0x00, 0x00, 0x5f, 0xf7, 0x00,
    0x00, 0x00, 0x00, 0x00, 0x05, 0xff, 0x70, 0x00,
    0x00, 0x00, 0x00, 0x00, 0x5f, 0xf7, 0x00, 0x00,
    0x00, 0x00, 0x00, 0x05, 0xff, 0x70, 0x00, 0x00,
    0x00, 0x00, 0x00, 0x5f, 0xf7, 0x00, 0x00, 0x7c,
    0xff, 0xc7, 0x05, 0xff, 0x70, 0x03, 0xef, 0xff,
    0xff, 0xfd, 0x6f, 0xf7, 0x02, 0xff, 0xfc, 0x75,
    0x8e, 0xff, 0xff, 0x70, 0xbf, 0xf9, 0x00, 0x00,
    0x0b, 0xff, 0xf7, 0x3f, 0xfc, 0x00, 0x00, 0x00,
    0x1e, 0xff, 0x77, 0xff, 0x60, 0x00, 0x00, 0x00,
    0x8f, 0xf7, 0xbf, 0xf2, 0x00, 0x00, 0x00, 0x04,
    0xff, 0x7d, 0xff, 0x00, 0x00, 0x00, 0x00, 0x2f,
    0xf7, 0xef, 0xf0, 0x00, 0x00, 0x00, 0x01, 0xff,
    0x7d, 0xff, 0x00, 0x00, 0x00, 0x00, 0x1f, 0xf7,
    0xbf, 0xf2, 0x00, 0x00, 0x00, 0x03, 0xff, 0x77,
    0xff, 0x60, 0x00, 0x00, 0x00, 0x7f, 0xf7, 0x2f,
    0xfd, 0x00, 0x00, 0x00, 0x0d, 0xff, 0x70, 0xaf,
    0xfa, 0x00, 0x00, 0x0a, 0xff, 0xf7, 0x01, 0xef,
    0xfd, 0x75, 0x7d, 0xfe, 0xff, 0x70, 0x01, 0xdf,
    0xff, 0xff, 0xfe, 0x4f, 0xf7, 0x00, 0x00, 0x6c,
    0xff, 0xd8, 0x12, 0xff, 0x70,

    /* U+0065 "e" */
    0x00, 0x00, 0x4a, 0xdf, 0xfd, 0x92, 0x00, 0x00,
    0x00, 0x0a, 0xff, 0xff, 0xff, 0xff, 0x80, 0x00,
    0x00, 0xcf, 0xfe, 0x85, 0x59, 0xff, 0xf9, 0x00,
    0x08, 0xff, 0xb0, 0x00, 0x00, 0x1d, 0xff, 0x50,
    0x1f, 0xfd, 0x00, 0x00, 0x00, 0x02, 0xff, 0xc0,
    0x6f, 0xf7, 0x00, 0x00, 0x00, 0x00, 0xcf, 0xf1,
    0xaf, 0xf8, 0x55, 0x55, 0x55, 0x55, 0xbf, 0xf5,
    0xcf, 0xff, 0xff, 0xff, 0xff, 0xff, 0xff, 0xf6,
    0xcf, 0xff, 0xff, 0xff, 0xff, 0xff, 0xff, 0xf7,
    0xcf, 0xf2, 0x00, 0x00, 0x00, 0x00, 0x00, 0x00,
    0xaf, 0xf4, 0x00, 0x00, 0x00, 0x00, 0x00, 0x00,
    0x7f, 0xf9, 0x00, 0x00, 0x00, 0x00, 0x89, 0x72,
    0x2f, 0xff, 0x20, 0x00, 0x00, 0x02, 0xff, 0xf1,
    0x0a, 0xff, 0xd1, 0x00, 0x00, 0x1d, 0xff, 0x90,
    0x01, 0xdf, 0xff, 0x95, 0x58, 0xff, 0xfd, 0x00,
    0x00, 0x1c, 0xff, 0xff, 0xff, 0xff, 0xc1, 0x00,
    0x00, 0x00, 0x4a, 0xdf, 0xfe, 0xa5, 0x00, 0x00,

    /* U+0066 "f" */
    0x00, 0x00, 0x5c, 0xef, 0xeb, 0x00, 0x07, 0xff,
    0xff, 0xfc, 0x00, 0x0f, 0xff, 0xda, 0xa7, 0x00,
    0x2f, 0xfd, 0x00, 0x00, 0x00, 0x3f, 0xf9, 0x00,
    0x00, 0x00, 0x3f, 0xf9, 0x00, 0x00, 0xbf, 0xff,
    0xff, 0xff, 0xd0, 0xbf, 0xff, 0xff, 0xff, 0xd0,
    0x23, 0x5f, 0xfa, 0x33, 0x20, 0x00, 0x3f, 0xf9,
    0x00, 0x00, 0x00, 0x3f, 0xf9, 0x00, 0x00, 0x00,
    0x3f, 0xf9, 0x00, 0x00, 0x00, 0x3f, 0xf9, 0x00,
    0x00, 0x00, 0x3f, 0xf9, 0x00, 0x00, 0x00, 0x3f,
    0xf9, 0x00, 0x00, 0x00, 0x3f, 0xf9, 0x00, 0x00,
    0x00, 0x3f, 0xf9, 0x00, 0x00, 0x00, 0x3f, 0xf9,
    0x00, 0x00, 0x00, 0x3f, 0xf9, 0x00, 0x00, 0x00,
    0x3f, 0xf9, 0x00, 0x00, 0x00, 0x3f, 0xf9, 0x00,
    0x00, 0x00, 0x3f, 0xf9, 0x00, 0x00, 0x00, 0x3f,
    0xf9, 0x00, 0x00,

    /* U+0067 "g" */
    0x00, 0x00, 0x7c, 0xff, 0xd8, 0x10, 0xff, 0xa0,
    0x02, 0xef, 0xff, 0xff, 0xfe, 0x3f, 0xfa, 0x02,
    0xef, 0xfd, 0x75, 0x7e, 0xff, 0xff, 0xa0, 0xbf,
    0xf9, 0x00, 0x00, 0x0b, 0xff, 0xfa, 0x3f, 0xfc,
    0x00, 0x00, 0x00, 0x0d, 0xff, 0xa8, 0xff, 0x50,
    0x00, 0x00, 0x00, 0x7f, 0xfa, 0xcf, 0xf1, 0x00,
    0x00, 0x00, 0x02, 0xff, 0xad, 0xff, 0x00, 0x00,
    0x00, 0x00, 0x0f, 0xfa, 0xff, 0xe0, 0x00, 0x00,
    0x00, 0x00, 0xff, 0xae, 0xff, 0x00, 0x00, 0x00,
    0x00, 0x0f, 0xfa, 0xcf, 0xf1, 0x00, 0x00, 0x00,
    0x02, 0xff, 0xa9, 0xff, 0x50, 0x00, 0x00, 0x00,
    0x6f, 0xfa, 0x3f, 0xfc, 0x00, 0x00, 0x00, 0x0d,
    0xff, 0xa0, 0xbf, 0xf9, 0x00, 0x00, 0x09, 0xff,
    0xfa, 0x02, 0xef, 0xfd, 0x75, 0x7d, 0xff, 0xff,
    0xa0, 0x03, 0xef, 0xff, 0xff, 0xfe, 0x6f, 0xf9,
    0x00, 0x01, 0x7c, 0xef, 0xd8, 0x13, 0xff, 0x80,
    0x00, 0x00, 0x00, 0x00, 0x00, 0x5f, 0xf6, 0x4b,
    0x93, 0x00, 0x00, 0x00, 0x0a, 0xff, 0x33, 0xff,
    0xc0, 0x00, 0x00, 0x05, 0xff, 0xd0, 0x0d, 0xff,
    0xe8, 0x65, 0x7c, 0xff, 0xf3, 0x00, 0x2d, 0xff,
    0xff, 0xff, 0xff, 0xe4, 0x00, 0x00, 0x05, 0xbe,
    0xff, 0xdb, 0x60, 0x00, 0x00,

    /* U+0068 "h" */
    0xef, 0xe0, 0x00, 0x00, 0x00, 0x00, 0x00, 0xef,
    0xe0, 0x00, 0x00, 0x00, 0x00, 0x00, 0xef, 0xe0,
    0x00, 0x00, 0x00, 0x00, 0x00, 0xef, 0xe0, 0x00,
    0x00, 0x00, 0x00, 0x00, 0xef, 0xe0, 0x00, 0x00,
    0x00, 0x00, 0x00, 0xef, 0xe0, 0x00, 0x00, 0x00,
    0x00, 0x00, 0xef, 0xe0, 0x18, 0xdf, 0xec, 0x71,
    0x00, 0xef, 0xe4, 0xff, 0xff, 0xff, 0xfe, 0x20,
    0xef, 0xff, 0xfd, 0x87, 0xaf, 0xff, 0xd0, 0xef,
    0xff, 0x70, 0x00, 0x02, 0xef, 0xf4, 0xef, 0xf9,
    0x00, 0x00, 0x00, 0x7f, 0xf7, 0xef, 0xf3, 0x00,
    0x00, 0x00, 0x4f, 0xf9, 0xef, 0xf0, 0x00, 0x00,
    0x00, 0x3f, 0xf9, 0xef, 0xf0, 0x00, 0x00, 0x00,
    0x3f, 0xfa, 0xef, 0xe0, 0x00, 0x00, 0x00, 0x3f,
    0xfa, 0xef, 0xe0, 0x00, 0x00, 0x00, 0x3f, 0xfa,
    0xef, 0xe0, 0x00, 0x00, 0x00, 0x3f, 0xfa, 0xef,
    0xe0, 0x00, 0x00, 0x00, 0x3f, 0xfa, 0xef, 0xe0,
    0x00, 0x00, 0x00, 0x3f, 0xfa, 0xef, 0xe0, 0x00,
    0x00, 0x00, 0x3f, 0xfa, 0xef, 0xe0, 0x00, 0x00,
    0x00, 0x3f, 0xfa, 0xef, 0xe0, 0x00, 0x00, 0x00,
    0x3f, 0xfa, 0xef, 0xe0, 0x00, 0x00, 0x00, 0x3f,
    0xfa,

    /* U+0069 "i" */
    0xef, 0xfe, 0xff, 0xef, 0xf3, 0x43, 0x00, 0x00,
    0x00, 0xef, 0xfe, 0xff, 0xef, 0xfe, 0xff, 0xef,
    0xfe, 0xff, 0xef, 0xfe, 0xff, 0xef, 0xfe, 0xff,
    0xef, 0xfe, 0xff, 0xef, 0xfe, 0xff, 0xef, 0xfe,
    0xff, 0xef, 0xf0,

    /* U+006A "j" */
    0x00, 0x00, 0xef, 0xe0, 0x00, 0x0e, 0xfe, 0x00,
    0x00, 0xef, 0xe0, 0x00, 0x04, 0x44, 0x00, 0x00,
    0x00, 0x00, 0x00, 0x00, 0x00, 0x00, 0x00, 0xef,
    0xe0, 0x00, 0x0e, 0xfe, 0x00, 0x00, 0xef, 0xe0,
    0x00, 0x0e, 0xfe, 0x00, 0x00, 0xef, 0xe0, 0x00,
    0x0e, 0xfe, 0x00, 0x00, 0xef, 0xe0, 0x00, 0x0e,
    0xfe, 0x00, 0x00, 0xef, 0xe0, 0x00, 0x0e, 0xfe,
    0x00, 0x00, 0xef, 0xe0, 0x00, 0x0e, 0xfe, 0x00,
    0x00, 0xef, 0xe0, 0x00, 0x0e, 0xfe, 0x00, 0x00,
    0xef, 0xe0, 0x00, 0x0e, 0xfe, 0x00, 0x00, 0xef,
    0xe0, 0x00, 0x0e, 0xfe, 0x00, 0x00, 0xff, 0xd0,
    0x00, 0x2f, 0xfb, 0x09, 0x8d, 0xff, 0x83, 0xff,
    0xff, 0xe1, 0x4e, 0xfe, 0xb2, 0x00,

    /* U+006B "k" */
    0xef, 0xf0, 0x00, 0x00, 0x00, 0x00, 0x00, 0xef,
    0xf0, 0x00, 0x00, 0x00, 0x00, 0x00, 0xef, 0xf0,
    0x00, 0x00, 0x00, 0x00, 0x00, 0xef, 0xf0, 0x00,
    0x00, 0x00, 0x00, 0x00, 0xef, 0xf0, 0x00, 0x00,
    0x00, 0x00, 0x00, 0xef, 0xf0, 0x00, 0x00, 0x00,
    0x00, 0x00, 0xef, 0xf0, 0x00, 0x00, 0x1d, 0xff,
    0xb0, 0xef, 0xf0, 0x00, 0x00, 0xcf, 0xfb, 0x00,
    0xef, 0xf0, 0x00, 0x0c, 0xff, 0xb0, 0x00, 0xef,
    0xf0, 0x00, 0xbf, 0xfb, 0x00, 0x00, 0xef, 0xf0,
    0x0b, 0xff, 0xb0, 0x00, 0x00, 0xef, 0xf0, 0xaf,
    0xfa, 0x00, 0x00, 0x00, 0xef, 0xfa, 0xff, 0xf1,
    0x00, 0x00, 0x00, 0xef, 0xff, 0xff, 0xfa, 0x00,
    0x00, 0x00, 0xef, 0xff, 0xbe, 0xff, 0x50, 0x00,
    0x00, 0xef, 0xfb, 0x05, 0xff, 0xe1, 0x00, 0x00,
    0xef, 0xf0, 0x00, 0xbf, 0xfa, 0x00, 0x00, 0xef,
    0xf0, 0x00, 0x1f, 0xff, 0x40, 0x00, 0xef, 0xf0,
    0x00, 0x07, 0xff, 0xe0, 0x00, 0xef, 0xf0, 0x00,
    0x00, 0xcf, 0xf9, 0x00, 0xef, 0xf0, 0x00, 0x00,
    0x3f, 0xff, 0x30, 0xef, 0xf0, 0x00, 0x00, 0x08,
    0xff, 0xd0, 0xef, 0xf0, 0x00, 0x00, 0x00, 0xdf,
    0xf8,

    /* U+006C "l" */
    0xff, 0xdf, 0xfd, 0xff, 0xdf, 0xfd, 0xff, 0xdf,
    0xfd, 0xff, 0xdf, 0xfd, 0xff, 0xdf, 0xfd, 0xff,
    0xdf, 0xfd, 0xff, 0xdf, 0xfd, 0xff, 0xdf, 0xfd,
    0xff, 0xdf, 0xfd, 0xff, 0xdf, 0xfd, 0xff, 0xdf,
    0xfd, 0xff, 0xd0,

    /* U+006D "m" */
    0xef, 0xa0, 0x29, 0xdf, 0xeb, 0x40, 0x00, 0x2a,
    0xef, 0xea, 0x30, 0x0e, 0xfa, 0x5f, 0xff, 0xff,
    0xff, 0x70, 0x6f, 0xff, 0xff, 0xff, 0x50, 0xef,
    0xdf, 0xfc, 0x88, 0xcf, 0xff, 0x7f, 0xfa, 0x78,
    0xdf, 0xff, 0x0e, 0xff, 0xf5, 0x00, 0x00, 0xbf,
    0xff, 0xe3, 0x00, 0x00, 0xdf, 0xf5, 0xef, 0xf9,
    0x00, 0x00, 0x04, 0xff, 0xf5, 0x00, 0x00, 0x06,
    0xff, 0x8e, 0xff, 0x30, 0x00, 0x00, 0x1f, 0xff,
    0x00, 0x00, 0x00, 0x4f, 0xf9, 0xef, 0xf0, 0x00,
    0x00, 0x00, 0xff, 0xd0, 0x00, 0x00, 0x03, 0xff,
    0x9e, 0xff, 0x00, 0x00, 0x00, 0x0f, 0xfc, 0x00,
    0x00, 0x00, 0x3f, 0xf9, 0xef, 0xe0, 0x00, 0x00,
    0x00, 0xff, 0xc0, 0x00, 0x00, 0x03, 0xff, 0x9e,
    0xfe, 0x00, 0x00, 0x00, 0x0f, 0xfc, 0x00, 0x00,
    0x00, 0x3f, 0xf9, 0xef, 0xe0, 0x00, 0x00, 0x00,
    0xff, 0xc0, 0x00, 0x00, 0x03, 0xff, 0x9e, 0xfe,
    0x00, 0x00, 0x00, 0x0f, 0xfc, 0x00, 0x00, 0x00,
    0x3f, 0xf9, 0xef, 0xe0, 0x00, 0x00, 0x00, 0xff,
    0xc0, 0x00, 0x00, 0x03, 0xff, 0x9e, 0xfe, 0x00,
    0x00, 0x00, 0x0f, 0xfc, 0x00, 0x00, 0x00, 0x3f,
    0xf9, 0xef, 0xe0, 0x00, 0x00, 0x00, 0xff, 0xc0,
    0x00, 0x00, 0x03, 0xff, 0x9e, 0xfe, 0x00, 0x00,
    0x00, 0x0f, 0xfc, 0x00, 0x00, 0x00, 0x3f, 0xf9,
    0xef, 0xe0, 0x00, 0x00, 0x00, 0xff, 0xc0, 0x00,
    0x00, 0x03, 0xff, 0x90,

    /* U+006E "n" */
    0xef, 0xa0, 0x18, 0xdf, 0xfc, 0x71, 0x00, 0xef,
    0xa4, 0xef, 0xff, 0xff, 0xfe, 0x20, 0xef, 0xcf,
    0xfc, 0x87, 0xaf, 0xff, 0xd0, 0xef, 0xff, 0x60,
    0x00, 0x02, 0xff, 0xf4, 0xef, 0xf9, 0x00, 0x00,
    0x00, 0x8f, 0xf7, 0xef, 0xf3, 0x00, 0x00, 0x00,
    0x4f, 0xf9, 0xef, 0xf0, 0x00, 0x00, 0x00, 0x3f,
    0xf9, 0xef, 0xf0, 0x00, 0x00, 0x00, 0x3f, 0xf9,
    0xef, 0xe0, 0x00, 0x00, 0x00, 0x3f, 0xf9, 0xef,
    0xe0, 0x00, 0x00, 0x00, 0x3f, 0xf9, 0xef, 0xe0,
    0x00, 0x00, 0x00, 0x3f, 0xf9, 0xef, 0xe0, 0x00,
    0x00, 0x00, 0x3f, 0xf9, 0xef, 0xe0, 0x00, 0x00,
    0x00, 0x3f, 0xf9, 0xef, 0xe0, 0x00, 0x00, 0x00,
    0x3f, 0xf9, 0xef, 0xe0, 0x00, 0x00, 0x00, 0x3f,
    0xf9, 0xef, 0xe0, 0x00, 0x00, 0x00, 0x3f, 0xf9,
    0xef, 0xe0, 0x00, 0x00, 0x00, 0x3f, 0xf9,

    /* U+006F "o" */
    0x00, 0x00, 0x5a, 0xef, 0xfd, 0x92, 0x00, 0x00,
    0x00, 0x2c, 0xff, 0xff, 0xff, 0xff, 0x80, 0x00,
    0x01, 0xef, 0xfe, 0x85, 0x6a, 0xff, 0xfa, 0x00,
    0x0b, 0xff, 0xb0, 0x00, 0x00, 0x3e, 0xff, 0x60,
    0x3f, 0xfd, 0x00, 0x00, 0x00, 0x04, 0xff, 0xe0,
    0x8f, 0xf6, 0x00, 0x00, 0x00, 0x00, 0xcf, 0xf3,
    0xcf, 0xf2, 0x00, 0x00, 0x00, 0x00, 0x7f, 0xf7,
    0xdf, 0xf0, 0x00, 0x00, 0x00, 0x00, 0x5f, 0xf8,
    0xef, 0xf0, 0x00, 0x00, 0x00, 0x00, 0x4f, 0xf9,
    0xdf, 0xf0, 0x00, 0x00, 0x00, 0x00, 0x5f, 0xf8,
    0xcf, 0xf2, 0x00, 0x00, 0x00, 0x00, 0x7f, 0xf7,
    0x8f, 0xf6, 0x00, 0x00, 0x00, 0x00, 0xcf, 0xf4,
    0x3f, 0xfd, 0x00, 0x00, 0x00, 0x03, 0xff, 0xe0,
    0x0c, 0xff, 0xb0, 0x00, 0x00, 0x2e, 0xff, 0x60,
    0x01, 0xef, 0xfe, 0x85, 0x69, 0xff, 0xfa, 0x00,
    0x00, 0x2c, 0xff, 0xff, 0xff, 0xff, 0x80, 0x00,
    0x00, 0x00, 0x5a, 0xef, 0xec, 0x82, 0x00, 0x00,

    /* U+0070 "p" */
    0xef, 0xa0, 0x3a, 0xef, 0xeb, 0x50, 0x00, 0x0e,
    0xfa, 0x6f, 0xff, 0xff, 0xff, 0xa0, 0x00, 0xef,
    0xef, 0xfa, 0x43, 0x7e, 0xff, 0xb0, 0x0e, 0xff,
    0xf6, 0x00, 0x00, 0x1d, 0xff, 0x50, 0xef, 0xf9,
    0x00, 0x00, 0x00, 0x3f, 0xfc, 0x0e, 0xff, 0x20,
    0x00, 0x00, 0x00, 0xcf, 0xf1, 0xef, 0xd0, 0x00,
    0x00, 0x00, 0x08, 0xff, 0x5e, 0xfb, 0x00, 0x00,
    0x00, 0x00, 0x6f, 0xf6, 0xef, 0xa0, 0x00, 0x00,
    0x00, 0x06, 0xff, 0x7e, 0xfb, 0x00, 0x00, 0x00,
    0x00, 0x6f, 0xf6, 0xef, 0xd0, 0x00, 0x00, 0x00,
    0x09, 0xff, 0x4e, 0xff, 0x10, 0x00, 0x00, 0x00,
    0xdf, 0xf1, 0xef, 0xf7, 0x00, 0x00, 0x00, 0x4f,
    0xfb, 0x0e, 0xff, 0xf4, 0x00, 0x00, 0x2e, 0xff,
    0x30, 0xef, 0xff, 0xfa, 0x65, 0x9f, 0xff, 0x80,
    0x0e, 0xfe, 0x7f, 0xff, 0xff, 0xff, 0x70, 0x00,
    0xef, 0xe0, 0x3a, 0xef, 0xd9, 0x20, 0x00, 0x0e,
    0xfe, 0x00, 0x00, 0x00, 0x00, 0x00, 0x00, 0xef,
    0xe0, 0x00, 0x00, 0x00, 0x00, 0x00, 0x0e, 0xfe,
    0x00, 0x00, 0x00, 0x00, 0x00, 0x00, 0xef, 0xe0,
    0x00, 0x00, 0x00, 0x00, 0x00, 0x0e, 0xfe, 0x00,
    0x00, 0x00, 0x00, 0x00, 0x00, 0xef, 0xe0, 0x00,
    0x00, 0x00, 0x00, 0x00, 0x00,

    /* U+0071 "q" */
    0x00, 0x00, 0x6c, 0xef, 0xd7, 0x00, 0xff, 0x80,
    0x03, 0xef, 0xff, 0xff, 0xfd, 0x2f, 0xf8, 0x02,
    0xff, 0xfb, 0x54, 0x6d, 0xfd, 0xff, 0x80, 0xbf,
    0xf8, 0x00, 0x00, 0x0b, 0xff, 0xf8, 0x3f, 0xfc,
    0x00, 0x00, 0x00, 0x1e, 0xff, 0x87, 0xff, 0x60,
    0x00, 0x00, 0x00, 0x8f, 0xf8, 0xbf, 0xf2, 0x00,
    0x00, 0x00, 0x04, 0xff, 0x8c, 0xff, 0x10, 0x00,
    0x00, 0x00, 0x1f, 0xf8, 0xdf, 0xf0, 0x00, 0x00,
    0x00, 0x00, 0xff, 0x8c, 0xff, 0x10, 0x00, 0x00,
    0x00, 0x1f, 0xf8, 0xaf, 0xf3, 0x00, 0x00, 0x00,
    0x03, 0xff, 0x87, 0xff, 0x70, 0x00, 0x00, 0x00,
    0x6f, 0xf8, 0x1f, 0xfe, 0x00, 0x00, 0x00, 0x0d,
    0xff, 0x80, 0x9f, 0xfb, 0x00, 0x00, 0x0a, 0xff,
    0xf8, 0x00, 0xdf, 0xfe, 0x75, 0x7d, 0xff, 0xff,
    0x80, 0x01, 0xcf, 0xff, 0xff, 0xfe, 0x7f, 0xf8,
    0x00, 0x00, 0x5b, 0xef, 0xd8, 0x15, 0xff, 0x80,
    0x00, 0x00, 0x00, 0x00, 0x00, 0x5f, 0xf8, 0x00,
    0x00, 0x00, 0x00, 0x00, 0x05, 0xff, 0x80, 0x00,
    0x00, 0x00, 0x00, 0x00, 0x5f, 0xf8, 0x00, 0x00,
    0x00, 0x00, 0x00, 0x05, 0xff, 0x80, 0x00, 0x00,
    0x00, 0x00, 0x00, 0x5f, 0xf8, 0x00, 0x00, 0x00,
    0x00, 0x00, 0x05, 0xff, 0x80,

    /* U+0072 "r" */
    0xef, 0x90, 0x7e, 0xfd, 0x90, 0xef, 0x97, 0xff,
    0xff, 0xc0, 0xef, 0xcf, 0xff, 0xff, 0x70, 0xef,
    0xff, 0x70, 0x03, 0x10, 0xef, 0xf9, 0x00, 0x00,
    0x00, 0xef, 0xf3, 0x00, 0x00, 0x00, 0xef, 0xf0,
    0x00, 0x00, 0x00, 0xef, 0xf0, 0x00, 0x00, 0x00,
    0xef, 0xe0, 0x00, 0x00, 0x00, 0xef, 0xe0, 0x00,
    0x00, 0x00, 0xef, 0xe0, 0x00, 0x00, 0x00, 0xef,
    0xe0, 0x00, 0x00, 0x00, 0xef, 0xe0, 0x00, 0x00,
    0x00, 0xef, 0xe0, 0x00, 0x00, 0x00, 0xef, 0xe0,
    0x00, 0x00, 0x00, 0xef, 0xe0, 0x00, 0x00, 0x00,
    0xef, 0xe0, 0x00, 0x00, 0x00,

    /* U+0073 "s" */
    0x00, 0x00, 0x7b, 0xef, 0xed, 0x92, 0x00, 0x00,
    0x02, 0xef, 0xff, 0xff, 0xff, 0xf8, 0x00, 0x00,
    0xdf, 0xfb, 0x65, 0x6a, 0xff, 0xf6, 0x00, 0x5f,
    0xf8, 0x00, 0x00, 0x04, 0xff, 0xd0, 0x08, 0xff,
    0x30, 0x00, 0x00, 0x0b, 0xca, 0x00, 0x6f, 0xfa,
    0x00, 0x00, 0x00, 0x00, 0x00, 0x01, 0xff, 0xfe,
    0x95, 0x10, 0x00, 0x00, 0x00, 0x05, 0xff, 0xff,
    0xff, 0xc8, 0x30, 0x00, 0x00, 0x02, 0xaf, 0xff,
    0xff, 0xff, 0xc2, 0x00, 0x00, 0x00, 0x04, 0x8c,
    0xff, 0xff, 0xe1, 0x00, 0x00, 0x00, 0x00, 0x01,
    0x6e, 0xff, 0x80, 0x57, 0x80, 0x00, 0x00, 0x00,
    0x4f, 0xfb, 0x0d, 0xff, 0x20, 0x00, 0x00, 0x03,
    0xff, 0xa0, 0x7f, 0xfc, 0x00, 0x00, 0x00, 0xbf,
    0xf6, 0x00, 0xef, 0xfe, 0x86, 0x57, 0xdf, 0xfd,
    0x00, 0x02, 0xdf, 0xff, 0xff, 0xff, 0xfc, 0x10,
    0x00, 0x00, 0x6b, 0xef, 0xfe, 0xa5, 0x00, 0x00,

    /* U+0074 "t" */
    0x00, 0x00, 0x44, 0x00, 0x00, 0x01, 0xaf, 0x60,
    0x00, 0x00, 0x6f, 0xf6, 0x00, 0x00, 0x06, 0xff,
    0x60, 0x00, 0x00, 0x6f, 0xf6, 0x00, 0x00, 0x06,
    0xff, 0x60, 0x00, 0x7f, 0xff, 0xff, 0xff, 0x47,
    0xff, 0xff, 0xff, 0xf4, 0x13, 0x7f, 0xf8, 0x33,
    0x00, 0x06, 0xff, 0x60, 0x00, 0x00, 0x6f, 0xf6,
    0x00, 0x00, 0x06, 0xff, 0x60, 0x00, 0x00, 0x6f,
    0xf6, 0x00, 0x00, 0x06, 0xff, 0x60, 0x00, 0x00,
    0x6f, 0xf6, 0x00, 0x00, 0x06, 0xff, 0x60, 0x00,
    0x00, 0x6f, 0xf6, 0x00, 0x00, 0x06, 0xff, 0x60,
    0x00, 0x00, 0x5f, 0xf6, 0x00, 0x00, 0x05, 0xff,
    0x90, 0x00, 0x00, 0x3f, 0xff, 0xba, 0x30, 0x00,
    0xdf, 0xff, 0xf7, 0x00, 0x01, 0xae, 0xfe, 0x70,

    /* U+0075 "u" */
    0xff, 0xd0, 0x00, 0x00, 0x00, 0x5f, 0xf8, 0xff,
    0xd0, 0x00, 0x00, 0x00, 0x5f, 0xf8, 0xff, 0xd0,
    0x00, 0x00, 0x00, 0x5f, 0xf8, 0xff, 0xd0, 0x00,
    0x00, 0x00, 0x5f, 0xf8, 0xff, 0xd0, 0x00, 0x00,
    0x00, 0x5f, 0xf8, 0xff, 0xd0, 0x00, 0x00, 0x00,
    0x5f, 0xf8, 0xff, 0xd0, 0x00, 0x00, 0x00, 0x5f,
    0xf8, 0xff, 0xd0, 0x00, 0x00, 0x00, 0x5f, 0xf8,
    0xff, 0xd0, 0x00, 0x00, 0x00, 0x5f, 0xf8, 0xff,
    0xd0, 0x00, 0x00, 0x00, 0x5f, 0xf8, 0xff, 0xe0,
    0x00, 0x00, 0x00, 0x6f, 0xf8, 0xef, 0xf0, 0x00,
    0x00, 0x00, 0x9f, 0xf8, 0xdf, 0xf2, 0x00, 0x00,
    0x01, 0xef, 0xf8, 0x9f, 0xfb, 0x00, 0x00, 0x1b,
    0xff, 0xf8, 0x3f, 0xff, 0xd8, 0x79, 0xff, 0xbf,
    0xf8, 0x07, 0xff, 0xff, 0xff, 0xfb, 0x1f, 0xf8,
    0x00, 0x29, 0xdf, 0xeb, 0x50, 0x0f, 0xf8,

    /* U+0076 "v" */
    0x6f, 0xf8, 0x00, 0x00, 0x00, 0x00, 0x7f, 0xf7,
    0x1f, 0xfe, 0x00, 0x00, 0x00, 0x00, 0xcf, 0xf1,
    0x0a, 0xff, 0x30, 0x00, 0x00, 0x02, 0xff, 0xb0,
    0x04, 0xff, 0x90, 0x00, 0x00, 0x08, 0xff, 0x50,
    0x00, 0xef, 0xe0, 0x00, 0x00, 0x0d, 0xfe, 0x00,
    0x00, 0x8f, 0xf4, 0x00, 0x00, 0x3f, 0xf9, 0x00,
    0x00, 0x2f, 0xfa, 0x00, 0x00, 0x9f, 0xf3, 0x00,
    0x00, 0x0c, 0xff, 0x00, 0x00, 0xef, 0xd0, 0x00,
    0x00, 0x07, 0xff, 0x50, 0x04, 0xff, 0x70, 0x00,
    0x00, 0x01, 0xff, 0xb0, 0x0a, 0xff, 0x10, 0x00,
    0x00, 0x00, 0xbf, 0xf0, 0x0f, 0xfb, 0x00, 0x00,
    0x00, 0x00, 0x5f, 0xf5, 0x5f, 0xf5, 0x00, 0x00,
    0x00, 0x00, 0x0e, 0xfa, 0xaf, 0xf0, 0x00, 0x00,
    0x00, 0x00, 0x09, 0xff, 0xff, 0xa0, 0x00, 0x00,
    0x00, 0x00, 0x03, 0xff, 0xff, 0x40, 0x00, 0x00,
    0x00, 0x00, 0x00, 0xdf, 0xfe, 0x00, 0x00, 0x00,
    0x00, 0x00, 0x00, 0x7f, 0xf8, 0x00, 0x00, 0x00,

    /* U+0077 "w" */
    0xcf, 0xf2, 0x00, 0x00, 0x00, 0xff, 0xf2, 0x00,
    0x00, 0x00, 0xff, 0xb7, 0xff, 0x60, 0x00, 0x00,
    0x4f, 0xff, 0x60, 0x00, 0x00, 0x5f, 0xf6, 0x2f,
    0xfa, 0x00, 0x00, 0x08, 0xff, 0xfa, 0x00, 0x00,
    0x09, 0xff, 0x10, 0xdf, 0xe0, 0x00, 0x00, 0xcf,
    0xff, 0xe0, 0x00, 0x00, 0xef, 0xc0, 0x09, 0xff,
    0x30, 0x00, 0x1f, 0xfb, 0xff, 0x20, 0x00, 0x2f,
    0xf7, 0x00, 0x4f, 0xf7, 0x00, 0x05, 0xff, 0x4f,
    0xf6, 0x00, 0x07, 0xff, 0x20, 0x00, 0xff, 0xb0,
    0x00, 0x9f, 0xc0, 0xff, 0xa0, 0x00, 0xcf, 0xd0,
    0x00, 0x0a, 0xff, 0x00, 0x0d, 0xf8, 0x0b, 0xfe,
    0x00, 0x1f, 0xf9, 0x00, 0x00, 0x5f, 0xf4, 0x02,
    0xff, 0x40, 0x7f, 0xf2, 0x05, 0xff, 0x40, 0x00,
    0x01, 0xff, 0x80, 0x6f, 0xf0, 0x03, 0xff, 0x60,
    0xaf, 0xf0, 0x00, 0x00, 0x0c, 0xfd, 0x0a, 0xfc,
    0x00, 0x0e, 0xfa, 0x0e, 0xfa, 0x00, 0x00, 0x00,
    0x7f, 0xf1, 0xef, 0x80, 0x00, 0xaf, 0xe3, 0xff,
    0x50, 0x00, 0x00, 0x02, 0xff, 0x8f, 0xf4, 0x00,
    0x06, 0xff, 0xaf, 0xf1, 0x00, 0x00, 0x00, 0x0d,
    0xff, 0xff, 0x00, 0x00, 0x2f, 0xff, 0xfb, 0x00,
    0x00, 0x00, 0x00, 0x9f, 0xff, 0xc0, 0x00, 0x00,
    0xef, 0xff, 0x60, 0x00, 0x00, 0x00, 0x04, 0xff,
    0xf7, 0x00, 0x00, 0x0a, 0xff, 0xf2, 0x00, 0x00,
    0x00, 0x00, 0x0f, 0xff, 0x30, 0x00, 0x00, 0x6f,
    0xfd, 0x00, 0x00, 0x00,

    /* U+0078 "x" */
    0x1e, 0xff, 0x80, 0x00, 0x00, 0x06, 0xff, 0xe1,
    0x04, 0xff, 0xf2, 0x00, 0x00, 0x2f, 0xff, 0x40,
    0x00, 0x9f, 0xfc, 0x00, 0x00, 0xcf, 0xf8, 0x00,
    0x00, 0x0d, 0xff, 0x70, 0x07, 0xff, 0xc0, 0x00,
    0x00, 0x03, 0xff, 0xf1, 0x2f, 0xff, 0x20, 0x00,
    0x00, 0x00, 0x8f, 0xfb, 0xcf, 0xf6, 0x00, 0x00,
    0x00, 0x00, 0x0d, 0xff, 0xff, 0xa0, 0x00, 0x00,
    0x00, 0x00, 0x02, 0xff, 0xfe, 0x10, 0x00, 0x00,
    0x00, 0x00, 0x00, 0xef, 0xfe, 0x00, 0x00, 0x00,
    0x00, 0x00, 0x0a, 0xff, 0xff, 0x90, 0x00, 0x00,
    0x00, 0x00, 0x4f, 0xfd, 0xdf, 0xf4, 0x00, 0x00,
    0x00, 0x01, 0xef, 0xf3, 0x3f, 0xfe, 0x10, 0x00,
    0x00, 0x0a, 0xff, 0x90, 0x09, 0xff, 0xa0, 0x00,
    0x00, 0x5f, 0xfd, 0x00, 0x00, 0xef, 0xf5, 0x00,
    0x01, 0xff, 0xf4, 0x00, 0x00, 0x4f, 0xff, 0x10,
    0x0b, 0xff, 0x90, 0x00, 0x00, 0x0a, 0xff, 0xb0,
    0x6f, 0xfe, 0x10, 0x00, 0x00, 0x01, 0xef, 0xf6,

    /* U+0079 "y" */
    0x4f, 0xfb, 0x00, 0x00, 0x00, 0x00, 0x4f, 0xf8,
    0x0e, 0xff, 0x10, 0x00, 0x00, 0x00, 0xaf, 0xf2,
    0x08, 0xff, 0x70, 0x00, 0x00, 0x00, 0xff, 0xc0,
    0x02, 0xff, 0xd0, 0x00, 0x00, 0x06, 0xff, 0x60,
    0x00, 0xcf, 0xf3, 0x00, 0x00, 0x0c, 0xff, 0x00,
    0x00, 0x5f, 0xf8, 0x00, 0x00, 0x2f, 0xfa, 0x00,
    0x00, 0x0f, 0xfe, 0x00, 0x00, 0x8f, 0xf4, 0x00,
    0x00, 0x09, 0xff, 0x40, 0x00, 0xef, 0xd0, 0x00,
    0x00, 0x03, 0xff, 0xa0, 0x04, 0xff, 0x70, 0x00,
    0x00, 0x00, 0xdf, 0xf0, 0x0a, 0xff, 0x10, 0x00,
    0x00, 0x00, 0x7f, 0xf5, 0x0e, 0xfb, 0x00, 0x00,
    0x00, 0x00, 0x1f, 0xfa, 0x4f, 0xf5, 0x00, 0x00,
    0x00, 0x00, 0x0a, 0xff, 0x9f, 0xf0, 0x00, 0x00,
    0x00, 0x00, 0x04, 0xff, 0xff, 0x90, 0x00, 0x00,
    0x00, 0x00, 0x00, 0xef, 0xff, 0x30, 0x00, 0x00,
    0x00, 0x00, 0x00, 0x8f, 0xfd, 0x00, 0x00, 0x00,
    0x00, 0x00, 0x00, 0x4f, 0xf7, 0x00, 0x00, 0x00,
    0x00, 0x00, 0x00, 0x9f, 0xf1, 0x00, 0x00, 0x00,
    0x00, 0x00, 0x01, 0xff, 0xa0, 0x00, 0x00, 0x00,
    0x00, 0x00, 0x0b, 0xff, 0x30, 0x00, 0x00, 0x00,
    0x04, 0xdc, 0xef, 0xfb, 0x00, 0x00, 0x00, 0x00,
    0x02, 0xff, 0xff, 0xe1, 0x00, 0x00, 0x00, 0x00,
    0x00, 0xcf, 0xea, 0x10, 0x00, 0x00, 0x00, 0x00,

    /* U+007A "z" */
    0x0c, 0xff, 0xff, 0xff, 0xff, 0xff, 0xff, 0xd0,
    0x0c, 0xff, 0xff, 0xff, 0xff, 0xff, 0xff, 0xc0,
    0x02, 0x33, 0x33, 0x33, 0x33, 0x5f, 0xff, 0x40,
    0x00, 0x00, 0x00, 0x00, 0x00, 0xdf, 0xf7, 0x00,
    0x00, 0x00, 0x00, 0x00, 0x0b, 0xff, 0xa0, 0x00,
    0x00, 0x00, 0x00, 0x00, 0x9f, 0xfc, 0x00, 0x00,
    0x00, 0x00, 0x00, 0x06, 0xff, 0xe1, 0x00, 0x00,
    0x00, 0x00, 0x00, 0x4f, 0xff, 0x30, 0x00, 0x00,
    0x00, 0x00, 0x02, 0xff, 0xf5, 0x00, 0x00, 0x00,
    0x00, 0x00, 0x1d, 0xff, 0x70, 0x00, 0x00, 0x00,
    0x00, 0x00, 0xcf, 0xfa, 0x00, 0x00, 0x00, 0x00,
    0x00, 0x0a, 0xff, 0xc0, 0x00, 0x00, 0x00, 0x00,
    0x00, 0x8f, 0xfe, 0x10, 0x00, 0x00, 0x00, 0x00,
    0x05, 0xff, 0xf3, 0x00, 0x00, 0x00, 0x00, 0x00,
    0x3f, 0xff, 0x95, 0x66, 0x66, 0x66, 0x66, 0x62,
    0x6f, 0xff, 0xff, 0xff, 0xff, 0xff, 0xff, 0xf5,
    0x6f, 0xff, 0xff, 0xff, 0xff, 0xff, 0xff, 0xf5,

    /* U+007B "{" */
    0x00, 0x00, 0x01, 0x9e, 0xfe, 0x00, 0x00, 0x0e,
    0xff, 0xff, 0x00, 0x00, 0x7f, 0xfd, 0x87, 0x00,
    0x00, 0xbf, 0xf1, 0x00, 0x00, 0x00, 0xdf, 0xc0,
    0x00, 0x00, 0x00, 0xdf, 0xc0, 0x00, 0x00, 0x00,
    0xdf, 0xc0, 0x00, 0x00, 0x00, 0xef, 0xb0, 0x00,
    0x00, 0x00, 0xef, 0xb0, 0x00, 0x00, 0x00, 0xff,
    0xa0, 0x00, 0x00, 0x03, 0xff, 0x70, 0x00, 0x00,
    0x0c, 0xff, 0x10, 0x00, 0x1a, 0xef, 0xf5, 0x00,
    0x00, 0x1f, 0xfd, 0x30, 0x00, 0x00, 0x1f, 0xff,
    0xa0, 0x00, 0x00, 0x01, 0x7f, 0xfa, 0x00, 0x00,
    0x00, 0x08, 0xff, 0x30, 0x00, 0x00, 0x02, 0xff,
    0x70, 0x00, 0x00, 0x00, 0xff, 0xa0, 0x00, 0x00,
    0x00, 0xef, 0xb0, 0x00, 0x00, 0x00, 0xef, 0xc0,
    0x00, 0x00, 0x00, 0xef, 0xc0, 0x00, 0x00, 0x00,
    0xdf, 0xc0, 0x00, 0x00, 0x00, 0xdf, 0xc0, 0x00,
    0x00, 0x00, 0xcf, 0xd0, 0x00, 0x00, 0x00, 0xaf,
    0xf1, 0x00, 0x00, 0x00, 0x5f, 0xfd, 0x86, 0x00,
    0x00, 0x0c, 0xff, 0xff, 0x00, 0x00, 0x00, 0x9e,
    0xff,

    /* U+007C "|" */
    0x1f, 0xf6, 0x1f, 0xf6, 0x1f, 0xf6, 0x1f, 0xf6,
    0x1f, 0xf6, 0x1f, 0xf6, 0x1f, 0xf6, 0x1f, 0xf6,
    0x1f, 0xf6, 0x1f, 0xf6, 0x1f, 0xf6, 0x1f, 0xf6,
    0x1f, 0xf6, 0x1f, 0xf6, 0x1f, 0xf6, 0x1f, 0xf6,
    0x1f, 0xf6, 0x1f, 0xf6, 0x1f, 0xf6, 0x1f, 0xf6,
    0x1f, 0xf6, 0x1f, 0xf6, 0x1f, 0xf6, 0x1f, 0xf6,
    0x1f, 0xf6, 0x1f, 0xf6, 0x1f, 0xf6, 0x1f, 0xf6,
    0x1f, 0xf6,

    /* U+007D "}" */
    0x4f, 0xfd, 0x70, 0x00, 0x00, 0x4f, 0xff, 0xf9,
    0x00, 0x00, 0x17, 0x9f, 0xff, 0x20, 0x00, 0x00,
    0x06, 0xff, 0x60, 0x00, 0x00, 0x02, 0xff, 0x70,
    0x00, 0x00, 0x01, 0xff, 0x80, 0x00, 0x00, 0x01,
    0xff, 0x80, 0x00, 0x00, 0x01, 0xff, 0x80, 0x00,
    0x00, 0x00, 0xff, 0x90, 0x00, 0x00, 0x00, 0xff,
    0xa0, 0x00, 0x00, 0x00, 0xcf, 0xe0, 0x00, 0x00,
    0x00, 0x6f, 0xf7, 0x00, 0x00, 0x00, 0x0a, 0xff,
    0xd7, 0x00, 0x00, 0x00, 0x6f, 0xfc, 0x00, 0x00,
    0x02, 0xdf, 0xfc, 0x00, 0x00, 0x1e, 0xfd, 0x40,
    0x00, 0x00, 0x8f, 0xf2, 0x00, 0x00, 0x00, 0xcf,
    0xc0, 0x00, 0x00, 0x00, 0xff, 0xa0, 0x00, 0x00,
    0x00, 0xff, 0x90, 0x00, 0x00, 0x01, 0xff, 0x80,
    0x00, 0x00, 0x01, 0xff, 0x80, 0x00, 0x00, 0x01,
    0xff, 0x80, 0x00, 0x00, 0x01, 0xff, 0x80, 0x00,
    0x00, 0x02, 0xff, 0x70, 0x00, 0x00, 0x06, 0xff,
    0x40, 0x00, 0x17, 0x9f, 0xff, 0x00, 0x00, 0x4f,
    0xff, 0xf7, 0x00, 0x00, 0x4f, 0xfd, 0x60, 0x00,
    0x00,

    /* U+007E "~" */
    0x00, 0x00, 0x00, 0x00, 0x00, 0x00, 0x00, 0x00,
    0x00, 0x29, 0xdf, 0xec, 0x71, 0x00, 0x00, 0x00,
    0x44, 0x4f, 0xff, 0xff, 0xff, 0xfb, 0x50, 0x02,
    0xaf, 0x5a, 0xff, 0xff, 0xff, 0xff, 0xff, 0xff,
    0xff, 0xf5, 0xaf, 0x71, 0x02, 0x6c, 0xff, 0xff,
    0xff, 0xfd, 0x27, 0x20, 0x00, 0x00, 0x03, 0x9d,
    0xff, 0xd7, 0x00, 0x00, 0x00, 0x00, 0x00, 0x00,
    0x00, 0x00, 0x00, 0x00
};

/*---------------------
 *  GLYPH DESCRIPTION
 *--------------------*/

static const lv_font_fmt_txt_glyph_dsc_t glyph_dsc[] = {
    {.bitmap_index = 0, .adv_w = 0, .box_w = 0, .box_h = 0, .ofs_x = 0, .ofs_y = 0} /* id = 0 reserved */,
    {.bitmap_index = 0, .adv_w = 142, .box_w = 0, .box_h = 0, .ofs_x = 0, .ofs_y = 0},
    {.bitmap_index = 0, .adv_w = 142, .box_w = 5, .box_h = 23, .ofs_x = 2, .ofs_y = 0},
    {.bitmap_index = 58, .adv_w = 182, .box_w = 9, .box_h = 9, .ofs_x = 1, .ofs_y = 14},
    {.bitmap_index = 99, .adv_w = 285, .box_w = 18, .box_h = 23, .ofs_x = 0, .ofs_y = 0},
    {.bitmap_index = 306, .adv_w = 285, .box_w = 16, .box_h = 29, .ofs_x = 1, .ofs_y = -3},
    {.bitmap_index = 538, .adv_w = 455, .box_w = 26, .box_h = 23, .ofs_x = 1, .ofs_y = 0},
    {.bitmap_index = 837, .adv_w = 342, .box_w = 20, .box_h = 24, .ofs_x = 1, .ofs_y = -1},
    {.bitmap_index = 1077, .adv_w = 98, .box_w = 4, .box_h = 9, .ofs_x = 1, .ofs_y = 14},
    {.bitmap_index = 1095, .adv_w = 171, .box_w = 9, .box_h = 29, .ofs_x = 1, .ofs_y = -6},
    {.bitmap_index = 1226, .adv_w = 171, .box_w = 9, .box_h = 29, .ofs_x = 1, .ofs_y = -6},
    {.bitmap_index = 1357, .adv_w = 199, .box_w = 11, .box_h = 10, .ofs_x = 1, .ofs_y = 13},
    {.bitmap_index = 1412, .adv_w = 299, .box_w = 16, .box_h = 16, .ofs_x = 1, .ofs_y = 4},
    {.bitmap_index = 1540, .adv_w = 142, .box_w = 5, .box_h = 9, .ofs_x = 2, .ofs_y = -5},
    {.bitmap_index = 1563, .adv_w = 171, .box_w = 9, .box_h = 3, .ofs_x = 1, .ofs_y = 7},
    {.bitmap_index = 1577, .adv_w = 142, .box_w = 5, .box_h = 4, .ofs_x = 2, .ofs_y = 0},
    {.bitmap_index = 1587, .adv_w = 142, .box_w = 9, .box_h = 23, .ofs_x = 0, .ofs_y = 0},
    {.bitmap_index = 1691, .adv_w = 285, .box_w = 16, .box_h = 23, .ofs_x = 1, .ofs_y = 0},
    {.bitmap_index = 1875, .adv_w = 285, .box_w = 9, .box_h = 23, .ofs_x = 3, .ofs_y = 0},
    {.bitmap_index = 1979, .adv_w = 285, .box_w = 17, .box_h = 23, .ofs_x = 0, .ofs_y = 0},
    {.bitmap_index = 2175, .adv_w = 285, .box_w = 16, .box_h = 23, .ofs_x = 1, .ofs_y = 0},
    {.bitmap_index = 2359, .adv_w = 285, .box_w = 17, .box_h = 23, .ofs_x = 0, .ofs_y = 0},
    {.bitmap_index = 2555, .adv_w = 285, .box_w = 16, .box_h = 23, .ofs_x = 1, .ofs_y = 0},
    {.bitmap_index = 2739, .adv_w = 285, .box_w = 16, .box_h = 23, .ofs_x = 1, .ofs_y = 0},
    {.bitmap_index = 2923, .adv_w = 285, .box_w = 16, .box_h = 23, .ofs_x = 1, .ofs_y = 0},
    {.bitmap_index = 3107, .adv_w = 285, .box_w = 16, .box_h = 23, .ofs_x = 1, .ofs_y = 0},
    {.bitmap_index = 3291, .adv_w = 285, .box_w = 16, .box_h = 23, .ofs_x = 1, .ofs_y = 0},
    {.bitmap_index = 3475, .adv_w = 142, .box_w = 5, .box_h = 17, .ofs_x = 2, .ofs_y = 0},
    {.bitmap_index = 3518, .adv_w = 142, .box_w = 5, .box_h = 22, .ofs_x = 2, .ofs_y = -5},
    {.bitmap_index = 3573, .adv_w = 299, .box_w = 16, .box_h = 17, .ofs_x = 1, .ofs_y = 3},
    {.bitmap_index = 3709, .adv_w = 299, .box_w = 16, .box_h = 10, .ofs_x = 1, .ofs_y = 7},
    {.bitmap_index = 3789, .adv_w = 299, .box_w = 16, .box_h = 17, .ofs_x = 1, .ofs_y = 3},
    {.bitmap_index = 3925, .adv_w = 285, .box_w = 16, .box_h = 23, .ofs_x = 1, .ofs_y = 0},
    {.bitmap_index = 4109, .adv_w = 520, .box_w = 31, .box_h = 29, .ofs_x = 1, .ofs_y = -6},
    {.bitmap_index = 4559, .adv_w = 342, .box_w = 23, .box_h = 23, .ofs_x = -1, .ofs_y = 0},
    {.bitmap_index = 4824, .adv_w = 342, .box_w = 18, .box_h = 23, .ofs_x = 2, .ofs_y = 0},
    {.bitmap_index = 5031, .adv_w = 370, .box_w = 21, .box_h = 23, .ofs_x = 1, .ofs_y = 0},
    {.bitmap_index = 5273, .adv_w = 370, .box_w = 20, .box_h = 23, .ofs_x = 2, .ofs_y = 0},
    {.bitmap_index = 5503, .adv_w = 342, .box_w = 18, .box_h = 23, .ofs_x = 2, .ofs_y = 0},
    {.bitmap_index = 5710, .adv_w = 313, .box_w = 17, .box_h = 23, .ofs_x = 2, .ofs_y = 0},
    {.bitmap_index = 5906, .adv_w = 398, .box_w = 22, .box_h = 23, .ofs_x = 1, .ofs_y = 0},
    {.bitmap_index = 6159, .adv_w = 370, .box_w = 19, .box_h = 23, .ofs_x = 2, .ofs_y = 0},
    {.bitmap_index = 6378, .adv_w = 142, .box_w = 5, .box_h = 23, .ofs_x = 2, .ofs_y = 0},
    {.bitmap_index = 6436, .adv_w = 256, .box_w = 14, .box_h = 23, .ofs_x = 0, .ofs_y = 0},
    {.bitmap_index = 6597, .adv_w = 342, .box_w = 20, .box_h = 23, .ofs_x = 2, .ofs_y = 0},
    {.bitmap_index = 6827, .adv_w = 285, .box_w = 15, .box_h = 23, .ofs_x = 2, .ofs_y = 0},
    {.bitmap_index = 7000, .adv_w = 427, .box_w = 23, .box_h = 23, .ofs_x = 2, .ofs_y = 0},
    {.bitmap_index = 7265, .adv_w = 370, .box_w = 19, .box_h = 23, .ofs_x = 2, .ofs_y = 0},
    {.bitmap_index = 7484, .adv_w = 398, .box_w = 23, .box_h = 23, .ofs_x = 1, .ofs_y = 0},
    {.bitmap_index = 7749, .adv_w = 342, .box_w = 18, .box_h = 23, .ofs_x = 2, .ofs_y = 0},
    {.bitmap_index = 7956, .adv_w = 398, .box_w = 23, .box_h = 25, .ofs_x = 1, .ofs_y = -2},
    {.bitmap_index = 8244, .adv_w = 370, .box_w = 21, .box_h = 23, .ofs_x = 2, .ofs_y = 0},
    {.bitmap_index = 8486, .adv_w = 342, .box_w = 19, .box_h = 23, .ofs_x = 1, .ofs_y = 0},
    {.bitmap_index = 8705, .adv_w = 313, .box_w = 19, .box_h = 23, .ofs_x = 0, .ofs_y = 0},
    {.bitmap_index = 8924, .adv_w = 370, .box_w = 19, .box_h = 23, .ofs_x = 2, .ofs_y = 0},
    {.bitmap_index = 9143, .adv_w = 342, .box_w = 22, .box_h = 23, .ofs_x = 0, .ofs_y = 0},
    {.bitmap_index = 9396, .adv_w = 483, .box_w = 30, .box_h = 23, .ofs_x = 0, .ofs_y = 0},
    {.bitmap_index = 9741, .adv_w = 342, .box_w = 22, .box_h = 23, .ofs_x = 0, .ofs_y = 0},
    {.bitmap_index = 9994, .adv_w = 342, .box_w = 22, .box_h = 23, .ofs_x = 0, .ofs_y = 0},
    {.bitmap_index = 10247, .adv_w = 313, .box_w = 19, .box_h = 23, .ofs_x = 0, .ofs_y = 0},
    {.bitmap_index = 10466, .adv_w = 142, .box_w = 7, .box_h = 29, .ofs_x = 2, .ofs_y = -6},
    {.bitmap_index = 10568, .adv_w = 142, .box_w = 9, .box_h = 23, .ofs_x = 0, .ofs_y = 0},
    {.bitmap_index = 10672, .adv_w = 142, .box_w = 7, .box_h = 29, .ofs_x = 0, .ofs_y = -6},
    {.bitmap_index = 10774, .adv_w = 240, .box_w = 15, .box_h = 13, .ofs_x = 0, .ofs_y = 11},
    {.bitmap_index = 10872, .adv_w = 285, .box_w = 20, .box_h = 3, .ofs_x = -1, .ofs_y = -6},
    {.bitmap_index = 10902, .adv_w = 171, .box_w = 7, .box_h = 5, .ofs_x = 1, .ofs_y = 19},
    {.bitmap_index = 10920, .adv_w = 285, .box_w = 16, .box_h = 17, .ofs_x = 1, .ofs_y = 0},
    {.bitmap_index = 11056, .adv_w = 285, .box_w = 15, .box_h = 23, .ofs_x = 2, .ofs_y = 0},
    {.bitmap_index = 11229, .adv_w = 256, .box_w = 15, .box_h = 17, .ofs_x = 1, .ofs_y = 0},
    {.bitmap_index = 11357, .adv_w = 285, .box_w = 15, .box_h = 23, .ofs_x = 1, .ofs_y = 0},
    {.bitmap_index = 11530, .adv_w = 285, .box_w = 16, .box_h = 17, .ofs_x = 1, .ofs_y = 0},
    {.bitmap_index = 11666, .adv_w = 142, .box_w = 10, .box_h = 23, .ofs_x = 0, .ofs_y = 0},
    {.bitmap_index = 11781, .adv_w = 285, .box_w = 15, .box_h = 23, .ofs_x = 1, .ofs_y = -6},
    {.bitmap_index = 11954, .adv_w = 285, .box_w = 14, .box_h = 23, .ofs_x = 2, .ofs_y = 0},
    {.bitmap_index = 12115, .adv_w = 114, .box_w = 3, .box_h = 23, .ofs_x = 2, .ofs_y = 0},
    {.bitmap_index = 12150, .adv_w = 114, .box_w = 7, .box_h = 29, .ofs_x = -2, .ofs_y = -6},
    {.bitmap_index = 12252, .adv_w = 256, .box_w = 14, .box_h = 23, .ofs_x = 2, .ofs_y = 0},
    {.bitmap_index = 12413, .adv_w = 114, .box_w = 3, .box_h = 23, .ofs_x = 2, .ofs_y = 0},
    {.bitmap_index = 12448, .adv_w = 427, .box_w = 23, .box_h = 17, .ofs_x = 2, .ofs_y = 0},
    {.bitmap_index = 12644, .adv_w = 285, .box_w = 14, .box_h = 17, .ofs_x = 2, .ofs_y = 0},
    {.bitmap_index = 12763, .adv_w = 285, .box_w = 16, .box_h = 17, .ofs_x = 1, .ofs_y = 0},
    {.bitmap_index = 12899, .adv_w = 285, .box_w = 15, .box_h = 23, .ofs_x = 2, .ofs_y = -6},
    {.bitmap_index = 13072, .adv_w = 285, .box_w = 15, .box_h = 23, .ofs_x = 1, .ofs_y = -6},
    {.bitmap_index = 13245, .adv_w = 171, .box_w = 10, .box_h = 17, .ofs_x = 2, .ofs_y = 0},
    {.bitmap_index = 13330, .adv_w = 256, .box_w = 15, .box_h = 17, .ofs_x = 0, .ofs_y = 0},
    {.bitmap_index = 13458, .adv_w = 142, .box_w = 9, .box_h = 23, .ofs_x = 0, .ofs_y = 0},
    {.bitmap_index = 13562, .adv_w = 285, .box_w = 14, .box_h = 17, .ofs_x = 2, .ofs_y = 0},
    {.bitmap_index = 13681, .adv_w = 256, .box_w = 16, .box_h = 17, .ofs_x = 0, .ofs_y = 0},
    {.bitmap_index = 13817, .adv_w = 370, .box_w = 23, .box_h = 17, .ofs_x = 0, .ofs_y = 0},
    {.bitmap_index = 14013, .adv_w = 256, .box_w = 16, .box_h = 17, .ofs_x = 0, .ofs_y = 0},
    {.bitmap_index = 14149, .adv_w = 256, .box_w = 16, .box_h = 23, .ofs_x = 0, .ofs_y = -6},
    {.bitmap_index = 14333, .adv_w = 256, .box_w = 16, .box_h = 17, .ofs_x = 0, .ofs_y = 0},
    {.bitmap_index = 14469, .adv_w = 171, .box_w = 10, .box_h = 29, .ofs_x = 0, .ofs_y = -6},
    {.bitmap_index = 14614, .adv_w = 133, .box_w = 4, .box_h = 29, .ofs_x = 2, .ofs_y = -6},
    {.bitmap_index = 14672, .adv_w = 171, .box_w = 10, .box_h = 29, .ofs_x = 0, .ofs_y = -6},
    {.bitmap_index = 14817, .adv_w = 299, .box_w = 17, .box_h = 7, .ofs_x = 1, .ofs_y = 8}
};

/*---------------------
 *  CHARACTER MAPPING
 *--------------------*/



/*Collect the unicode lists and glyph_id offsets*/
static const lv_font_fmt_txt_cmap_t cmaps[] =
{
    {
        .range_start = 32, .range_length = 95, .glyph_id_start = 1,
        .unicode_list = NULL, .glyph_id_ofs_list = NULL, .list_length = 0, .type = LV_FONT_FMT_TXT_CMAP_FORMAT0_TINY
    }
};

/*-----------------
 *    KERNING
 *----------------*/

/*Pair left and right glyphs for kerning*/
static const uint8_t kern_pair_glyph_ids[] =
{
    1, 34,
    1, 53,
    1, 58,
    18, 18,
    34, 1,
    34, 53,
    34, 55,
    34, 56,
    34, 58,
    34, 87,
    34, 88,
    34, 90,
    39, 13,
    39, 15,
    39, 34,
    45, 1,
    45, 53,
    45, 55,
    45, 56,
    45, 58,
    45, 90,
    49, 1,
    49, 13,
    49, 15,
    49, 34,
    51, 53,
    51, 55,
    51, 56,
    51, 58,
    53, 1,
    53, 13,
    53, 14,
    53, 15,
    53, 27,
    53, 28,
    53, 34,
    53, 48,
    53, 66,
    53, 68,
    53, 70,
    53, 74,
    53, 80,
    53, 83,
    53, 84,
    53, 86,
    53, 88,
    53, 90,
    55, 13,
    55, 14,
    55, 15,
    55, 27,
    55, 28,
    55, 34,
    55, 66,
    55, 70,
    55, 74,
    55, 80,
    55, 83,
    55, 86,
    55, 90,
    56, 13,
    56, 14,
    56, 15,
    56, 27,
    56, 28,
    56, 34,
    56, 66,
    56, 70,
    56, 80,
    56, 83,
    56, 86,
    56, 90,
    58, 1,
    58, 13,
    58, 14,
    58, 15,
    58, 27,
    58, 28,
    58, 34,
    58, 66,
    58, 70,
    58, 74,
    58, 80,
    58, 81,
    58, 82,
    58, 86,
    58, 87,
    71, 71,
    83, 13,
    83, 15,
    87, 13,
    87, 15,
    88, 13,
    88, 15,
    90, 13,
    90, 15
};

/* Kerning between the respective left and right glyphs
 * 4.4 format which needs to scaled with `kern_scale`*/
static const int8_t kern_pair_values[] =
{
    -28, -9, -9, -38, -28, -38, -38, -19,
    -38, -9, -9, -9, -57, -57, -28, -19,
    -38, -38, -38, -38, -19, -9, -66, -66,
    -38, -9, -9, -9, -9, -9, -57, -28,
    -57, -57, -57, -38, -9, -57, -57, -57,
    -19, -57, -19, -57, -19, -28, -28, -47,
    -28, -47, -19, -19, -38, -38, -28, -9,
    -28, -19, -19, -19, -28, -9, -28, -9,
    -9, -19, -19, -9, -9, -9, -9, -4,
    -9, -66, -47, -66, -28, -33, -38, -38,
    -47, -19, -47, -38, -47, -28, -28, -9,
    -28, -28, -38, -38, -28, -28, -38, -38
};

/*Collect the kern pair's data in one place*/
static const lv_font_fmt_txt_kern_pair_t kern_pairs =
{
    .glyph_ids = kern_pair_glyph_ids,
    .values = kern_pair_values,
    .pair_cnt = 96,
    .glyph_ids_size = 0
};

/*--------------------
 *  ALL CUSTOM DATA
 *--------------------*/

#if LVGL_VERSION_MAJOR == 8
/*Store all the custom data of the font*/
static  lv_font_fmt_txt_glyph_cache_t cache;
#endif

#if LVGL_VERSION_MAJOR >= 8
static const lv_font_fmt_txt_dsc_t font_dsc = {
#else
static lv_font_fmt_txt_dsc_t font_dsc = {
#endif
    .glyph_bitmap = glyph_bitmap,
    .glyph_dsc = glyph_dsc,
    .cmaps = cmaps,
    .kern_dsc = &kern_pairs,
    .kern_scale = 16,
    .cmap_num = 1,
    .bpp = 4,
    .kern_classes = 0,
    .bitmap_format = 0,
#if LVGL_VERSION_MAJOR == 8
    .cache = &cache
#endif

};



/*-----------------
 *  PUBLIC FONT
 *----------------*/

/*Initialize a public general font descriptor*/
#if LVGL_VERSION_MAJOR >= 8
const lv_font_t font_32_data = {
#else
lv_font_t font_32_data = {
#endif
    .get_glyph_dsc = lv_font_get_glyph_dsc_fmt_txt,    /*Function pointer to get glyph's data*/
    .get_glyph_bitmap = lv_font_get_bitmap_fmt_txt,    /*Function pointer to get glyph's bitmap*/
    .line_height = 32,          /*The maximum line height required by the font*/
    .base_line = 6,             /*Baseline measured from the bottom of the line*/
#if !(LVGL_VERSION_MAJOR == 6 && LVGL_VERSION_MINOR == 0)
    .subpx = LV_FONT_SUBPX_NONE,
#endif
#if LV_VERSION_CHECK(7, 4, 0) || LVGL_VERSION_MAJOR >= 8
    .underline_position = -3,
    .underline_thickness = 2,
#endif

    .dsc = &font_dsc,          /*The custom font data. Will be accessed by `get_glyph_bitmap/dsc` */
#if LV_VERSION_CHECK(8, 2, 0) || LVGL_VERSION_MAJOR >= 9
    .fallback = NULL,
#endif
    .user_data = NULL,
};



#endif /*#if FONT_32_DATA*/
